QueryNumber,Tree,NodeName,Depth,SimilarityState,MatchNumber,ParentNode,NumberOfChildren
1,Original,Finalize Aggregate,0,0,4,,1
1,Original,Gather,1,16,0,Finalize Aggregate,1
1,Original,Partial Aggregate,2,16,0,Gather,1
1,Original,Nested Loop,3,16,0,Partial Aggregate,2
1,Original,Parallel Hash Join,4,16,0,Nested Loop,2
1,Original,Hash Join,5,16,0,Parallel Hash Join,2
1,Original,Parallel Seq Scan,6,16,0,Hash Join,0
1,Original,Hash,6,16,0,Hash Join,1
1,Original,Seq Scan,7,16,0,Hash,0
1,Original,Parallel Hash,5,16,0,Parallel Hash Join,1
1,Original,Hash Join,6,16,0,Parallel Hash,2
1,Original,Parallel Seq Scan,7,0,3,Hash Join,0
1,Original,Hash,7,1,5,Hash Join,1
1,Original,Seq Scan,8,0,2,Hash,0
1,Original,Index Scan,4,0,1,Nested Loop,0
1,Synthetic,Sort,0,0,4,,1
1,Synthetic,GroupAggregate,1,16,0,Sort,1
1,Synthetic,Sort,2,16,0,GroupAggregate,1
1,Synthetic,Gather,3,16,0,Sort,1
1,Synthetic,Nested Loop,4,16,0,Gather,2
1,Synthetic,Nested Loop,5,16,0,Nested Loop,2
1,Synthetic,Nested Loop,6,16,0,Nested Loop,2
1,Synthetic,Hash Join,7,16,0,Nested Loop,2
1,Synthetic,Parallel Seq Scan,8,0,3,Hash Join,0
1,Synthetic,Hash,8,1,5,Hash Join,1
1,Synthetic,Seq Scan,9,0,2,Hash,0
1,Synthetic,Index Scan,7,16,0,Nested Loop,0
1,Synthetic,Index Scan,6,0,1,Nested Loop,0
1,Synthetic,Memoize,5,16,0,Nested Loop,1
1,Synthetic,Index Scan,6,16,0,Memoize,0
2,Original,Finalize Aggregate,0,0,9,,1
2,Original,Gather,1,16,0,Finalize Aggregate,1
2,Original,Partial Aggregate,2,16,0,Gather,1
2,Original,Nested Loop,3,16,0,Partial Aggregate,2
2,Original,Parallel Hash Join,4,16,0,Nested Loop,2
2,Original,Hash Join,5,16,0,Parallel Hash Join,2
2,Original,Parallel Seq Scan,6,16,0,Hash Join,0
2,Original,Hash,6,16,0,Hash Join,1
2,Original,Seq Scan,7,16,0,Hash,0
2,Original,Parallel Hash,5,16,0,Parallel Hash Join,1
2,Original,Hash Join,6,16,0,Parallel Hash,2
2,Original,Parallel Seq Scan,7,0,8,Hash Join,0
2,Original,Hash,7,1,10,Hash Join,1
2,Original,Seq Scan,8,0,7,Hash,0
2,Original,Index Scan,4,0,6,Nested Loop,0
2,Synthetic,Sort,0,0,9,,1
2,Synthetic,GroupAggregate,1,16,0,Sort,1
2,Synthetic,Sort,2,16,0,GroupAggregate,1
2,Synthetic,Gather,3,16,0,Sort,1
2,Synthetic,Nested Loop,4,16,0,Gather,2
2,Synthetic,Nested Loop,5,16,0,Nested Loop,2
2,Synthetic,Nested Loop,6,16,0,Nested Loop,2
2,Synthetic,Hash Join,7,16,0,Nested Loop,2
2,Synthetic,Parallel Seq Scan,8,0,8,Hash Join,0
2,Synthetic,Hash,8,1,10,Hash Join,1
2,Synthetic,Seq Scan,9,0,7,Hash,0
2,Synthetic,Index Scan,7,16,0,Nested Loop,0
2,Synthetic,Index Scan,6,0,6,Nested Loop,0
2,Synthetic,Memoize,5,16,0,Nested Loop,1
2,Synthetic,Index Scan,6,16,0,Memoize,0
3,Original,Aggregate,0,0,16,,1
3,Original,Nested Loop,1,16,0,Aggregate,2
3,Original,Gather,2,16,0,Nested Loop,1
3,Original,Parallel Hash Join,3,16,0,Gather,2
3,Original,Hash Join,4,16,0,Parallel Hash Join,2
3,Original,Parallel Seq Scan,5,0,14,Hash Join,0
3,Original,Hash,5,16,0,Hash Join,1
3,Original,Seq Scan,6,0,12,Hash,0
3,Original,Parallel Hash,4,16,0,Parallel Hash Join,1
3,Original,Hash Join,5,16,0,Parallel Hash,2
3,Original,Parallel Seq Scan,6,0,13,Hash Join,0
3,Original,Hash,6,1,17,Hash Join,1
3,Original,Seq Scan,7,0,11,Hash,0
3,Original,Index Scan,2,0,15,Nested Loop,0
3,Synthetic,Sort,0,0,16,,1
3,Synthetic,GroupAggregate,1,16,0,Sort,1
3,Synthetic,Sort,2,16,0,GroupAggregate,1
3,Synthetic,Gather,3,16,0,Sort,1
3,Synthetic,Parallel Hash Join,4,16,0,Gather,2
3,Synthetic,Parallel Seq Scan,5,16,0,Parallel Hash Join,0
3,Synthetic,Parallel Hash,5,16,0,Parallel Hash Join,1
3,Synthetic,Nested Loop,6,16,0,Parallel Hash,2
3,Synthetic,Nested Loop,7,16,0,Nested Loop,2
3,Synthetic,Merge Join,8,16,0,Nested Loop,2
3,Synthetic,Sort,9,16,0,Merge Join,1
3,Synthetic,Parallel Hash Join,10,16,0,Sort,2
3,Synthetic,Hash Join,11,16,0,Parallel Hash Join,2
3,Synthetic,Parallel Seq Scan,12,0,14,Hash Join,0
3,Synthetic,Hash,12,16,0,Hash Join,1
3,Synthetic,Seq Scan,13,16,0,Hash,0
3,Synthetic,Parallel Hash,11,16,0,Parallel Hash Join,1
3,Synthetic,Hash Join,12,16,0,Parallel Hash,2
3,Synthetic,Parallel Seq Scan,13,0,13,Hash Join,0
3,Synthetic,Hash,13,16,0,Hash Join,1
3,Synthetic,Seq Scan,14,16,0,Hash,0
3,Synthetic,Sort,9,16,0,Merge Join,1
3,Synthetic,Hash Join,10,16,0,Sort,2
3,Synthetic,Seq Scan,11,0,12,Hash Join,0
3,Synthetic,Hash,11,1,17,Hash Join,1
3,Synthetic,Seq Scan,12,0,11,Hash,0
3,Synthetic,Index Scan,8,0,15,Nested Loop,0
3,Synthetic,Index Only Scan,7,16,0,Nested Loop,0
4,Original,Finalize Aggregate,0,0,23,,1
4,Original,Gather,1,16,0,Finalize Aggregate,1
4,Original,Partial Aggregate,2,16,0,Gather,1
4,Original,Nested Loop,3,16,0,Partial Aggregate,2
4,Original,Parallel Hash Join,4,16,0,Nested Loop,2
4,Original,Hash Join,5,16,0,Parallel Hash Join,2
4,Original,Parallel Seq Scan,6,0,21,Hash Join,0
4,Original,Hash,6,16,0,Hash Join,1
4,Original,Seq Scan,7,0,19,Hash,0
4,Original,Parallel Hash,5,16,0,Parallel Hash Join,1
4,Original,Hash Join,6,16,0,Parallel Hash,2
4,Original,Parallel Seq Scan,7,0,20,Hash Join,0
4,Original,Hash,7,1,24,Hash Join,1
4,Original,Seq Scan,8,0,18,Hash,0
4,Original,Index Scan,4,0,22,Nested Loop,0
4,Synthetic,Sort,0,0,23,,1
4,Synthetic,GroupAggregate,1,16,0,Sort,1
4,Synthetic,Sort,2,16,0,GroupAggregate,1
4,Synthetic,Gather,3,16,0,Sort,1
4,Synthetic,Parallel Hash Join,4,16,0,Gather,2
4,Synthetic,Parallel Seq Scan,5,16,0,Parallel Hash Join,0
4,Synthetic,Parallel Hash,5,16,0,Parallel Hash Join,1
4,Synthetic,Nested Loop,6,16,0,Parallel Hash,2
4,Synthetic,Nested Loop,7,16,0,Nested Loop,2
4,Synthetic,Merge Join,8,16,0,Nested Loop,2
4,Synthetic,Sort,9,16,0,Merge Join,1
4,Synthetic,Parallel Hash Join,10,16,0,Sort,2
4,Synthetic,Hash Join,11,16,0,Parallel Hash Join,2
4,Synthetic,Parallel Seq Scan,12,0,21,Hash Join,0
4,Synthetic,Hash,12,16,0,Hash Join,1
4,Synthetic,Seq Scan,13,16,0,Hash,0
4,Synthetic,Parallel Hash,11,16,0,Parallel Hash Join,1
4,Synthetic,Hash Join,12,16,0,Parallel Hash,2
4,Synthetic,Parallel Seq Scan,13,0,20,Hash Join,0
4,Synthetic,Hash,13,16,0,Hash Join,1
4,Synthetic,Seq Scan,14,16,0,Hash,0
4,Synthetic,Sort,9,16,0,Merge Join,1
4,Synthetic,Hash Join,10,16,0,Sort,2
4,Synthetic,Seq Scan,11,0,19,Hash Join,0
4,Synthetic,Hash,11,1,24,Hash Join,1
4,Synthetic,Seq Scan,12,0,18,Hash,0
4,Synthetic,Index Scan,8,0,22,Nested Loop,0
4,Synthetic,Index Only Scan,7,16,0,Nested Loop,0
5,Original,Finalize Aggregate,0,0,29,,1
5,Original,Gather,1,16,0,Finalize Aggregate,1
5,Original,Partial Aggregate,2,16,0,Gather,1
5,Original,Nested Loop,3,16,0,Partial Aggregate,2
5,Original,Nested Loop,4,16,0,Nested Loop,2
5,Original,Parallel Hash Join,5,16,0,Nested Loop,2
5,Original,Parallel Seq Scan,6,0,27,Parallel Hash Join,0
5,Original,Parallel Hash,6,16,0,Parallel Hash Join,1
5,Original,Hash Join,7,16,0,Parallel Hash,2
5,Original,Parallel Seq Scan,8,0,26,Hash Join,0
5,Original,Hash,8,1,30,Hash Join,1
5,Original,Seq Scan,9,0,25,Hash,0
5,Original,Index Scan,5,16,0,Nested Loop,0
5,Original,Index Scan,4,0,28,Nested Loop,0
5,Synthetic,Sort,0,0,29,,1
5,Synthetic,GroupAggregate,1,16,0,Sort,1
5,Synthetic,Sort,2,16,0,GroupAggregate,1
5,Synthetic,Gather,3,16,0,Sort,1
5,Synthetic,Parallel Hash Join,4,16,0,Gather,2
5,Synthetic,Parallel Seq Scan,5,16,0,Parallel Hash Join,0
5,Synthetic,Parallel Hash,5,16,0,Parallel Hash Join,1
5,Synthetic,Nested Loop,6,16,0,Parallel Hash,2
5,Synthetic,Nested Loop,7,16,0,Nested Loop,2
5,Synthetic,Merge Join,8,16,0,Nested Loop,2
5,Synthetic,Sort,9,16,0,Merge Join,1
5,Synthetic,Parallel Hash Join,10,16,0,Sort,2
5,Synthetic,Hash Join,11,16,0,Parallel Hash Join,2
5,Synthetic,Parallel Seq Scan,12,0,27,Hash Join,0
5,Synthetic,Hash,12,16,0,Hash Join,1
5,Synthetic,Seq Scan,13,16,0,Hash,0
5,Synthetic,Parallel Hash,11,16,0,Parallel Hash Join,1
5,Synthetic,Hash Join,12,16,0,Parallel Hash,2
5,Synthetic,Parallel Seq Scan,13,0,26,Hash Join,0
5,Synthetic,Hash,13,16,0,Hash Join,1
5,Synthetic,Seq Scan,14,16,0,Hash,0
5,Synthetic,Sort,9,16,0,Merge Join,1
5,Synthetic,Hash Join,10,16,0,Sort,2
5,Synthetic,Seq Scan,11,16,0,Hash Join,0
5,Synthetic,Hash,11,1,30,Hash Join,1
5,Synthetic,Seq Scan,12,0,25,Hash,0
5,Synthetic,Index Scan,8,0,28,Nested Loop,0
5,Synthetic,Index Only Scan,7,16,0,Nested Loop,0
6,Original,Aggregate,0,0,35,,1
6,Original,Gather,1,16,0,Aggregate,1
6,Original,Nested Loop,2,16,0,Gather,2
6,Original,Nested Loop,3,16,0,Nested Loop,2
6,Original,Parallel Hash Join,4,16,0,Nested Loop,2
6,Original,Parallel Seq Scan,5,0,33,Parallel Hash Join,0
6,Original,Parallel Hash,5,16,0,Parallel Hash Join,1
6,Original,Hash Join,6,16,0,Parallel Hash,2
6,Original,Parallel Seq Scan,7,0,32,Hash Join,0
6,Original,Hash,7,1,36,Hash Join,1
6,Original,Seq Scan,8,0,31,Hash,0
6,Original,Index Scan,4,16,0,Nested Loop,0
6,Original,Index Scan,3,0,34,Nested Loop,0
6,Synthetic,Sort,0,0,35,,1
6,Synthetic,GroupAggregate,1,16,0,Sort,1
6,Synthetic,Sort,2,16,0,GroupAggregate,1
6,Synthetic,Gather,3,16,0,Sort,1
6,Synthetic,Parallel Hash Join,4,16,0,Gather,2
6,Synthetic,Parallel Seq Scan,5,16,0,Parallel Hash Join,0
6,Synthetic,Parallel Hash,5,16,0,Parallel Hash Join,1
6,Synthetic,Nested Loop,6,16,0,Parallel Hash,2
6,Synthetic,Nested Loop,7,16,0,Nested Loop,2
6,Synthetic,Merge Join,8,16,0,Nested Loop,2
6,Synthetic,Sort,9,16,0,Merge Join,1
6,Synthetic,Parallel Hash Join,10,16,0,Sort,2
6,Synthetic,Hash Join,11,16,0,Parallel Hash Join,2
6,Synthetic,Parallel Seq Scan,12,0,33,Hash Join,0
6,Synthetic,Hash,12,16,0,Hash Join,1
6,Synthetic,Seq Scan,13,16,0,Hash,0
6,Synthetic,Parallel Hash,11,16,0,Parallel Hash Join,1
6,Synthetic,Hash Join,12,16,0,Parallel Hash,2
6,Synthetic,Parallel Seq Scan,13,0,32,Hash Join,0
6,Synthetic,Hash,13,16,0,Hash Join,1
6,Synthetic,Seq Scan,14,16,0,Hash,0
6,Synthetic,Sort,9,16,0,Merge Join,1
6,Synthetic,Hash Join,10,16,0,Sort,2
6,Synthetic,Seq Scan,11,16,0,Hash Join,0
6,Synthetic,Hash,11,1,36,Hash Join,1
6,Synthetic,Seq Scan,12,0,31,Hash,0
6,Synthetic,Index Scan,8,0,34,Nested Loop,0
6,Synthetic,Index Only Scan,7,16,0,Nested Loop,0
7,Original,Aggregate,0,0,41,,1
7,Original,Nested Loop,1,16,0,Aggregate,2
7,Original,Gather,2,16,0,Nested Loop,1
7,Original,Nested Loop,3,16,0,Gather,2
7,Original,Parallel Hash Join,4,16,0,Nested Loop,2
7,Original,Parallel Seq Scan,5,0,39,Parallel Hash Join,0
7,Original,Parallel Hash,5,16,0,Parallel Hash Join,1
7,Original,Hash Join,6,16,0,Parallel Hash,2
7,Original,Parallel Seq Scan,7,0,38,Hash Join,0
7,Original,Hash,7,1,42,Hash Join,1
7,Original,Seq Scan,8,0,37,Hash,0
7,Original,Index Scan,4,16,0,Nested Loop,0
7,Original,Index Scan,2,0,40,Nested Loop,0
7,Synthetic,Sort,0,0,41,,1
7,Synthetic,GroupAggregate,1,16,0,Sort,1
7,Synthetic,Sort,2,16,0,GroupAggregate,1
7,Synthetic,Gather,3,16,0,Sort,1
7,Synthetic,Parallel Hash Join,4,16,0,Gather,2
7,Synthetic,Parallel Seq Scan,5,16,0,Parallel Hash Join,0
7,Synthetic,Parallel Hash,5,16,0,Parallel Hash Join,1
7,Synthetic,Nested Loop,6,16,0,Parallel Hash,2
7,Synthetic,Nested Loop,7,16,0,Nested Loop,2
7,Synthetic,Merge Join,8,16,0,Nested Loop,2
7,Synthetic,Sort,9,16,0,Merge Join,1
7,Synthetic,Parallel Hash Join,10,16,0,Sort,2
7,Synthetic,Hash Join,11,16,0,Parallel Hash Join,2
7,Synthetic,Parallel Seq Scan,12,0,39,Hash Join,0
7,Synthetic,Hash,12,16,0,Hash Join,1
7,Synthetic,Seq Scan,13,16,0,Hash,0
7,Synthetic,Parallel Hash,11,16,0,Parallel Hash Join,1
7,Synthetic,Hash Join,12,16,0,Parallel Hash,2
7,Synthetic,Parallel Seq Scan,13,0,38,Hash Join,0
7,Synthetic,Hash,13,16,0,Hash Join,1
7,Synthetic,Seq Scan,14,16,0,Hash,0
7,Synthetic,Sort,9,16,0,Merge Join,1
7,Synthetic,Hash Join,10,16,0,Sort,2
7,Synthetic,Seq Scan,11,16,0,Hash Join,0
7,Synthetic,Hash,11,1,42,Hash Join,1
7,Synthetic,Seq Scan,12,0,37,Hash,0
7,Synthetic,Index Scan,8,0,40,Nested Loop,0
7,Synthetic,Index Only Scan,7,16,0,Nested Loop,0
8,Original,Finalize Aggregate,0,0,47,,1
8,Original,Gather,1,16,0,Finalize Aggregate,1
8,Original,Partial Aggregate,2,16,0,Gather,1
8,Original,Nested Loop,3,16,0,Partial Aggregate,2
8,Original,Parallel Hash Join,4,16,0,Nested Loop,2
8,Original,Parallel Seq Scan,5,0,45,Parallel Hash Join,0
8,Original,Parallel Hash,5,16,0,Parallel Hash Join,1
8,Original,Nested Loop,6,16,0,Parallel Hash,2
8,Original,Hash Join,7,16,0,Nested Loop,2
8,Original,Parallel Seq Scan,8,0,44,Hash Join,0
8,Original,Hash,8,1,48,Hash Join,1
8,Original,Seq Scan,9,0,43,Hash,0
8,Original,Index Scan,7,16,0,Nested Loop,0
8,Original,Index Scan,4,0,46,Nested Loop,0
8,Synthetic,Sort,0,0,47,,1
8,Synthetic,GroupAggregate,1,16,0,Sort,1
8,Synthetic,Sort,2,16,0,GroupAggregate,1
8,Synthetic,Gather,3,16,0,Sort,1
8,Synthetic,Parallel Hash Join,4,16,0,Gather,2
8,Synthetic,Parallel Seq Scan,5,16,0,Parallel Hash Join,0
8,Synthetic,Parallel Hash,5,16,0,Parallel Hash Join,1
8,Synthetic,Nested Loop,6,16,0,Parallel Hash,2
8,Synthetic,Nested Loop,7,16,0,Nested Loop,2
8,Synthetic,Merge Join,8,16,0,Nested Loop,2
8,Synthetic,Sort,9,16,0,Merge Join,1
8,Synthetic,Parallel Hash Join,10,16,0,Sort,2
8,Synthetic,Hash Join,11,16,0,Parallel Hash Join,2
8,Synthetic,Parallel Seq Scan,12,0,45,Hash Join,0
8,Synthetic,Hash,12,16,0,Hash Join,1
8,Synthetic,Seq Scan,13,16,0,Hash,0
8,Synthetic,Parallel Hash,11,16,0,Parallel Hash Join,1
8,Synthetic,Hash Join,12,16,0,Parallel Hash,2
8,Synthetic,Parallel Seq Scan,13,0,44,Hash Join,0
8,Synthetic,Hash,13,16,0,Hash Join,1
8,Synthetic,Seq Scan,14,16,0,Hash,0
8,Synthetic,Sort,9,16,0,Merge Join,1
8,Synthetic,Hash Join,10,16,0,Sort,2
8,Synthetic,Seq Scan,11,16,0,Hash Join,0
8,Synthetic,Hash,11,1,48,Hash Join,1
8,Synthetic,Seq Scan,12,0,43,Hash,0
8,Synthetic,Index Scan,8,0,46,Nested Loop,0
8,Synthetic,Index Only Scan,7,16,0,Nested Loop,0
9,Original,Finalize Aggregate,0,0,53,,1
9,Original,Gather,1,16,0,Finalize Aggregate,1
9,Original,Partial Aggregate,2,16,0,Gather,1
9,Original,Nested Loop,3,16,0,Partial Aggregate,2
9,Original,Parallel Hash Join,4,16,0,Nested Loop,2
9,Original,Parallel Seq Scan,5,0,51,Parallel Hash Join,0
9,Original,Parallel Hash,5,16,0,Parallel Hash Join,1
9,Original,Hash Join,6,16,0,Parallel Hash,2
9,Original,Parallel Seq Scan,7,0,50,Hash Join,0
9,Original,Hash,7,1,54,Hash Join,1
9,Original,Seq Scan,8,0,49,Hash,0
9,Original,Index Scan,4,0,52,Nested Loop,0
9,Synthetic,Sort,0,0,53,,1
9,Synthetic,GroupAggregate,1,16,0,Sort,1
9,Synthetic,Sort,2,16,0,GroupAggregate,1
9,Synthetic,Gather,3,16,0,Sort,1
9,Synthetic,Parallel Hash Join,4,16,0,Gather,2
9,Synthetic,Parallel Seq Scan,5,16,0,Parallel Hash Join,0
9,Synthetic,Parallel Hash,5,16,0,Parallel Hash Join,1
9,Synthetic,Nested Loop,6,16,0,Parallel Hash,2
9,Synthetic,Nested Loop,7,16,0,Nested Loop,2
9,Synthetic,Merge Join,8,16,0,Nested Loop,2
9,Synthetic,Sort,9,16,0,Merge Join,1
9,Synthetic,Parallel Hash Join,10,16,0,Sort,2
9,Synthetic,Hash Join,11,16,0,Parallel Hash Join,2
9,Synthetic,Parallel Seq Scan,12,0,51,Hash Join,0
9,Synthetic,Hash,12,16,0,Hash Join,1
9,Synthetic,Seq Scan,13,16,0,Hash,0
9,Synthetic,Parallel Hash,11,16,0,Parallel Hash Join,1
9,Synthetic,Hash Join,12,16,0,Parallel Hash,2
9,Synthetic,Parallel Seq Scan,13,0,50,Hash Join,0
9,Synthetic,Hash,13,16,0,Hash Join,1
9,Synthetic,Seq Scan,14,16,0,Hash,0
9,Synthetic,Sort,9,16,0,Merge Join,1
9,Synthetic,Hash Join,10,16,0,Sort,2
9,Synthetic,Seq Scan,11,16,0,Hash Join,0
9,Synthetic,Hash,11,1,54,Hash Join,1
9,Synthetic,Seq Scan,12,0,49,Hash,0
9,Synthetic,Index Scan,8,0,52,Nested Loop,0
9,Synthetic,Index Only Scan,7,16,0,Nested Loop,0
10,Original,Finalize Aggregate,0,0,59,,1
10,Original,Gather,1,16,0,Finalize Aggregate,1
10,Original,Partial Aggregate,2,16,0,Gather,1
10,Original,Nested Loop,3,16,0,Partial Aggregate,2
10,Original,Parallel Hash Join,4,16,0,Nested Loop,2
10,Original,Parallel Seq Scan,5,0,57,Parallel Hash Join,0
10,Original,Parallel Hash,5,16,0,Parallel Hash Join,1
10,Original,Hash Join,6,16,0,Parallel Hash,2
10,Original,Parallel Seq Scan,7,0,56,Hash Join,0
10,Original,Hash,7,1,60,Hash Join,1
10,Original,Seq Scan,8,0,55,Hash,0
10,Original,Index Scan,4,0,58,Nested Loop,0
10,Synthetic,Sort,0,0,59,,1
10,Synthetic,GroupAggregate,1,16,0,Sort,1
10,Synthetic,Sort,2,16,0,GroupAggregate,1
10,Synthetic,Gather,3,16,0,Sort,1
10,Synthetic,Parallel Hash Join,4,16,0,Gather,2
10,Synthetic,Parallel Seq Scan,5,16,0,Parallel Hash Join,0
10,Synthetic,Parallel Hash,5,16,0,Parallel Hash Join,1
10,Synthetic,Nested Loop,6,16,0,Parallel Hash,2
10,Synthetic,Nested Loop,7,16,0,Nested Loop,2
10,Synthetic,Merge Join,8,16,0,Nested Loop,2
10,Synthetic,Sort,9,16,0,Merge Join,1
10,Synthetic,Parallel Hash Join,10,16,0,Sort,2
10,Synthetic,Hash Join,11,16,0,Parallel Hash Join,2
10,Synthetic,Parallel Seq Scan,12,0,57,Hash Join,0
10,Synthetic,Hash,12,16,0,Hash Join,1
10,Synthetic,Seq Scan,13,16,0,Hash,0
10,Synthetic,Parallel Hash,11,16,0,Parallel Hash Join,1
10,Synthetic,Hash Join,12,16,0,Parallel Hash,2
10,Synthetic,Parallel Seq Scan,13,0,56,Hash Join,0
10,Synthetic,Hash,13,16,0,Hash Join,1
10,Synthetic,Seq Scan,14,16,0,Hash,0
10,Synthetic,Sort,9,16,0,Merge Join,1
10,Synthetic,Hash Join,10,16,0,Sort,2
10,Synthetic,Seq Scan,11,16,0,Hash Join,0
10,Synthetic,Hash,11,1,60,Hash Join,1
10,Synthetic,Seq Scan,12,0,55,Hash,0
10,Synthetic,Index Scan,8,0,58,Nested Loop,0
10,Synthetic,Index Only Scan,7,16,0,Nested Loop,0
11,Original,Finalize Aggregate,0,0,65,,1
11,Original,Gather,1,16,0,Finalize Aggregate,1
11,Original,Partial Aggregate,2,16,0,Gather,1
11,Original,Parallel Hash Join,3,16,0,Partial Aggregate,2
11,Original,Parallel Seq Scan,4,0,63,Parallel Hash Join,0
11,Original,Parallel Hash,4,16,0,Parallel Hash Join,1
11,Original,Nested Loop,5,16,0,Parallel Hash,2
11,Original,Hash Join,6,16,0,Nested Loop,2
11,Original,Parallel Seq Scan,7,0,62,Hash Join,0
11,Original,Hash,7,1,66,Hash Join,1
11,Original,Seq Scan,8,0,61,Hash,0
11,Original,Index Scan,6,0,64,Nested Loop,0
11,Synthetic,Sort,0,0,65,,1
11,Synthetic,GroupAggregate,1,16,0,Sort,1
11,Synthetic,Sort,2,16,0,GroupAggregate,1
11,Synthetic,Gather,3,16,0,Sort,1
11,Synthetic,Parallel Hash Join,4,16,0,Gather,2
11,Synthetic,Parallel Seq Scan,5,16,0,Parallel Hash Join,0
11,Synthetic,Parallel Hash,5,16,0,Parallel Hash Join,1
11,Synthetic,Nested Loop,6,16,0,Parallel Hash,2
11,Synthetic,Nested Loop,7,16,0,Nested Loop,2
11,Synthetic,Merge Join,8,16,0,Nested Loop,2
11,Synthetic,Sort,9,16,0,Merge Join,1
11,Synthetic,Parallel Hash Join,10,16,0,Sort,2
11,Synthetic,Hash Join,11,16,0,Parallel Hash Join,2
11,Synthetic,Parallel Seq Scan,12,0,63,Hash Join,0
11,Synthetic,Hash,12,16,0,Hash Join,1
11,Synthetic,Seq Scan,13,16,0,Hash,0
11,Synthetic,Parallel Hash,11,16,0,Parallel Hash Join,1
11,Synthetic,Hash Join,12,16,0,Parallel Hash,2
11,Synthetic,Parallel Seq Scan,13,0,62,Hash Join,0
11,Synthetic,Hash,13,16,0,Hash Join,1
11,Synthetic,Seq Scan,14,16,0,Hash,0
11,Synthetic,Sort,9,16,0,Merge Join,1
11,Synthetic,Hash Join,10,16,0,Sort,2
11,Synthetic,Seq Scan,11,16,0,Hash Join,0
11,Synthetic,Hash,11,1,66,Hash Join,1
11,Synthetic,Seq Scan,12,0,61,Hash,0
11,Synthetic,Index Scan,8,0,64,Nested Loop,0
11,Synthetic,Index Only Scan,7,16,0,Nested Loop,0
12,Original,Aggregate,0,0,72,,1
12,Original,Gather,1,16,0,Aggregate,1
12,Original,Nested Loop,2,16,0,Gather,2
12,Original,Parallel Hash Join,3,16,0,Nested Loop,2
12,Original,Hash Join,4,16,0,Parallel Hash Join,2
12,Original,Parallel Seq Scan,5,0,70,Hash Join,0
12,Original,Hash,5,16,0,Hash Join,1
12,Original,Seq Scan,6,0,68,Hash,0
12,Original,Parallel Hash,4,16,0,Parallel Hash Join,1
12,Original,Hash Join,5,16,0,Parallel Hash,2
12,Original,Parallel Seq Scan,6,0,69,Hash Join,0
12,Original,Hash,6,1,73,Hash Join,1
12,Original,Seq Scan,7,0,67,Hash,0
12,Original,Index Scan,3,0,71,Nested Loop,0
12,Synthetic,Sort,0,0,72,,1
12,Synthetic,GroupAggregate,1,16,0,Sort,1
12,Synthetic,Sort,2,16,0,GroupAggregate,1
12,Synthetic,Gather,3,16,0,Sort,1
12,Synthetic,Parallel Hash Join,4,16,0,Gather,2
12,Synthetic,Parallel Seq Scan,5,16,0,Parallel Hash Join,0
12,Synthetic,Parallel Hash,5,16,0,Parallel Hash Join,1
12,Synthetic,Nested Loop,6,16,0,Parallel Hash,2
12,Synthetic,Nested Loop,7,16,0,Nested Loop,2
12,Synthetic,Merge Join,8,16,0,Nested Loop,2
12,Synthetic,Sort,9,16,0,Merge Join,1
12,Synthetic,Parallel Hash Join,10,16,0,Sort,2
12,Synthetic,Hash Join,11,16,0,Parallel Hash Join,2
12,Synthetic,Parallel Seq Scan,12,0,70,Hash Join,0
12,Synthetic,Hash,12,16,0,Hash Join,1
12,Synthetic,Seq Scan,13,16,0,Hash,0
12,Synthetic,Parallel Hash,11,16,0,Parallel Hash Join,1
12,Synthetic,Hash Join,12,16,0,Parallel Hash,2
12,Synthetic,Parallel Seq Scan,13,0,69,Hash Join,0
12,Synthetic,Hash,13,16,0,Hash Join,1
12,Synthetic,Seq Scan,14,16,0,Hash,0
12,Synthetic,Sort,9,16,0,Merge Join,1
12,Synthetic,Hash Join,10,16,0,Sort,2
12,Synthetic,Seq Scan,11,0,68,Hash Join,0
12,Synthetic,Hash,11,1,73,Hash Join,1
12,Synthetic,Seq Scan,12,0,67,Hash,0
12,Synthetic,Index Scan,8,0,71,Nested Loop,0
12,Synthetic,Index Only Scan,7,16,0,Nested Loop,0
13,Original,Aggregate,0,0,78,,1
13,Original,Nested Loop,1,16,0,Aggregate,2
13,Original,Gather,2,16,0,Nested Loop,1
13,Original,Nested Loop,3,16,0,Gather,2
13,Original,Parallel Hash Join,4,16,0,Nested Loop,2
13,Original,Parallel Seq Scan,5,0,76,Parallel Hash Join,0
13,Original,Parallel Hash,5,16,0,Parallel Hash Join,1
13,Original,Hash Join,6,16,0,Parallel Hash,2
13,Original,Parallel Seq Scan,7,0,75,Hash Join,0
13,Original,Hash,7,1,79,Hash Join,1
13,Original,Seq Scan,8,0,74,Hash,0
13,Original,Index Scan,4,16,0,Nested Loop,0
13,Original,Index Scan,2,0,77,Nested Loop,0
13,Synthetic,Sort,0,0,78,,1
13,Synthetic,GroupAggregate,1,16,0,Sort,1
13,Synthetic,Gather Merge,2,16,0,GroupAggregate,1
13,Synthetic,Sort,3,16,0,Gather Merge,1
13,Synthetic,Parallel Hash Join,4,16,0,Sort,2
13,Synthetic,Parallel Seq Scan,5,0,76,Parallel Hash Join,0
13,Synthetic,Parallel Hash,5,16,0,Parallel Hash Join,1
13,Synthetic,Hash Join,6,16,0,Parallel Hash,2
13,Synthetic,Nested Loop,7,16,0,Hash Join,2
13,Synthetic,Hash Join,8,16,0,Nested Loop,2
13,Synthetic,Parallel Seq Scan,9,0,75,Hash Join,0
13,Synthetic,Hash,9,16,0,Hash Join,1
13,Synthetic,Seq Scan,10,16,0,Hash,0
13,Synthetic,Index Scan,8,0,77,Nested Loop,0
13,Synthetic,Hash,7,1,79,Hash Join,1
13,Synthetic,Seq Scan,8,0,74,Hash,0
14,Original,Finalize Aggregate,0,0,85,,1
14,Original,Gather,1,16,0,Finalize Aggregate,1
14,Original,Partial Aggregate,2,16,0,Gather,1
14,Original,Nested Loop,3,16,0,Partial Aggregate,2
14,Original,Parallel Hash Join,4,16,0,Nested Loop,2
14,Original,Hash Join,5,16,0,Parallel Hash Join,2
14,Original,Parallel Seq Scan,6,0,83,Hash Join,0
14,Original,Hash,6,1,86,Hash Join,1
14,Original,Seq Scan,7,0,81,Hash,0
14,Original,Parallel Hash,5,16,0,Parallel Hash Join,1
14,Original,Hash Join,6,16,0,Parallel Hash,2
14,Original,Parallel Seq Scan,7,0,82,Hash Join,0
14,Original,Hash,7,1,87,Hash Join,1
14,Original,Seq Scan,8,0,80,Hash,0
14,Original,Index Scan,4,0,84,Nested Loop,0
14,Synthetic,Sort,0,0,85,,1
14,Synthetic,GroupAggregate,1,16,0,Sort,1
14,Synthetic,Gather Merge,2,16,0,GroupAggregate,1
14,Synthetic,Sort,3,16,0,Gather Merge,1
14,Synthetic,Parallel Hash Join,4,16,0,Sort,2
14,Synthetic,Parallel Seq Scan,5,0,83,Parallel Hash Join,0
14,Synthetic,Parallel Hash,5,16,0,Parallel Hash Join,1
14,Synthetic,Hash Join,6,16,0,Parallel Hash,2
14,Synthetic,Nested Loop,7,16,0,Hash Join,2
14,Synthetic,Hash Join,8,16,0,Nested Loop,2
14,Synthetic,Parallel Seq Scan,9,0,82,Hash Join,0
14,Synthetic,Hash,9,1,86,Hash Join,1
14,Synthetic,Seq Scan,10,0,81,Hash,0
14,Synthetic,Index Scan,8,0,84,Nested Loop,0
14,Synthetic,Hash,7,1,87,Hash Join,1
14,Synthetic,Seq Scan,8,0,80,Hash,0
15,Original,Aggregate,0,0,92,,1
15,Original,Gather,1,16,0,Aggregate,1
15,Original,Nested Loop,2,16,0,Gather,2
15,Original,Nested Loop,3,16,0,Nested Loop,2
15,Original,Parallel Hash Join,4,16,0,Nested Loop,2
15,Original,Parallel Seq Scan,5,0,90,Parallel Hash Join,0
15,Original,Parallel Hash,5,16,0,Parallel Hash Join,1
15,Original,Hash Join,6,16,0,Parallel Hash,2
15,Original,Parallel Seq Scan,7,0,89,Hash Join,0
15,Original,Hash,7,1,93,Hash Join,1
15,Original,Seq Scan,8,0,88,Hash,0
15,Original,Index Scan,4,0,91,Nested Loop,0
15,Original,Index Only Scan,3,16,0,Nested Loop,0
15,Synthetic,Sort,0,0,92,,1
15,Synthetic,GroupAggregate,1,16,0,Sort,1
15,Synthetic,Gather Merge,2,16,0,GroupAggregate,1
15,Synthetic,Sort,3,16,0,Gather Merge,1
15,Synthetic,Parallel Hash Join,4,16,0,Sort,2
15,Synthetic,Parallel Seq Scan,5,0,90,Parallel Hash Join,0
15,Synthetic,Parallel Hash,5,16,0,Parallel Hash Join,1
15,Synthetic,Hash Join,6,16,0,Parallel Hash,2
15,Synthetic,Nested Loop,7,16,0,Hash Join,2
15,Synthetic,Hash Join,8,16,0,Nested Loop,2
15,Synthetic,Parallel Seq Scan,9,0,89,Hash Join,0
15,Synthetic,Hash,9,16,0,Hash Join,1
15,Synthetic,Seq Scan,10,16,0,Hash,0
15,Synthetic,Index Scan,8,0,91,Nested Loop,0
15,Synthetic,Hash,7,1,93,Hash Join,1
15,Synthetic,Seq Scan,8,0,88,Hash,0
16,Original,Aggregate,0,0,97,,1
16,Original,Nested Loop,1,16,0,Aggregate,2
16,Original,Nested Loop,2,16,0,Nested Loop,2
16,Original,Gather,3,16,0,Nested Loop,1
16,Original,Parallel Hash Join,4,16,0,Gather,2
16,Original,Parallel Seq Scan,5,0,95,Parallel Hash Join,0
16,Original,Parallel Hash,5,16,0,Parallel Hash Join,1
16,Original,Nested Loop,6,16,0,Parallel Hash,2
16,Original,Parallel Seq Scan,7,0,94,Nested Loop,0
16,Original,Memoize,7,16,0,Nested Loop,1
16,Original,Index Scan,8,16,0,Memoize,0
16,Original,Index Only Scan,3,16,0,Nested Loop,0
16,Original,Index Scan,2,0,96,Nested Loop,0
16,Synthetic,Sort,0,0,97,,1
16,Synthetic,GroupAggregate,1,16,0,Sort,1
16,Synthetic,Gather Merge,2,16,0,GroupAggregate,1
16,Synthetic,Sort,3,16,0,Gather Merge,1
16,Synthetic,Parallel Hash Join,4,16,0,Sort,2
16,Synthetic,Parallel Seq Scan,5,0,95,Parallel Hash Join,0
16,Synthetic,Parallel Hash,5,16,0,Parallel Hash Join,1
16,Synthetic,Hash Join,6,16,0,Parallel Hash,2
16,Synthetic,Nested Loop,7,16,0,Hash Join,2
16,Synthetic,Hash Join,8,16,0,Nested Loop,2
16,Synthetic,Parallel Seq Scan,9,0,94,Hash Join,0
16,Synthetic,Hash,9,16,0,Hash Join,1
16,Synthetic,Seq Scan,10,16,0,Hash,0
16,Synthetic,Index Scan,8,0,96,Nested Loop,0
16,Synthetic,Hash,7,16,0,Hash Join,1
16,Synthetic,Seq Scan,8,16,0,Hash,0
17,Original,Finalize Aggregate,0,0,103,,1
17,Original,Gather,1,16,0,Finalize Aggregate,1
17,Original,Partial Aggregate,2,16,0,Gather,1
17,Original,Hash Join,3,16,0,Partial Aggregate,2
17,Original,Nested Loop,4,16,0,Hash Join,2
17,Original,Parallel Hash Join,5,16,0,Nested Loop,2
17,Original,Parallel Seq Scan,6,0,101,Parallel Hash Join,0
17,Original,Parallel Hash,6,16,0,Parallel Hash Join,1
17,Original,Hash Join,7,16,0,Parallel Hash,2
17,Original,Parallel Seq Scan,8,0,100,Hash Join,0
17,Original,Hash,8,1,104,Hash Join,1
17,Original,Seq Scan,9,0,99,Hash,0
17,Original,Index Scan,5,0,102,Nested Loop,0
17,Original,Hash,4,1,105,Hash Join,1
17,Original,Seq Scan,5,0,98,Hash,0
17,Synthetic,Sort,0,0,103,,1
17,Synthetic,GroupAggregate,1,16,0,Sort,1
17,Synthetic,Gather Merge,2,16,0,GroupAggregate,1
17,Synthetic,Sort,3,16,0,Gather Merge,1
17,Synthetic,Parallel Hash Join,4,16,0,Sort,2
17,Synthetic,Parallel Seq Scan,5,0,101,Parallel Hash Join,0
17,Synthetic,Parallel Hash,5,16,0,Parallel Hash Join,1
17,Synthetic,Hash Join,6,16,0,Parallel Hash,2
17,Synthetic,Nested Loop,7,16,0,Hash Join,2
17,Synthetic,Hash Join,8,16,0,Nested Loop,2
17,Synthetic,Parallel Seq Scan,9,0,100,Hash Join,0
17,Synthetic,Hash,9,1,104,Hash Join,1
17,Synthetic,Seq Scan,10,0,99,Hash,0
17,Synthetic,Index Scan,8,0,102,Nested Loop,0
17,Synthetic,Hash,7,1,105,Hash Join,1
17,Synthetic,Seq Scan,8,0,98,Hash,0
18,Original,Aggregate,0,0,110,,1
18,Original,Gather,1,16,0,Aggregate,1
18,Original,Nested Loop,2,16,0,Gather,2
18,Original,Parallel Hash Join,3,16,0,Nested Loop,2
18,Original,Parallel Seq Scan,4,0,107,Parallel Hash Join,0
18,Original,Parallel Hash,4,16,0,Parallel Hash Join,1
18,Original,Nested Loop,5,16,0,Parallel Hash,2
18,Original,Hash Join,6,16,0,Nested Loop,2
18,Original,Parallel Seq Scan,7,0,106,Hash Join,0
18,Original,Hash,7,1,111,Hash Join,1
18,Original,Seq Scan,8,0,109,Hash,0
18,Original,Index Scan,6,16,0,Nested Loop,0
18,Original,Index Scan,3,0,108,Nested Loop,0
18,Synthetic,Sort,0,0,110,,1
18,Synthetic,GroupAggregate,1,16,0,Sort,1
18,Synthetic,Gather Merge,2,16,0,GroupAggregate,1
18,Synthetic,Sort,3,16,0,Gather Merge,1
18,Synthetic,Nested Loop,4,16,0,Sort,2
18,Synthetic,Parallel Hash Join,5,16,0,Nested Loop,2
18,Synthetic,Parallel Hash Join,6,16,0,Parallel Hash Join,2
18,Synthetic,Parallel Seq Scan,7,0,107,Parallel Hash Join,0
18,Synthetic,Parallel Hash,7,16,0,Parallel Hash Join,1
18,Synthetic,Parallel Seq Scan,8,16,0,Parallel Hash,0
18,Synthetic,Parallel Hash,6,16,0,Parallel Hash Join,1
18,Synthetic,Hash Join,7,16,0,Parallel Hash,2
18,Synthetic,Parallel Seq Scan,8,0,106,Hash Join,0
18,Synthetic,Hash,8,1,111,Hash Join,1
18,Synthetic,Seq Scan,9,0,109,Hash,0
18,Synthetic,Index Scan,5,0,108,Nested Loop,0
19,Original,Aggregate,0,0,116,,1
19,Original,Nested Loop,1,16,0,Aggregate,2
19,Original,Gather,2,16,0,Nested Loop,1
19,Original,Parallel Hash Join,3,16,0,Gather,2
19,Original,Parallel Seq Scan,4,0,113,Parallel Hash Join,0
19,Original,Parallel Hash,4,16,0,Parallel Hash Join,1
19,Original,Nested Loop,5,16,0,Parallel Hash,2
19,Original,Hash Join,6,16,0,Nested Loop,2
19,Original,Parallel Seq Scan,7,0,112,Hash Join,0
19,Original,Hash,7,1,117,Hash Join,1
19,Original,Seq Scan,8,0,115,Hash,0
19,Original,Index Scan,6,16,0,Nested Loop,0
19,Original,Index Scan,2,0,114,Nested Loop,0
19,Synthetic,Sort,0,0,116,,1
19,Synthetic,GroupAggregate,1,16,0,Sort,1
19,Synthetic,Gather Merge,2,16,0,GroupAggregate,1
19,Synthetic,Sort,3,16,0,Gather Merge,1
19,Synthetic,Nested Loop,4,16,0,Sort,2
19,Synthetic,Parallel Hash Join,5,16,0,Nested Loop,2
19,Synthetic,Hash Join,6,16,0,Parallel Hash Join,2
19,Synthetic,Parallel Seq Scan,7,0,113,Hash Join,0
19,Synthetic,Hash,7,1,117,Hash Join,1
19,Synthetic,Seq Scan,8,0,115,Hash,0
19,Synthetic,Parallel Hash,6,16,0,Parallel Hash Join,1
19,Synthetic,Parallel Hash Join,7,16,0,Parallel Hash,2
19,Synthetic,Parallel Seq Scan,8,0,112,Parallel Hash Join,0
19,Synthetic,Parallel Hash,8,16,0,Parallel Hash Join,1
19,Synthetic,Parallel Seq Scan,9,16,0,Parallel Hash,0
19,Synthetic,Index Scan,5,0,114,Nested Loop,0
20,Original,Aggregate,0,0,122,,1
20,Original,Nested Loop,1,16,0,Aggregate,2
20,Original,Gather,2,16,0,Nested Loop,1
20,Original,Parallel Hash Join,3,16,0,Gather,2
20,Original,Parallel Seq Scan,4,0,119,Parallel Hash Join,0
20,Original,Parallel Hash,4,16,0,Parallel Hash Join,1
20,Original,Nested Loop,5,16,0,Parallel Hash,2
20,Original,Hash Join,6,16,0,Nested Loop,2
20,Original,Parallel Seq Scan,7,0,118,Hash Join,0
20,Original,Hash,7,1,123,Hash Join,1
20,Original,Seq Scan,8,0,121,Hash,0
20,Original,Index Scan,6,16,0,Nested Loop,0
20,Original,Index Scan,2,0,120,Nested Loop,0
20,Synthetic,Sort,0,0,122,,1
20,Synthetic,GroupAggregate,1,16,0,Sort,1
20,Synthetic,Gather Merge,2,16,0,GroupAggregate,1
20,Synthetic,Sort,3,16,0,Gather Merge,1
20,Synthetic,Nested Loop,4,16,0,Sort,2
20,Synthetic,Parallel Hash Join,5,16,0,Nested Loop,2
20,Synthetic,Hash Join,6,16,0,Parallel Hash Join,2
20,Synthetic,Parallel Seq Scan,7,0,119,Hash Join,0
20,Synthetic,Hash,7,1,123,Hash Join,1
20,Synthetic,Seq Scan,8,0,121,Hash,0
20,Synthetic,Parallel Hash,6,16,0,Parallel Hash Join,1
20,Synthetic,Parallel Hash Join,7,16,0,Parallel Hash,2
20,Synthetic,Parallel Seq Scan,8,0,118,Parallel Hash Join,0
20,Synthetic,Parallel Hash,8,16,0,Parallel Hash Join,1
20,Synthetic,Parallel Seq Scan,9,16,0,Parallel Hash,0
20,Synthetic,Index Scan,5,0,120,Nested Loop,0
21,Original,Aggregate,0,0,128,,1
21,Original,Gather,1,16,0,Aggregate,1
21,Original,Nested Loop,2,16,0,Gather,2
21,Original,Parallel Hash Join,3,16,0,Nested Loop,2
21,Original,Parallel Seq Scan,4,0,126,Parallel Hash Join,0
21,Original,Parallel Hash,4,16,0,Parallel Hash Join,1
21,Original,Nested Loop,5,16,0,Parallel Hash,2
21,Original,Hash Join,6,16,0,Nested Loop,2
21,Original,Parallel Seq Scan,7,0,125,Hash Join,0
21,Original,Hash,7,1,129,Hash Join,1
21,Original,Seq Scan,8,0,124,Hash,0
21,Original,Index Scan,6,16,0,Nested Loop,0
21,Original,Index Scan,3,0,127,Nested Loop,0
21,Synthetic,Sort,0,0,128,,1
21,Synthetic,GroupAggregate,1,16,0,Sort,1
21,Synthetic,Gather Merge,2,16,0,GroupAggregate,1
21,Synthetic,Sort,3,16,0,Gather Merge,1
21,Synthetic,Parallel Hash Join,4,16,0,Sort,2
21,Synthetic,Parallel Seq Scan,5,0,126,Parallel Hash Join,0
21,Synthetic,Parallel Hash,5,16,0,Parallel Hash Join,1
21,Synthetic,Hash Join,6,16,0,Parallel Hash,2
21,Synthetic,Nested Loop,7,16,0,Hash Join,2
21,Synthetic,Hash Join,8,16,0,Nested Loop,2
21,Synthetic,Parallel Seq Scan,9,0,125,Hash Join,0
21,Synthetic,Hash,9,16,0,Hash Join,1
21,Synthetic,Seq Scan,10,16,0,Hash,0
21,Synthetic,Index Scan,8,0,127,Nested Loop,0
21,Synthetic,Hash,7,1,129,Hash Join,1
21,Synthetic,Seq Scan,8,0,124,Hash,0
22,Original,Aggregate,0,0,134,,1
22,Original,Gather,1,16,0,Aggregate,1
22,Original,Nested Loop,2,16,0,Gather,2
22,Original,Parallel Hash Join,3,16,0,Nested Loop,2
22,Original,Parallel Seq Scan,4,0,132,Parallel Hash Join,0
22,Original,Parallel Hash,4,16,0,Parallel Hash Join,1
22,Original,Nested Loop,5,16,0,Parallel Hash,2
22,Original,Hash Join,6,16,0,Nested Loop,2
22,Original,Parallel Seq Scan,7,0,131,Hash Join,0
22,Original,Hash,7,1,135,Hash Join,1
22,Original,Seq Scan,8,0,130,Hash,0
22,Original,Index Scan,6,16,0,Nested Loop,0
22,Original,Index Scan,3,0,133,Nested Loop,0
22,Synthetic,Sort,0,0,134,,1
22,Synthetic,GroupAggregate,1,16,0,Sort,1
22,Synthetic,Gather Merge,2,16,0,GroupAggregate,1
22,Synthetic,Sort,3,16,0,Gather Merge,1
22,Synthetic,Parallel Hash Join,4,16,0,Sort,2
22,Synthetic,Parallel Seq Scan,5,0,132,Parallel Hash Join,0
22,Synthetic,Parallel Hash,5,16,0,Parallel Hash Join,1
22,Synthetic,Hash Join,6,16,0,Parallel Hash,2
22,Synthetic,Nested Loop,7,16,0,Hash Join,2
22,Synthetic,Hash Join,8,16,0,Nested Loop,2
22,Synthetic,Parallel Seq Scan,9,0,131,Hash Join,0
22,Synthetic,Hash,9,16,0,Hash Join,1
22,Synthetic,Seq Scan,10,16,0,Hash,0
22,Synthetic,Index Scan,8,0,133,Nested Loop,0
22,Synthetic,Hash,7,1,135,Hash Join,1
22,Synthetic,Seq Scan,8,0,130,Hash,0
23,Original,Finalize Aggregate,0,0,141,,1
23,Original,Gather,1,16,0,Finalize Aggregate,1
23,Original,Partial Aggregate,2,16,0,Gather,1
23,Original,Nested Loop,3,16,0,Partial Aggregate,2
23,Original,Parallel Hash Join,4,16,0,Nested Loop,2
23,Original,Parallel Seq Scan,5,0,140,Parallel Hash Join,0
23,Original,Parallel Hash,5,16,0,Parallel Hash Join,1
23,Original,Nested Loop,6,16,0,Parallel Hash,2
23,Original,Hash Join,7,16,0,Nested Loop,2
23,Original,Parallel Seq Scan,8,0,139,Hash Join,0
23,Original,Hash,8,1,142,Hash Join,1
23,Original,Seq Scan,9,0,138,Hash,0
23,Original,Index Scan,7,0,137,Nested Loop,0
23,Original,Index Scan,4,0,136,Nested Loop,0
23,Synthetic,Sort,0,0,141,,1
23,Synthetic,GroupAggregate,1,16,0,Sort,1
23,Synthetic,Sort,2,16,0,GroupAggregate,1
23,Synthetic,Gather,3,16,0,Sort,1
23,Synthetic,Nested Loop,4,16,0,Gather,2
23,Synthetic,Nested Loop,5,16,0,Nested Loop,2
23,Synthetic,Parallel Hash Join,6,16,0,Nested Loop,2
23,Synthetic,Parallel Seq Scan,7,0,140,Parallel Hash Join,0
23,Synthetic,Parallel Hash,7,16,0,Parallel Hash Join,1
23,Synthetic,Hash Join,8,16,0,Parallel Hash,2
23,Synthetic,Nested Loop,9,16,0,Hash Join,2
23,Synthetic,Hash Join,10,16,0,Nested Loop,2
23,Synthetic,Hash Join,11,16,0,Hash Join,2
23,Synthetic,Parallel Seq Scan,12,0,139,Hash Join,0
23,Synthetic,Hash,12,16,0,Hash Join,1
23,Synthetic,Seq Scan,13,16,0,Hash,0
23,Synthetic,Hash,11,16,0,Hash Join,1
23,Synthetic,Seq Scan,12,16,0,Hash,0
23,Synthetic,Index Scan,10,0,137,Nested Loop,0
23,Synthetic,Hash,9,1,142,Hash Join,1
23,Synthetic,Seq Scan,10,0,138,Hash,0
23,Synthetic,Index Scan,6,0,136,Nested Loop,0
23,Synthetic,Index Only Scan,5,16,0,Nested Loop,0
24,Original,Finalize Aggregate,0,0,150,,1
24,Original,Gather,1,16,0,Finalize Aggregate,1
24,Original,Partial Aggregate,2,16,0,Gather,1
24,Original,Nested Loop,3,16,0,Partial Aggregate,2
24,Original,Nested Loop,4,16,0,Nested Loop,2
24,Original,Parallel Hash Join,5,16,0,Nested Loop,2
24,Original,Parallel Seq Scan,6,0,149,Parallel Hash Join,0
24,Original,Parallel Hash,6,16,0,Parallel Hash Join,1
24,Original,Nested Loop,7,16,0,Parallel Hash,2
24,Original,Parallel Hash Join,8,16,0,Nested Loop,2
24,Original,Parallel Seq Scan,9,0,148,Parallel Hash Join,0
24,Original,Parallel Hash,9,16,0,Parallel Hash Join,1
24,Original,Hash Join,10,16,0,Parallel Hash,2
24,Original,Parallel Seq Scan,11,0,147,Hash Join,0
24,Original,Hash,11,16,0,Hash Join,1
24,Original,Seq Scan,12,16,0,Hash,0
24,Original,Index Scan,8,0,146,Nested Loop,0
24,Original,Index Scan,5,0,145,Nested Loop,0
24,Original,Hash Join,4,16,0,Nested Loop,2
24,Original,Seq Scan,5,0,144,Hash Join,0
24,Original,Hash,5,1,151,Hash Join,1
24,Original,Seq Scan,6,0,143,Hash,0
24,Synthetic,Sort,0,0,150,,1
24,Synthetic,GroupAggregate,1,16,0,Sort,1
24,Synthetic,Sort,2,16,0,GroupAggregate,1
24,Synthetic,Gather,3,16,0,Sort,1
24,Synthetic,Nested Loop,4,16,0,Gather,2
24,Synthetic,Parallel Hash Join,5,16,0,Nested Loop,2
24,Synthetic,Parallel Seq Scan,6,0,149,Parallel Hash Join,0
24,Synthetic,Parallel Hash,6,16,0,Parallel Hash Join,1
24,Synthetic,Parallel Hash Semi Join,7,16,0,Parallel Hash,2
24,Synthetic,Nested Loop,8,16,0,Parallel Hash Semi Join,2
24,Synthetic,Hash Join,9,16,0,Nested Loop,2
24,Synthetic,Parallel Seq Scan,10,0,148,Hash Join,0
24,Synthetic,Hash,10,16,0,Hash Join,1
24,Synthetic,Seq Scan,11,0,144,Hash,0
24,Synthetic,Index Scan,9,0,146,Nested Loop,0
24,Synthetic,Parallel Hash,8,16,0,Parallel Hash Semi Join,1
24,Synthetic,Hash Join,9,16,0,Parallel Hash,2
24,Synthetic,Parallel Seq Scan,10,0,147,Hash Join,0
24,Synthetic,Hash,10,1,151,Hash Join,1
24,Synthetic,Seq Scan,11,0,143,Hash,0
24,Synthetic,Index Scan,5,0,145,Nested Loop,0
25,Original,Finalize Aggregate,0,0,159,,1
25,Original,Gather,1,16,0,Finalize Aggregate,1
25,Original,Partial Aggregate,2,16,0,Gather,1
25,Original,Nested Loop,3,16,0,Partial Aggregate,2
25,Original,Nested Loop,4,16,0,Nested Loop,2
25,Original,Parallel Hash Join,5,16,0,Nested Loop,2
25,Original,Parallel Seq Scan,6,0,158,Parallel Hash Join,0
25,Original,Parallel Hash,6,16,0,Parallel Hash Join,1
25,Original,Nested Loop,7,16,0,Parallel Hash,2
25,Original,Parallel Hash Join,8,16,0,Nested Loop,2
25,Original,Parallel Seq Scan,9,0,157,Parallel Hash Join,0
25,Original,Parallel Hash,9,16,0,Parallel Hash Join,1
25,Original,Hash Join,10,16,0,Parallel Hash,2
25,Original,Parallel Seq Scan,11,0,156,Hash Join,0
25,Original,Hash,11,16,0,Hash Join,1
25,Original,Seq Scan,12,16,0,Hash,0
25,Original,Index Scan,8,0,155,Nested Loop,0
25,Original,Index Scan,5,0,154,Nested Loop,0
25,Original,Hash Join,4,16,0,Nested Loop,2
25,Original,Seq Scan,5,0,153,Hash Join,0
25,Original,Hash,5,1,160,Hash Join,1
25,Original,Seq Scan,6,0,152,Hash,0
25,Synthetic,Sort,0,0,159,,1
25,Synthetic,GroupAggregate,1,16,0,Sort,1
25,Synthetic,Sort,2,16,0,GroupAggregate,1
25,Synthetic,Gather,3,16,0,Sort,1
25,Synthetic,Nested Loop,4,16,0,Gather,2
25,Synthetic,Parallel Hash Join,5,16,0,Nested Loop,2
25,Synthetic,Parallel Seq Scan,6,0,158,Parallel Hash Join,0
25,Synthetic,Parallel Hash,6,16,0,Parallel Hash Join,1
25,Synthetic,Parallel Hash Semi Join,7,16,0,Parallel Hash,2
25,Synthetic,Nested Loop,8,16,0,Parallel Hash Semi Join,2
25,Synthetic,Hash Join,9,16,0,Nested Loop,2
25,Synthetic,Parallel Seq Scan,10,0,157,Hash Join,0
25,Synthetic,Hash,10,16,0,Hash Join,1
25,Synthetic,Seq Scan,11,0,153,Hash,0
25,Synthetic,Index Scan,9,0,155,Nested Loop,0
25,Synthetic,Parallel Hash,8,16,0,Parallel Hash Semi Join,1
25,Synthetic,Hash Join,9,16,0,Parallel Hash,2
25,Synthetic,Parallel Seq Scan,10,0,156,Hash Join,0
25,Synthetic,Hash,10,1,160,Hash Join,1
25,Synthetic,Seq Scan,11,0,152,Hash,0
25,Synthetic,Index Scan,5,0,154,Nested Loop,0
26,Original,Finalize Aggregate,0,0,168,,1
26,Original,Gather,1,16,0,Finalize Aggregate,1
26,Original,Partial Aggregate,2,16,0,Gather,1
26,Original,Parallel Hash Join,3,16,0,Partial Aggregate,2
26,Original,Parallel Seq Scan,4,0,167,Parallel Hash Join,0
26,Original,Parallel Hash,4,16,0,Parallel Hash Join,1
26,Original,Nested Loop,5,16,0,Parallel Hash,2
26,Original,Merge Join,6,16,0,Nested Loop,2
26,Original,Sort,7,16,0,Merge Join,1
26,Original,Parallel Hash Join,8,16,0,Sort,2
26,Original,Parallel Seq Scan,9,0,166,Parallel Hash Join,0
26,Original,Parallel Hash,9,16,0,Parallel Hash Join,1
26,Original,Nested Loop,10,16,0,Parallel Hash,2
26,Original,Hash Join,11,16,0,Nested Loop,2
26,Original,Parallel Seq Scan,12,0,165,Hash Join,0
26,Original,Hash,12,16,0,Hash Join,1
26,Original,Seq Scan,13,16,0,Hash,0
26,Original,Index Scan,11,0,162,Nested Loop,0
26,Original,Sort,7,16,0,Merge Join,1
26,Original,Hash Join,8,16,0,Sort,2
26,Original,Seq Scan,9,0,164,Hash Join,0
26,Original,Hash,9,1,169,Hash Join,1
26,Original,Seq Scan,10,0,163,Hash,0
26,Original,Index Scan,6,0,161,Nested Loop,0
26,Synthetic,Sort,0,0,168,,1
26,Synthetic,GroupAggregate,1,16,0,Sort,1
26,Synthetic,Sort,2,16,0,GroupAggregate,1
26,Synthetic,Gather,3,16,0,Sort,1
26,Synthetic,Nested Loop,4,16,0,Gather,2
26,Synthetic,Parallel Hash Join,5,16,0,Nested Loop,2
26,Synthetic,Parallel Seq Scan,6,0,167,Parallel Hash Join,0
26,Synthetic,Parallel Hash,6,16,0,Parallel Hash Join,1
26,Synthetic,Parallel Hash Semi Join,7,16,0,Parallel Hash,2
26,Synthetic,Nested Loop,8,16,0,Parallel Hash Semi Join,2
26,Synthetic,Hash Join,9,16,0,Nested Loop,2
26,Synthetic,Parallel Seq Scan,10,0,166,Hash Join,0
26,Synthetic,Hash,10,16,0,Hash Join,1
26,Synthetic,Seq Scan,11,0,164,Hash,0
26,Synthetic,Index Scan,9,0,162,Nested Loop,0
26,Synthetic,Parallel Hash,8,16,0,Parallel Hash Semi Join,1
26,Synthetic,Hash Join,9,16,0,Parallel Hash,2
26,Synthetic,Parallel Seq Scan,10,0,165,Hash Join,0
26,Synthetic,Hash,10,1,169,Hash Join,1
26,Synthetic,Seq Scan,11,0,163,Hash,0
26,Synthetic,Index Scan,5,0,161,Nested Loop,0
27,Original,Finalize Aggregate,0,0,176,,1
27,Original,Gather,1,16,0,Finalize Aggregate,1
27,Original,Partial Aggregate,2,16,0,Gather,1
27,Original,Nested Loop,3,16,0,Partial Aggregate,2
27,Original,Nested Loop,4,16,0,Nested Loop,2
27,Original,Parallel Hash Join,5,16,0,Nested Loop,2
27,Original,Parallel Seq Scan,6,0,175,Parallel Hash Join,0
27,Original,Parallel Hash,6,16,0,Parallel Hash Join,1
27,Original,Nested Loop,7,16,0,Parallel Hash,2
27,Original,Parallel Hash Join,8,16,0,Nested Loop,2
27,Original,Parallel Seq Scan,9,0,174,Parallel Hash Join,0
27,Original,Parallel Hash,9,16,0,Parallel Hash Join,1
27,Original,Hash Join,10,16,0,Parallel Hash,2
27,Original,Parallel Seq Scan,11,0,173,Hash Join,0
27,Original,Hash,11,1,177,Hash Join,1
27,Original,Seq Scan,12,0,172,Hash,0
27,Original,Index Scan,8,16,0,Nested Loop,0
27,Original,Index Scan,5,0,171,Nested Loop,0
27,Original,Index Scan,4,0,170,Nested Loop,0
27,Synthetic,Sort,0,0,176,,1
27,Synthetic,GroupAggregate,1,16,0,Sort,1
27,Synthetic,Sort,2,16,0,GroupAggregate,1
27,Synthetic,Gather,3,16,0,Sort,1
27,Synthetic,Nested Loop,4,16,0,Gather,2
27,Synthetic,Parallel Hash Join,5,16,0,Nested Loop,2
27,Synthetic,Parallel Seq Scan,6,0,175,Parallel Hash Join,0
27,Synthetic,Parallel Hash,6,16,0,Parallel Hash Join,1
27,Synthetic,Parallel Hash Semi Join,7,16,0,Parallel Hash,2
27,Synthetic,Nested Loop,8,16,0,Parallel Hash Semi Join,2
27,Synthetic,Hash Join,9,16,0,Nested Loop,2
27,Synthetic,Parallel Seq Scan,10,0,174,Hash Join,0
27,Synthetic,Hash,10,16,0,Hash Join,1
27,Synthetic,Seq Scan,11,16,0,Hash,0
27,Synthetic,Index Scan,9,0,171,Nested Loop,0
27,Synthetic,Parallel Hash,8,16,0,Parallel Hash Semi Join,1
27,Synthetic,Hash Join,9,16,0,Parallel Hash,2
27,Synthetic,Parallel Seq Scan,10,0,173,Hash Join,0
27,Synthetic,Hash,10,1,177,Hash Join,1
27,Synthetic,Seq Scan,11,0,172,Hash,0
27,Synthetic,Index Scan,5,0,170,Nested Loop,0
28,Original,Finalize Aggregate,0,0,184,,1
28,Original,Gather,1,16,0,Finalize Aggregate,1
28,Original,Partial Aggregate,2,16,0,Gather,1
28,Original,Nested Loop,3,16,0,Partial Aggregate,2
28,Original,Nested Loop,4,16,0,Nested Loop,2
28,Original,Nested Loop,5,16,0,Nested Loop,2
28,Original,Parallel Hash Join,6,16,0,Nested Loop,2
28,Original,Parallel Seq Scan,7,0,183,Parallel Hash Join,0
28,Original,Parallel Hash,7,16,0,Parallel Hash Join,1
28,Original,Parallel Hash Join,8,16,0,Parallel Hash,2
28,Original,Parallel Seq Scan,9,0,182,Parallel Hash Join,0
28,Original,Parallel Hash,9,16,0,Parallel Hash Join,1
28,Original,Hash Join,10,16,0,Parallel Hash,2
28,Original,Parallel Seq Scan,11,0,181,Hash Join,0
28,Original,Hash,11,1,185,Hash Join,1
28,Original,Seq Scan,12,0,180,Hash,0
28,Original,Index Scan,6,16,0,Nested Loop,0
28,Original,Index Scan,5,0,179,Nested Loop,0
28,Original,Index Scan,4,0,178,Nested Loop,0
28,Synthetic,Sort,0,0,184,,1
28,Synthetic,GroupAggregate,1,16,0,Sort,1
28,Synthetic,Sort,2,16,0,GroupAggregate,1
28,Synthetic,Gather,3,16,0,Sort,1
28,Synthetic,Nested Loop,4,16,0,Gather,2
28,Synthetic,Parallel Hash Join,5,16,0,Nested Loop,2
28,Synthetic,Parallel Seq Scan,6,0,183,Parallel Hash Join,0
28,Synthetic,Parallel Hash,6,16,0,Parallel Hash Join,1
28,Synthetic,Parallel Hash Semi Join,7,16,0,Parallel Hash,2
28,Synthetic,Nested Loop,8,16,0,Parallel Hash Semi Join,2
28,Synthetic,Hash Join,9,16,0,Nested Loop,2
28,Synthetic,Parallel Seq Scan,10,0,182,Hash Join,0
28,Synthetic,Hash,10,16,0,Hash Join,1
28,Synthetic,Seq Scan,11,16,0,Hash,0
28,Synthetic,Index Scan,9,0,179,Nested Loop,0
28,Synthetic,Parallel Hash,8,16,0,Parallel Hash Semi Join,1
28,Synthetic,Hash Join,9,16,0,Parallel Hash,2
28,Synthetic,Parallel Seq Scan,10,0,181,Hash Join,0
28,Synthetic,Hash,10,1,185,Hash Join,1
28,Synthetic,Seq Scan,11,0,180,Hash,0
28,Synthetic,Index Scan,5,0,178,Nested Loop,0
29,Original,Finalize Aggregate,0,0,191,,1
29,Original,Gather,1,16,0,Finalize Aggregate,1
29,Original,Partial Aggregate,2,16,0,Gather,1
29,Original,Parallel Hash Join,3,16,0,Partial Aggregate,2
29,Original,Parallel Seq Scan,4,16,0,Parallel Hash Join,0
29,Original,Parallel Hash,4,16,0,Parallel Hash Join,1
29,Original,Nested Loop,5,16,0,Parallel Hash,2
29,Original,Nested Loop,6,16,0,Nested Loop,2
29,Original,Parallel Hash Join,7,16,0,Nested Loop,2
29,Original,Parallel Hash Join,8,16,0,Parallel Hash Join,2
29,Original,Parallel Seq Scan,9,0,189,Parallel Hash Join,0
29,Original,Parallel Hash,9,16,0,Parallel Hash Join,1
29,Original,Parallel Seq Scan,10,0,190,Parallel Hash,0
29,Original,Parallel Hash,8,16,0,Parallel Hash Join,1
29,Original,Hash Join,9,16,0,Parallel Hash,2
29,Original,Parallel Seq Scan,10,0,188,Hash Join,0
29,Original,Hash,10,1,192,Hash Join,1
29,Original,Seq Scan,11,0,187,Hash,0
29,Original,Index Only Scan,7,16,0,Nested Loop,0
29,Original,Index Scan,6,0,186,Nested Loop,0
29,Synthetic,Sort,0,0,191,,1
29,Synthetic,GroupAggregate,1,16,0,Sort,1
29,Synthetic,Sort,2,16,0,GroupAggregate,1
29,Synthetic,Gather,3,16,0,Sort,1
29,Synthetic,Nested Loop,4,16,0,Gather,2
29,Synthetic,Parallel Hash Join,5,16,0,Nested Loop,2
29,Synthetic,Parallel Seq Scan,6,0,190,Parallel Hash Join,0
29,Synthetic,Parallel Hash,6,16,0,Parallel Hash Join,1
29,Synthetic,Parallel Hash Semi Join,7,16,0,Parallel Hash,2
29,Synthetic,Nested Loop,8,16,0,Parallel Hash Semi Join,2
29,Synthetic,Hash Join,9,16,0,Nested Loop,2
29,Synthetic,Parallel Seq Scan,10,0,189,Hash Join,0
29,Synthetic,Hash,10,16,0,Hash Join,1
29,Synthetic,Seq Scan,11,16,0,Hash,0
29,Synthetic,Index Scan,9,16,0,Nested Loop,0
29,Synthetic,Parallel Hash,8,16,0,Parallel Hash Semi Join,1
29,Synthetic,Hash Join,9,16,0,Parallel Hash,2
29,Synthetic,Parallel Seq Scan,10,0,188,Hash Join,0
29,Synthetic,Hash,10,1,192,Hash Join,1
29,Synthetic,Seq Scan,11,0,187,Hash,0
29,Synthetic,Index Scan,5,0,186,Nested Loop,0
30,Original,Finalize Aggregate,0,0,198,,1
30,Original,Gather,1,16,0,Finalize Aggregate,1
30,Original,Partial Aggregate,2,16,0,Gather,1
30,Original,Parallel Hash Join,3,16,0,Partial Aggregate,2
30,Original,Parallel Seq Scan,4,16,0,Parallel Hash Join,0
30,Original,Parallel Hash,4,16,0,Parallel Hash Join,1
30,Original,Nested Loop,5,16,0,Parallel Hash,2
30,Original,Nested Loop,6,16,0,Nested Loop,2
30,Original,Parallel Hash Join,7,16,0,Nested Loop,2
30,Original,Parallel Hash Join,8,16,0,Parallel Hash Join,2
30,Original,Parallel Seq Scan,9,0,196,Parallel Hash Join,0
30,Original,Parallel Hash,9,16,0,Parallel Hash Join,1
30,Original,Parallel Seq Scan,10,16,0,Parallel Hash,0
30,Original,Parallel Hash,8,16,0,Parallel Hash Join,1
30,Original,Hash Join,9,16,0,Parallel Hash,2
30,Original,Parallel Seq Scan,10,0,195,Hash Join,0
30,Original,Hash,10,1,199,Hash Join,1
30,Original,Seq Scan,11,0,194,Hash,0
30,Original,Index Only Scan,7,0,197,Nested Loop,0
30,Original,Index Scan,6,0,193,Nested Loop,0
30,Synthetic,Sort,0,0,198,,1
30,Synthetic,GroupAggregate,1,16,0,Sort,1
30,Synthetic,Sort,2,16,0,GroupAggregate,1
30,Synthetic,Nested Loop,3,16,0,Sort,2
30,Synthetic,Nested Loop,4,16,0,Nested Loop,2
30,Synthetic,Hash Join,5,16,0,Nested Loop,2
30,Synthetic,Seq Scan,6,16,0,Hash Join,0
30,Synthetic,Hash,6,16,0,Hash Join,1
30,Synthetic,Gather,7,16,0,Hash,1
30,Synthetic,Parallel Hash Join,8,16,0,Gather,2
30,Synthetic,Parallel Seq Scan,9,0,196,Parallel Hash Join,0
30,Synthetic,Parallel Hash,9,16,0,Parallel Hash Join,1
30,Synthetic,Nested Loop,10,16,0,Parallel Hash,2
30,Synthetic,Nested Loop,11,16,0,Nested Loop,2
30,Synthetic,Hash Join,12,16,0,Nested Loop,2
30,Synthetic,Parallel Seq Scan,13,0,195,Hash Join,0
30,Synthetic,Hash,13,1,199,Hash Join,1
30,Synthetic,Seq Scan,14,0,194,Hash,0
30,Synthetic,Index Scan,12,16,0,Nested Loop,0
30,Synthetic,Memoize,11,16,0,Nested Loop,1
30,Synthetic,Index Scan,12,16,0,Memoize,0
30,Synthetic,Index Scan,5,0,193,Nested Loop,0
30,Synthetic,Index Only Scan,4,0,197,Nested Loop,0
31,Original,Aggregate,0,0,206,,1
31,Original,Nested Loop,1,16,0,Aggregate,2
31,Original,Nested Loop,2,16,0,Nested Loop,2
31,Original,Nested Loop,3,16,0,Nested Loop,2
31,Original,Gather,4,16,0,Nested Loop,1
31,Original,Parallel Hash Join,5,16,0,Gather,2
31,Original,Parallel Seq Scan,6,16,0,Parallel Hash Join,0
31,Original,Parallel Hash,6,16,0,Parallel Hash Join,1
31,Original,Nested Loop,7,16,0,Parallel Hash,2
31,Original,Parallel Hash Join,8,16,0,Nested Loop,2
31,Original,Parallel Seq Scan,9,0,205,Parallel Hash Join,0
31,Original,Parallel Hash,9,16,0,Parallel Hash Join,1
31,Original,Hash Join,10,16,0,Parallel Hash,2
31,Original,Parallel Seq Scan,11,0,204,Hash Join,0
31,Original,Hash,11,1,207,Hash Join,1
31,Original,Seq Scan,12,0,203,Hash,0
31,Original,Index Scan,8,16,0,Nested Loop,0
31,Original,Index Scan,4,0,202,Nested Loop,0
31,Original,Index Scan,3,0,201,Nested Loop,0
31,Original,Index Scan,2,0,200,Nested Loop,0
31,Synthetic,Sort,0,0,206,,1
31,Synthetic,GroupAggregate,1,16,0,Sort,1
31,Synthetic,Sort,2,16,0,GroupAggregate,1
31,Synthetic,Nested Loop,3,16,0,Sort,2
31,Synthetic,Nested Loop,4,16,0,Nested Loop,2
31,Synthetic,Hash Join,5,16,0,Nested Loop,2
31,Synthetic,Seq Scan,6,16,0,Hash Join,0
31,Synthetic,Hash,6,16,0,Hash Join,1
31,Synthetic,Gather,7,16,0,Hash,1
31,Synthetic,Parallel Hash Join,8,16,0,Gather,2
31,Synthetic,Parallel Seq Scan,9,0,205,Parallel Hash Join,0
31,Synthetic,Parallel Hash,9,16,0,Parallel Hash Join,1
31,Synthetic,Nested Loop,10,16,0,Parallel Hash,2
31,Synthetic,Nested Loop,11,16,0,Nested Loop,2
31,Synthetic,Hash Join,12,16,0,Nested Loop,2
31,Synthetic,Parallel Seq Scan,13,0,204,Hash Join,0
31,Synthetic,Hash,13,1,207,Hash Join,1
31,Synthetic,Seq Scan,14,0,203,Hash,0
31,Synthetic,Index Scan,12,0,201,Nested Loop,0
31,Synthetic,Memoize,11,16,0,Nested Loop,1
31,Synthetic,Index Scan,12,0,202,Memoize,0
31,Synthetic,Index Scan,5,0,200,Nested Loop,0
31,Synthetic,Index Only Scan,4,16,0,Nested Loop,0
32,Original,Aggregate,0,0,213,,1
32,Original,Nested Loop,1,16,0,Aggregate,2
32,Original,Nested Loop,2,16,0,Nested Loop,2
32,Original,Nested Loop,3,16,0,Nested Loop,2
32,Original,Gather,4,16,0,Nested Loop,1
32,Original,Parallel Hash Join,5,16,0,Gather,2
32,Original,Parallel Seq Scan,6,16,0,Parallel Hash Join,0
32,Original,Parallel Hash,6,16,0,Parallel Hash Join,1
32,Original,Nested Loop,7,16,0,Parallel Hash,2
32,Original,Parallel Hash Join,8,16,0,Nested Loop,2
32,Original,Parallel Seq Scan,9,16,0,Parallel Hash Join,0
32,Original,Parallel Hash,9,16,0,Parallel Hash Join,1
32,Original,Hash Join,10,16,0,Parallel Hash,2
32,Original,Parallel Seq Scan,11,0,212,Hash Join,0
32,Original,Hash,11,16,0,Hash Join,1
32,Original,Seq Scan,12,0,211,Hash,0
32,Original,Index Scan,8,16,0,Nested Loop,0
32,Original,Index Scan,4,0,210,Nested Loop,0
32,Original,Index Scan,3,0,209,Nested Loop,0
32,Original,Index Scan,2,0,208,Nested Loop,0
32,Synthetic,Sort,0,0,213,,1
32,Synthetic,GroupAggregate,1,16,0,Sort,1
32,Synthetic,Sort,2,16,0,GroupAggregate,1
32,Synthetic,Nested Loop,3,16,0,Sort,2
32,Synthetic,Nested Loop,4,16,0,Nested Loop,2
32,Synthetic,Nested Loop,5,16,0,Nested Loop,2
32,Synthetic,Gather,6,16,0,Nested Loop,1
32,Synthetic,Hash Join,7,16,0,Gather,2
32,Synthetic,Parallel Seq Scan,8,0,212,Hash Join,0
32,Synthetic,Hash,8,16,0,Hash Join,1
32,Synthetic,Nested Loop,9,16,0,Hash,2
32,Synthetic,Hash Join,10,16,0,Nested Loop,2
32,Synthetic,Unique,11,16,0,Hash Join,1
32,Synthetic,Sort,12,16,0,Unique,1
32,Synthetic,Seq Scan,13,16,0,Sort,0
32,Synthetic,Hash,11,16,0,Hash Join,1
32,Synthetic,Seq Scan,12,16,0,Hash,0
32,Synthetic,Seq Scan,10,0,211,Nested Loop,0
32,Synthetic,Index Scan,6,0,210,Nested Loop,0
32,Synthetic,Index Scan,5,0,209,Nested Loop,0
32,Synthetic,Index Scan,4,0,208,Nested Loop,0
33,Original,Aggregate,0,0,218,,1
33,Original,Nested Loop,1,16,0,Aggregate,2
33,Original,Nested Loop,2,16,0,Nested Loop,2
33,Original,Nested Loop,3,16,0,Nested Loop,2
33,Original,Gather,4,16,0,Nested Loop,1
33,Original,Parallel Hash Join,5,16,0,Gather,2
33,Original,Parallel Seq Scan,6,16,0,Parallel Hash Join,0
33,Original,Parallel Hash,6,16,0,Parallel Hash Join,1
33,Original,Nested Loop,7,16,0,Parallel Hash,2
33,Original,Parallel Hash Join,8,16,0,Nested Loop,2
33,Original,Parallel Seq Scan,9,0,216,Parallel Hash Join,0
33,Original,Parallel Hash,9,16,0,Parallel Hash Join,1
33,Original,Hash Join,10,16,0,Parallel Hash,2
33,Original,Parallel Seq Scan,11,0,215,Hash Join,0
33,Original,Hash,11,1,219,Hash Join,1
33,Original,Seq Scan,12,0,214,Hash,0
33,Original,Index Scan,8,16,0,Nested Loop,0
33,Original,Index Scan,4,16,0,Nested Loop,0
33,Original,Index Scan,3,16,0,Nested Loop,0
33,Original,Index Scan,2,0,217,Nested Loop,0
33,Synthetic,Sort,0,0,218,,1
33,Synthetic,GroupAggregate,1,16,0,Sort,1
33,Synthetic,Nested Loop,2,16,0,GroupAggregate,2
33,Synthetic,Nested Loop,3,16,0,Nested Loop,2
33,Synthetic,Gather Merge,4,16,0,Nested Loop,1
33,Synthetic,Sort,5,16,0,Gather Merge,1
33,Synthetic,Hash Join,6,16,0,Sort,2
33,Synthetic,Hash Join,7,16,0,Hash Join,2
33,Synthetic,Parallel Hash Join,8,16,0,Hash Join,2
33,Synthetic,Parallel Seq Scan,9,0,215,Parallel Hash Join,0
33,Synthetic,Parallel Hash,9,16,0,Parallel Hash Join,1
33,Synthetic,Parallel Seq Scan,10,0,216,Parallel Hash,0
33,Synthetic,Hash,8,16,0,Hash Join,1
33,Synthetic,Seq Scan,9,16,0,Hash,0
33,Synthetic,Hash,7,16,0,Hash Join,1
33,Synthetic,Seq Scan,8,16,0,Hash,0
33,Synthetic,Materialize,4,16,0,Nested Loop,1
33,Synthetic,Hash Join,5,16,0,Materialize,2
33,Synthetic,Unique,6,16,0,Hash Join,1
33,Synthetic,Sort,7,16,0,Unique,1
33,Synthetic,Seq Scan,8,16,0,Sort,0
33,Synthetic,Hash,6,1,219,Hash Join,1
33,Synthetic,Seq Scan,7,0,214,Hash,0
33,Synthetic,Index Scan,3,0,217,Nested Loop,0
34,Original,Finalize Aggregate,0,0,225,,1
34,Original,Gather,1,16,0,Finalize Aggregate,1
34,Original,Partial Aggregate,2,16,0,Gather,1
34,Original,Parallel Hash Join,3,16,0,Partial Aggregate,2
34,Original,Parallel Seq Scan,4,16,0,Parallel Hash Join,0
34,Original,Parallel Hash,4,16,0,Parallel Hash Join,1
34,Original,Nested Loop,5,16,0,Parallel Hash,2
34,Original,Nested Loop,6,16,0,Nested Loop,2
34,Original,Parallel Hash Join,7,16,0,Nested Loop,2
34,Original,Parallel Seq Scan,8,16,0,Parallel Hash Join,0
34,Original,Parallel Hash,8,16,0,Parallel Hash Join,1
34,Original,Nested Loop,9,16,0,Parallel Hash,2
34,Original,Nested Loop,10,16,0,Nested Loop,2
34,Original,Hash Join,11,16,0,Nested Loop,2
34,Original,Parallel Seq Scan,12,0,224,Hash Join,0
34,Original,Hash,12,0,226,Hash Join,1
34,Original,Seq Scan,13,0,223,Hash,0
34,Original,Index Scan,11,16,0,Nested Loop,0
34,Original,Index Scan,10,0,222,Nested Loop,0
34,Original,Index Scan,7,0,221,Nested Loop,0
34,Original,Index Scan,6,0,220,Nested Loop,0
34,Synthetic,Sort,0,0,225,,1
34,Synthetic,GroupAggregate,1,16,0,Sort,1
34,Synthetic,Nested Loop,2,16,0,GroupAggregate,2
34,Synthetic,Nested Loop,3,16,0,Nested Loop,2
34,Synthetic,Gather Merge,4,16,0,Nested Loop,1
34,Synthetic,Sort,5,16,0,Gather Merge,1
34,Synthetic,Nested Loop,6,16,0,Sort,2
34,Synthetic,Hash Join,7,16,0,Nested Loop,2
34,Synthetic,Parallel Seq Scan,8,0,224,Hash Join,0
34,Synthetic,Hash,8,16,0,Hash Join,1
34,Synthetic,Nested Loop,9,16,0,Hash,2
34,Synthetic,Hash Join,10,16,0,Nested Loop,2
34,Synthetic,Unique,11,16,0,Hash Join,1
34,Synthetic,Sort,12,16,0,Unique,1
34,Synthetic,Seq Scan,13,16,0,Sort,0
34,Synthetic,Hash,11,0,226,Hash Join,1
34,Synthetic,Seq Scan,12,0,223,Hash,0
34,Synthetic,Seq Scan,10,16,0,Nested Loop,0
34,Synthetic,Index Scan,7,0,222,Nested Loop,0
34,Synthetic,Index Scan,4,0,221,Nested Loop,0
34,Synthetic,Index Scan,3,0,220,Nested Loop,0
35,Original,Finalize Aggregate,0,0,232,,1
35,Original,Gather,1,16,0,Finalize Aggregate,1
35,Original,Partial Aggregate,2,16,0,Gather,1
35,Original,Nested Loop,3,16,0,Partial Aggregate,2
35,Original,Nested Loop,4,16,0,Nested Loop,2
35,Original,Nested Loop,5,16,0,Nested Loop,2
35,Original,Nested Loop,6,16,0,Nested Loop,2
35,Original,Parallel Hash Join,7,16,0,Nested Loop,2
35,Original,Parallel Seq Scan,8,16,0,Parallel Hash Join,0
35,Original,Parallel Hash,8,16,0,Parallel Hash Join,1
35,Original,Hash Join,9,16,0,Parallel Hash,2
35,Original,Parallel Seq Scan,10,0,231,Hash Join,0
35,Original,Hash,10,16,0,Hash Join,1
35,Original,Seq Scan,11,0,229,Hash,0
35,Original,Index Scan,7,0,230,Nested Loop,0
35,Original,Index Scan,6,0,228,Nested Loop,0
35,Original,Index Only Scan,5,16,0,Nested Loop,0
35,Original,Index Scan,4,0,227,Nested Loop,0
35,Synthetic,Sort,0,0,232,,1
35,Synthetic,GroupAggregate,1,16,0,Sort,1
35,Synthetic,Nested Loop,2,16,0,GroupAggregate,2
35,Synthetic,Nested Loop,3,16,0,Nested Loop,2
35,Synthetic,Gather Merge,4,16,0,Nested Loop,1
35,Synthetic,Sort,5,16,0,Gather Merge,1
35,Synthetic,Nested Loop,6,16,0,Sort,2
35,Synthetic,Hash Join,7,16,0,Nested Loop,2
35,Synthetic,Parallel Seq Scan,8,0,231,Hash Join,0
35,Synthetic,Hash,8,16,0,Hash Join,1
35,Synthetic,Nested Loop,9,16,0,Hash,2
35,Synthetic,Hash Join,10,16,0,Nested Loop,2
35,Synthetic,Unique,11,16,0,Hash Join,1
35,Synthetic,Sort,12,16,0,Unique,1
35,Synthetic,Seq Scan,13,16,0,Sort,0
35,Synthetic,Hash,11,16,0,Hash Join,1
35,Synthetic,Seq Scan,12,16,0,Hash,0
35,Synthetic,Seq Scan,10,0,229,Nested Loop,0
35,Synthetic,Index Scan,7,0,230,Nested Loop,0
35,Synthetic,Index Scan,4,0,228,Nested Loop,0
35,Synthetic,Index Scan,3,0,227,Nested Loop,0
36,Original,Finalize Aggregate,0,0,237,,1
36,Original,Gather,1,16,0,Finalize Aggregate,1
36,Original,Partial Aggregate,2,16,0,Gather,1
36,Original,Nested Loop,3,16,0,Partial Aggregate,2
36,Original,Nested Loop,4,16,0,Nested Loop,2
36,Original,Parallel Hash Join,5,16,0,Nested Loop,2
36,Original,Parallel Seq Scan,6,0,235,Parallel Hash Join,0
36,Original,Parallel Hash,6,16,0,Parallel Hash Join,1
36,Original,Nested Loop,7,16,0,Parallel Hash,2
36,Original,Nested Loop,8,16,0,Nested Loop,2
36,Original,Hash Join,9,16,0,Nested Loop,2
36,Original,Parallel Seq Scan,10,0,234,Hash Join,0
36,Original,Hash,10,1,238,Hash Join,1
36,Original,Seq Scan,11,0,233,Hash,0
36,Original,Index Scan,9,16,0,Nested Loop,0
36,Original,Index Scan,8,16,0,Nested Loop,0
36,Original,Index Scan,5,0,236,Nested Loop,0
36,Original,Memoize,4,16,0,Nested Loop,1
36,Original,Index Only Scan,5,16,0,Memoize,0
36,Synthetic,Sort,0,0,237,,1
36,Synthetic,GroupAggregate,1,16,0,Sort,1
36,Synthetic,Nested Loop,2,16,0,GroupAggregate,2
36,Synthetic,Nested Loop,3,16,0,Nested Loop,2
36,Synthetic,Gather Merge,4,16,0,Nested Loop,1
36,Synthetic,Sort,5,16,0,Gather Merge,1
36,Synthetic,Hash Join,6,16,0,Sort,2
36,Synthetic,Hash Join,7,16,0,Hash Join,2
36,Synthetic,Parallel Hash Join,8,16,0,Hash Join,2
36,Synthetic,Parallel Seq Scan,9,0,234,Parallel Hash Join,0
36,Synthetic,Parallel Hash,9,16,0,Parallel Hash Join,1
36,Synthetic,Parallel Seq Scan,10,0,235,Parallel Hash,0
36,Synthetic,Hash,8,16,0,Hash Join,1
36,Synthetic,Seq Scan,9,16,0,Hash,0
36,Synthetic,Hash,7,16,0,Hash Join,1
36,Synthetic,Seq Scan,8,16,0,Hash,0
36,Synthetic,Materialize,4,16,0,Nested Loop,1
36,Synthetic,Hash Join,5,16,0,Materialize,2
36,Synthetic,Unique,6,16,0,Hash Join,1
36,Synthetic,Sort,7,16,0,Unique,1
36,Synthetic,Seq Scan,8,16,0,Sort,0
36,Synthetic,Hash,6,1,238,Hash Join,1
36,Synthetic,Seq Scan,7,0,233,Hash,0
36,Synthetic,Index Scan,3,0,236,Nested Loop,0
37,Original,Finalize Aggregate,0,0,244,,1
37,Original,Gather,1,16,0,Finalize Aggregate,1
37,Original,Partial Aggregate,2,16,0,Gather,1
37,Original,Hash Join,3,16,0,Partial Aggregate,2
37,Original,Nested Loop,4,16,0,Hash Join,2
37,Original,Parallel Hash Join,5,16,0,Nested Loop,2
37,Original,Hash Join,6,16,0,Parallel Hash Join,2
37,Original,Parallel Seq Scan,7,16,0,Hash Join,0
37,Original,Hash,7,1,246,Hash Join,1
37,Original,Seq Scan,8,0,240,Hash,0
37,Original,Parallel Hash,6,16,0,Parallel Hash Join,1
37,Original,Parallel Hash Join,7,16,0,Parallel Hash,2
37,Original,Parallel Seq Scan,8,0,243,Parallel Hash Join,0
37,Original,Parallel Hash,8,16,0,Parallel Hash Join,1
37,Original,Parallel Hash Join,9,16,0,Parallel Hash,2
37,Original,Parallel Seq Scan,10,0,242,Parallel Hash Join,0
37,Original,Parallel Hash,10,16,0,Parallel Hash Join,1
37,Original,Parallel Seq Scan,11,16,0,Parallel Hash,0
37,Original,Memoize,5,16,0,Nested Loop,1
37,Original,Index Scan,6,0,241,Memoize,0
37,Original,Hash,4,1,245,Hash Join,1
37,Original,Seq Scan,5,0,239,Hash,0
37,Synthetic,Sort,0,0,244,,1
37,Synthetic,GroupAggregate,1,16,0,Sort,1
37,Synthetic,Sort,2,16,0,GroupAggregate,1
37,Synthetic,Gather,3,16,0,Sort,1
37,Synthetic,Nested Loop,4,16,0,Gather,2
37,Synthetic,Nested Loop,5,16,0,Nested Loop,2
37,Synthetic,Parallel Hash Join,6,16,0,Nested Loop,2
37,Synthetic,Parallel Seq Scan,7,0,243,Parallel Hash Join,0
37,Synthetic,Parallel Hash,7,16,0,Parallel Hash Join,1
37,Synthetic,Hash Join,8,16,0,Parallel Hash,2
37,Synthetic,Nested Loop,9,16,0,Hash Join,2
37,Synthetic,Hash Join,10,16,0,Nested Loop,2
37,Synthetic,Hash Join,11,16,0,Hash Join,2
37,Synthetic,Parallel Seq Scan,12,0,242,Hash Join,0
37,Synthetic,Hash,12,16,0,Hash Join,1
37,Synthetic,Seq Scan,13,16,0,Hash,0
37,Synthetic,Hash,11,1,246,Hash Join,1
37,Synthetic,Seq Scan,12,0,240,Hash,0
37,Synthetic,Index Scan,10,16,0,Nested Loop,0
37,Synthetic,Hash,9,1,245,Hash Join,1
37,Synthetic,Seq Scan,10,0,239,Hash,0
37,Synthetic,Index Scan,6,0,241,Nested Loop,0
37,Synthetic,Memoize,5,16,0,Nested Loop,1
37,Synthetic,Index Only Scan,6,16,0,Memoize,0
38,Original,Aggregate,0,0,253,,1
38,Original,Nested Loop,1,16,0,Aggregate,2
38,Original,Gather,2,16,0,Nested Loop,1
38,Original,Nested Loop,3,16,0,Gather,2
38,Original,Nested Loop,4,16,0,Nested Loop,2
38,Original,Parallel Hash Join,5,16,0,Nested Loop,2
38,Original,Hash Join,6,16,0,Parallel Hash Join,2
38,Original,Parallel Seq Scan,7,0,252,Hash Join,0
38,Original,Hash,7,16,0,Hash Join,1
38,Original,Hash Join,8,16,0,Hash,2
38,Original,Seq Scan,9,16,0,Hash Join,0
38,Original,Hash,9,1,255,Hash Join,1
38,Original,Seq Scan,10,0,250,Hash,0
38,Original,Parallel Hash,6,16,0,Parallel Hash Join,1
38,Original,Hash Join,7,16,0,Parallel Hash,2
38,Original,Parallel Seq Scan,8,0,251,Hash Join,0
38,Original,Hash,8,1,254,Hash Join,1
38,Original,Seq Scan,9,0,249,Hash,0
38,Original,Index Scan,5,16,0,Nested Loop,0
38,Original,Index Scan,4,0,248,Nested Loop,0
38,Original,Index Scan,2,0,247,Nested Loop,0
38,Synthetic,Sort,0,0,253,,1
38,Synthetic,GroupAggregate,1,16,0,Sort,1
38,Synthetic,Sort,2,16,0,GroupAggregate,1
38,Synthetic,Nested Loop,3,16,0,Sort,2
38,Synthetic,Gather,4,16,0,Nested Loop,1
38,Synthetic,Nested Loop,5,16,0,Gather,2
38,Synthetic,Nested Loop,6,16,0,Nested Loop,2
38,Synthetic,Parallel Hash Join,7,16,0,Nested Loop,2
38,Synthetic,Hash Join,8,16,0,Parallel Hash Join,2
38,Synthetic,Parallel Seq Scan,9,0,252,Hash Join,0
38,Synthetic,Hash,9,1,255,Hash Join,1
38,Synthetic,Seq Scan,10,0,250,Hash,0
38,Synthetic,Parallel Hash,8,16,0,Parallel Hash Join,1
38,Synthetic,Hash Join,9,16,0,Parallel Hash,2
38,Synthetic,Parallel Hash Join,10,16,0,Hash Join,2
38,Synthetic,Parallel Seq Scan,11,0,251,Parallel Hash Join,0
38,Synthetic,Parallel Hash,11,16,0,Parallel Hash Join,1
38,Synthetic,Parallel Seq Scan,12,16,0,Parallel Hash,0
38,Synthetic,Hash,10,1,254,Hash Join,1
38,Synthetic,Seq Scan,11,0,249,Hash,0
38,Synthetic,Index Scan,7,0,247,Nested Loop,0
38,Synthetic,Memoize,6,16,0,Nested Loop,1
38,Synthetic,Index Scan,7,0,248,Memoize,0
38,Synthetic,Index Only Scan,4,16,0,Nested Loop,0
39,Original,Aggregate,0,0,261,,1
39,Original,Nested Loop,1,16,0,Aggregate,2
39,Original,Nested Loop,2,16,0,Nested Loop,2
39,Original,Nested Loop,3,16,0,Nested Loop,2
39,Original,Merge Join,4,16,0,Nested Loop,2
39,Original,Nested Loop,5,16,0,Merge Join,2
39,Original,Nested Loop,6,16,0,Nested Loop,2
39,Original,Index Scan,7,16,0,Nested Loop,0
39,Original,Materialize,7,16,0,Nested Loop,1
39,Original,Seq Scan,8,16,0,Materialize,0
39,Original,Materialize,6,16,0,Nested Loop,1
39,Original,Seq Scan,7,0,260,Materialize,0
39,Original,Sort,5,16,0,Merge Join,1
39,Original,Hash Join,6,16,0,Sort,2
39,Original,Seq Scan,7,0,259,Hash Join,0
39,Original,Hash,7,16,0,Hash Join,1
39,Original,Seq Scan,8,0,258,Hash,0
39,Original,Index Scan,4,16,0,Nested Loop,0
39,Original,Index Scan,3,0,257,Nested Loop,0
39,Original,Index Scan,2,0,256,Nested Loop,0
39,Synthetic,Sort,0,0,261,,1
39,Synthetic,GroupAggregate,1,16,0,Sort,1
39,Synthetic,Gather Merge,2,16,0,GroupAggregate,1
39,Synthetic,Sort,3,16,0,Gather Merge,1
39,Synthetic,Parallel Hash Semi Join,4,16,0,Sort,2
39,Synthetic,Nested Loop,5,16,0,Parallel Hash Semi Join,2
39,Synthetic,Nested Loop,6,16,0,Nested Loop,2
39,Synthetic,Parallel Hash Join,7,16,0,Nested Loop,2
39,Synthetic,Parallel Seq Scan,8,16,0,Parallel Hash Join,0
39,Synthetic,Parallel Hash,8,16,0,Parallel Hash Join,1
39,Synthetic,Nested Loop,9,16,0,Parallel Hash,2
39,Synthetic,Parallel Hash Join,10,16,0,Nested Loop,2
39,Synthetic,Hash Join,11,16,0,Parallel Hash Join,2
39,Synthetic,Parallel Seq Scan,12,16,0,Hash Join,0
39,Synthetic,Hash,12,16,0,Hash Join,1
39,Synthetic,Seq Scan,13,0,260,Hash,0
39,Synthetic,Parallel Hash,11,16,0,Parallel Hash Join,1
39,Synthetic,Hash Join,12,16,0,Parallel Hash,2
39,Synthetic,Parallel Seq Scan,13,16,0,Hash Join,0
39,Synthetic,Hash,13,16,0,Hash Join,1
39,Synthetic,Seq Scan,14,0,259,Hash,0
39,Synthetic,Index Scan,10,0,257,Nested Loop,0
39,Synthetic,Index Scan,7,0,256,Nested Loop,0
39,Synthetic,Materialize,6,16,0,Nested Loop,1
39,Synthetic,Seq Scan,7,0,258,Materialize,0
39,Synthetic,Parallel Hash,5,16,0,Parallel Hash Semi Join,1
39,Synthetic,Parallel Seq Scan,6,16,0,Parallel Hash,0
40,Original,Finalize Aggregate,0,0,269,,1
40,Original,Gather,1,16,0,Finalize Aggregate,1
40,Original,Partial Aggregate,2,16,0,Gather,1
40,Original,Nested Loop,3,16,0,Partial Aggregate,2
40,Original,Nested Loop,4,16,0,Nested Loop,2
40,Original,Nested Loop,5,16,0,Nested Loop,2
40,Original,Nested Loop,6,16,0,Nested Loop,2
40,Original,Parallel Hash Join,7,16,0,Nested Loop,2
40,Original,Parallel Seq Scan,8,0,267,Parallel Hash Join,0
40,Original,Parallel Hash,8,16,0,Parallel Hash Join,1
40,Original,Hash Join,9,16,0,Parallel Hash,2
40,Original,Hash Join,10,16,0,Hash Join,2
40,Original,Parallel Seq Scan,11,0,266,Hash Join,0
40,Original,Hash,11,1,270,Hash Join,1
40,Original,Seq Scan,12,0,265,Hash,0
40,Original,Hash,10,1,271,Hash Join,1
40,Original,Seq Scan,11,0,264,Hash,0
40,Original,Index Scan,7,0,268,Nested Loop,0
40,Original,Index Scan,6,0,263,Nested Loop,0
40,Original,Index Only Scan,5,16,0,Nested Loop,0
40,Original,Index Scan,4,0,262,Nested Loop,0
40,Synthetic,Sort,0,0,269,,1
40,Synthetic,GroupAggregate,1,16,0,Sort,1
40,Synthetic,Sort,2,16,0,GroupAggregate,1
40,Synthetic,Gather,3,16,0,Sort,1
40,Synthetic,Nested Loop,4,16,0,Gather,2
40,Synthetic,Parallel Hash Join,5,16,0,Nested Loop,2
40,Synthetic,Parallel Seq Scan,6,16,0,Parallel Hash Join,0
40,Synthetic,Parallel Hash,6,16,0,Parallel Hash Join,1
40,Synthetic,Nested Loop,7,16,0,Parallel Hash,2
40,Synthetic,Parallel Hash Join,8,16,0,Nested Loop,2
40,Synthetic,Parallel Seq Scan,9,16,0,Parallel Hash Join,0
40,Synthetic,Parallel Hash,9,16,0,Parallel Hash Join,1
40,Synthetic,Nested Loop,10,16,0,Parallel Hash,2
40,Synthetic,Parallel Hash Join,11,16,0,Nested Loop,2
40,Synthetic,Hash Join,12,16,0,Parallel Hash Join,2
40,Synthetic,Parallel Seq Scan,13,0,267,Hash Join,0
40,Synthetic,Hash,13,1,270,Hash Join,1
40,Synthetic,Seq Scan,14,0,265,Hash,0
40,Synthetic,Parallel Hash,12,16,0,Parallel Hash Join,1
40,Synthetic,Hash Join,13,16,0,Parallel Hash,2
40,Synthetic,Parallel Seq Scan,14,0,266,Hash Join,0
40,Synthetic,Hash,14,1,271,Hash Join,1
40,Synthetic,Seq Scan,15,0,264,Hash,0
40,Synthetic,Index Scan,11,0,268,Nested Loop,0
40,Synthetic,Index Scan,8,0,263,Nested Loop,0
40,Synthetic,Index Scan,5,0,262,Nested Loop,0
41,Original,Finalize Aggregate,0,0,279,,1
41,Original,Gather,1,16,0,Finalize Aggregate,1
41,Original,Partial Aggregate,2,16,0,Gather,1
41,Original,Nested Loop,3,16,0,Partial Aggregate,2
41,Original,Nested Loop,4,16,0,Nested Loop,2
41,Original,Parallel Hash Join,5,16,0,Nested Loop,2
41,Original,Parallel Seq Scan,6,0,278,Parallel Hash Join,0
41,Original,Parallel Hash,6,16,0,Parallel Hash Join,1
41,Original,Nested Loop,7,16,0,Parallel Hash,2
41,Original,Nested Loop,8,16,0,Nested Loop,2
41,Original,Hash Join,9,16,0,Nested Loop,2
41,Original,Hash Join,10,16,0,Hash Join,2
41,Original,Parallel Seq Scan,11,0,277,Hash Join,0
41,Original,Hash,11,1,281,Hash Join,1
41,Original,Seq Scan,12,0,276,Hash,0
41,Original,Hash,10,1,280,Hash Join,1
41,Original,Seq Scan,11,0,275,Hash,0
41,Original,Index Scan,9,0,273,Nested Loop,0
41,Original,Index Only Scan,8,16,0,Nested Loop,0
41,Original,Memoize,5,16,0,Nested Loop,1
41,Original,Index Scan,6,0,274,Memoize,0
41,Original,Index Scan,4,0,272,Nested Loop,0
41,Synthetic,Sort,0,0,279,,1
41,Synthetic,GroupAggregate,1,16,0,Sort,1
41,Synthetic,Sort,2,16,0,GroupAggregate,1
41,Synthetic,Gather,3,16,0,Sort,1
41,Synthetic,Nested Loop,4,16,0,Gather,2
41,Synthetic,Parallel Hash Join,5,16,0,Nested Loop,2
41,Synthetic,Parallel Seq Scan,6,16,0,Parallel Hash Join,0
41,Synthetic,Parallel Hash,6,16,0,Parallel Hash Join,1
41,Synthetic,Nested Loop,7,16,0,Parallel Hash,2
41,Synthetic,Parallel Hash Join,8,16,0,Nested Loop,2
41,Synthetic,Parallel Seq Scan,9,16,0,Parallel Hash Join,0
41,Synthetic,Parallel Hash,9,16,0,Parallel Hash Join,1
41,Synthetic,Nested Loop,10,16,0,Parallel Hash,2
41,Synthetic,Parallel Hash Join,11,16,0,Nested Loop,2
41,Synthetic,Hash Join,12,16,0,Parallel Hash Join,2
41,Synthetic,Parallel Seq Scan,13,0,278,Hash Join,0
41,Synthetic,Hash,13,1,281,Hash Join,1
41,Synthetic,Seq Scan,14,0,276,Hash,0
41,Synthetic,Parallel Hash,12,16,0,Parallel Hash Join,1
41,Synthetic,Hash Join,13,16,0,Parallel Hash,2
41,Synthetic,Parallel Seq Scan,14,0,277,Hash Join,0
41,Synthetic,Hash,14,1,280,Hash Join,1
41,Synthetic,Seq Scan,15,0,275,Hash,0
41,Synthetic,Index Scan,11,0,274,Nested Loop,0
41,Synthetic,Index Scan,8,0,273,Nested Loop,0
41,Synthetic,Index Scan,5,0,272,Nested Loop,0
42,Original,Finalize Aggregate,0,0,289,,1
42,Original,Gather,1,16,0,Finalize Aggregate,1
42,Original,Partial Aggregate,2,16,0,Gather,1
42,Original,Nested Loop,3,16,0,Partial Aggregate,2
42,Original,Nested Loop,4,16,0,Nested Loop,2
42,Original,Parallel Hash Join,5,16,0,Nested Loop,2
42,Original,Hash Join,6,16,0,Parallel Hash Join,2
42,Original,Parallel Seq Scan,7,16,0,Hash Join,0
42,Original,Hash,7,1,291,Hash Join,1
42,Original,Seq Scan,8,0,288,Hash,0
42,Original,Parallel Hash,6,16,0,Parallel Hash Join,1
42,Original,Parallel Hash Join,7,16,0,Parallel Hash,2
42,Original,Hash Join,8,16,0,Parallel Hash Join,2
42,Original,Parallel Seq Scan,9,0,287,Hash Join,0
42,Original,Hash,9,16,0,Hash Join,1
42,Original,Seq Scan,10,0,285,Hash,0
42,Original,Parallel Hash,8,16,0,Parallel Hash Join,1
42,Original,Hash Join,9,16,0,Parallel Hash,2
42,Original,Parallel Seq Scan,10,0,286,Hash Join,0
42,Original,Hash,10,1,290,Hash Join,1
42,Original,Seq Scan,11,0,284,Hash,0
42,Original,Index Scan,5,0,283,Nested Loop,0
42,Original,Index Scan,4,0,282,Nested Loop,0
42,Synthetic,Sort,0,0,289,,1
42,Synthetic,GroupAggregate,1,16,0,Sort,1
42,Synthetic,Sort,2,16,0,GroupAggregate,1
42,Synthetic,Nested Loop,3,16,0,Sort,2
42,Synthetic,Nested Loop,4,16,0,Nested Loop,2
42,Synthetic,Gather,5,16,0,Nested Loop,1
42,Synthetic,Parallel Hash Join,6,16,0,Gather,2
42,Synthetic,Parallel Seq Scan,7,0,287,Parallel Hash Join,0
42,Synthetic,Parallel Hash,7,16,0,Parallel Hash Join,1
42,Synthetic,Nested Loop,8,16,0,Parallel Hash,2
42,Synthetic,Hash Join,9,16,0,Nested Loop,2
42,Synthetic,Hash Join,10,16,0,Hash Join,2
42,Synthetic,Parallel Seq Scan,11,0,286,Hash Join,0
42,Synthetic,Hash,11,1,291,Hash Join,1
42,Synthetic,Seq Scan,12,0,288,Hash,0
42,Synthetic,Hash,10,16,0,Hash Join,1
42,Synthetic,Hash Join,11,16,0,Hash,2
42,Synthetic,Seq Scan,12,0,285,Hash Join,0
42,Synthetic,Hash,12,1,290,Hash Join,1
42,Synthetic,Seq Scan,13,0,284,Hash,0
42,Synthetic,Index Scan,9,16,0,Nested Loop,0
42,Synthetic,Index Scan,5,0,283,Nested Loop,0
42,Synthetic,Index Scan,4,0,282,Nested Loop,0
43,Original,Aggregate,0,0,299,,1
43,Original,Nested Loop,1,16,0,Aggregate,2
43,Original,Gather,2,16,0,Nested Loop,1
43,Original,Nested Loop,3,16,0,Gather,2
43,Original,Parallel Hash Join,4,16,0,Nested Loop,2
43,Original,Hash Join,5,16,0,Parallel Hash Join,2
43,Original,Parallel Seq Scan,6,16,0,Hash Join,0
43,Original,Hash,6,16,0,Hash Join,1
43,Original,Seq Scan,7,0,298,Hash,0
43,Original,Parallel Hash,5,16,0,Parallel Hash Join,1
43,Original,Parallel Hash Join,6,16,0,Parallel Hash,2
43,Original,Hash Join,7,16,0,Parallel Hash Join,2
43,Original,Parallel Seq Scan,8,0,297,Hash Join,0
43,Original,Hash,8,0,301,Hash Join,1
43,Original,Seq Scan,9,0,295,Hash,0
43,Original,Parallel Hash,7,16,0,Parallel Hash Join,1
43,Original,Hash Join,8,16,0,Parallel Hash,2
43,Original,Parallel Seq Scan,9,0,296,Hash Join,0
43,Original,Hash,9,0,300,Hash Join,1
43,Original,Seq Scan,10,0,294,Hash,0
43,Original,Index Scan,4,0,293,Nested Loop,0
43,Original,Index Scan,2,0,292,Nested Loop,0
43,Synthetic,Sort,0,0,299,,1
43,Synthetic,GroupAggregate,1,16,0,Sort,1
43,Synthetic,Sort,2,16,0,GroupAggregate,1
43,Synthetic,Nested Loop,3,16,0,Sort,2
43,Synthetic,Nested Loop,4,16,0,Nested Loop,2
43,Synthetic,Gather,5,16,0,Nested Loop,1
43,Synthetic,Parallel Hash Join,6,16,0,Gather,2
43,Synthetic,Parallel Seq Scan,7,0,297,Parallel Hash Join,0
43,Synthetic,Parallel Hash,7,16,0,Parallel Hash Join,1
43,Synthetic,Nested Loop,8,16,0,Parallel Hash,2
43,Synthetic,Hash Join,9,16,0,Nested Loop,2
43,Synthetic,Hash Join,10,16,0,Hash Join,2
43,Synthetic,Parallel Seq Scan,11,0,296,Hash Join,0
43,Synthetic,Hash,11,0,301,Hash Join,1
43,Synthetic,Seq Scan,12,0,295,Hash,0
43,Synthetic,Hash,10,16,0,Hash Join,1
43,Synthetic,Hash Join,11,16,0,Hash,2
43,Synthetic,Seq Scan,12,0,298,Hash Join,0
43,Synthetic,Hash,12,0,300,Hash Join,1
43,Synthetic,Seq Scan,13,0,294,Hash,0
43,Synthetic,Index Scan,9,16,0,Nested Loop,0
43,Synthetic,Index Scan,5,0,293,Nested Loop,0
43,Synthetic,Index Scan,4,0,292,Nested Loop,0
44,Original,Finalize Aggregate,0,0,309,,1
44,Original,Gather,1,16,0,Finalize Aggregate,1
44,Original,Partial Aggregate,2,16,0,Gather,1
44,Original,Nested Loop,3,16,0,Partial Aggregate,2
44,Original,Nested Loop,4,16,0,Nested Loop,2
44,Original,Parallel Hash Join,5,16,0,Nested Loop,2
44,Original,Hash Join,6,16,0,Parallel Hash Join,2
44,Original,Parallel Seq Scan,7,16,0,Hash Join,0
44,Original,Hash,7,1,310,Hash Join,1
44,Original,Seq Scan,8,0,308,Hash,0
44,Original,Parallel Hash,6,16,0,Parallel Hash Join,1
44,Original,Parallel Hash Join,7,16,0,Parallel Hash,2
44,Original,Hash Join,8,16,0,Parallel Hash Join,2
44,Original,Parallel Seq Scan,9,0,307,Hash Join,0
44,Original,Hash,9,16,0,Hash Join,1
44,Original,Seq Scan,10,0,305,Hash,0
44,Original,Parallel Hash,8,16,0,Parallel Hash Join,1
44,Original,Hash Join,9,16,0,Parallel Hash,2
44,Original,Parallel Seq Scan,10,0,306,Hash Join,0
44,Original,Hash,10,1,311,Hash Join,1
44,Original,Seq Scan,11,0,304,Hash,0
44,Original,Index Scan,5,0,303,Nested Loop,0
44,Original,Index Scan,4,0,302,Nested Loop,0
44,Synthetic,Sort,0,0,309,,1
44,Synthetic,GroupAggregate,1,16,0,Sort,1
44,Synthetic,Sort,2,16,0,GroupAggregate,1
44,Synthetic,Nested Loop,3,16,0,Sort,2
44,Synthetic,Nested Loop,4,16,0,Nested Loop,2
44,Synthetic,Gather,5,16,0,Nested Loop,1
44,Synthetic,Parallel Hash Join,6,16,0,Gather,2
44,Synthetic,Parallel Seq Scan,7,0,307,Parallel Hash Join,0
44,Synthetic,Parallel Hash,7,16,0,Parallel Hash Join,1
44,Synthetic,Nested Loop,8,16,0,Parallel Hash,2
44,Synthetic,Hash Join,9,16,0,Nested Loop,2
44,Synthetic,Hash Join,10,16,0,Hash Join,2
44,Synthetic,Parallel Seq Scan,11,0,306,Hash Join,0
44,Synthetic,Hash,11,1,310,Hash Join,1
44,Synthetic,Seq Scan,12,0,308,Hash,0
44,Synthetic,Hash,10,16,0,Hash Join,1
44,Synthetic,Hash Join,11,16,0,Hash,2
44,Synthetic,Seq Scan,12,0,305,Hash Join,0
44,Synthetic,Hash,12,1,311,Hash Join,1
44,Synthetic,Seq Scan,13,0,304,Hash,0
44,Synthetic,Index Scan,9,16,0,Nested Loop,0
44,Synthetic,Index Scan,5,0,303,Nested Loop,0
44,Synthetic,Index Scan,4,0,302,Nested Loop,0
45,Original,Aggregate,0,0,321,,1
45,Original,Gather,1,16,0,Aggregate,1
45,Original,Nested Loop,2,16,0,Gather,2
45,Original,Nested Loop,3,16,0,Nested Loop,2
45,Original,Nested Loop,4,16,0,Nested Loop,2
45,Original,Parallel Hash Join,5,16,0,Nested Loop,2
45,Original,Hash Join,6,16,0,Parallel Hash Join,2
45,Original,Parallel Seq Scan,7,0,320,Hash Join,0
45,Original,Hash,7,1,322,Hash Join,1
45,Original,Seq Scan,8,0,319,Hash,0
45,Original,Parallel Hash,6,16,0,Parallel Hash Join,1
45,Original,Parallel Hash Join,7,16,0,Parallel Hash,2
45,Original,Hash Join,8,16,0,Parallel Hash Join,2
45,Original,Parallel Seq Scan,9,0,317,Hash Join,0
45,Original,Hash,9,0,324,Hash Join,1
45,Original,Seq Scan,10,0,315,Hash,0
45,Original,Parallel Hash,8,16,0,Parallel Hash Join,1
45,Original,Hash Join,9,16,0,Parallel Hash,2
45,Original,Parallel Seq Scan,10,0,316,Hash Join,0
45,Original,Hash,10,0,323,Hash Join,1
45,Original,Seq Scan,11,0,314,Hash,0
45,Original,Index Scan,5,0,318,Nested Loop,0
45,Original,Index Scan,4,0,313,Nested Loop,0
45,Original,Index Scan,3,0,312,Nested Loop,0
45,Synthetic,Sort,0,0,321,,1
45,Synthetic,GroupAggregate,1,16,0,Sort,1
45,Synthetic,Sort,2,16,0,GroupAggregate,1
45,Synthetic,Nested Loop,3,16,0,Sort,2
45,Synthetic,Hash Join,4,16,0,Nested Loop,2
45,Synthetic,Gather,5,16,0,Hash Join,1
45,Synthetic,Nested Loop,6,16,0,Gather,2
45,Synthetic,Parallel Hash Join,7,16,0,Nested Loop,2
45,Synthetic,Parallel Seq Scan,8,0,320,Parallel Hash Join,0
45,Synthetic,Parallel Hash,8,16,0,Parallel Hash Join,1
45,Synthetic,Nested Loop,9,16,0,Parallel Hash,2
45,Synthetic,Parallel Hash Join,10,16,0,Nested Loop,2
45,Synthetic,Hash Join,11,16,0,Parallel Hash Join,2
45,Synthetic,Parallel Seq Scan,12,0,317,Hash Join,0
45,Synthetic,Hash,12,0,324,Hash Join,1
45,Synthetic,Seq Scan,13,0,315,Hash,0
45,Synthetic,Parallel Hash,11,16,0,Parallel Hash Join,1
45,Synthetic,Hash Join,12,16,0,Parallel Hash,2
45,Synthetic,Parallel Seq Scan,13,0,316,Hash Join,0
45,Synthetic,Hash,13,0,323,Hash Join,1
45,Synthetic,Seq Scan,14,0,314,Hash,0
45,Synthetic,Index Scan,10,0,318,Nested Loop,0
45,Synthetic,Index Scan,7,0,313,Nested Loop,0
45,Synthetic,Hash,5,1,322,Hash Join,1
45,Synthetic,Seq Scan,6,0,319,Hash,0
45,Synthetic,Index Scan,4,0,312,Nested Loop,0
46,Original,Aggregate,0,0,333,,1
46,Original,Nested Loop,1,16,0,Aggregate,2
46,Original,Nested Loop,2,16,0,Nested Loop,2
46,Original,Gather,3,16,0,Nested Loop,1
46,Original,Nested Loop,4,16,0,Gather,2
46,Original,Parallel Hash Join,5,16,0,Nested Loop,2
46,Original,Hash Join,6,16,0,Parallel Hash Join,2
46,Original,Parallel Seq Scan,7,0,332,Hash Join,0
46,Original,Hash,7,16,0,Hash Join,1
46,Original,Seq Scan,8,16,0,Hash,0
46,Original,Parallel Hash,6,16,0,Parallel Hash Join,1
46,Original,Parallel Hash Join,7,16,0,Parallel Hash,2
46,Original,Hash Join,8,16,0,Parallel Hash Join,2
46,Original,Parallel Seq Scan,9,0,330,Hash Join,0
46,Original,Hash,9,1,335,Hash Join,1
46,Original,Seq Scan,10,0,328,Hash,0
46,Original,Parallel Hash,8,16,0,Parallel Hash Join,1
46,Original,Hash Join,9,16,0,Parallel Hash,2
46,Original,Parallel Seq Scan,10,0,329,Hash Join,0
46,Original,Hash,10,1,334,Hash Join,1
46,Original,Seq Scan,11,0,327,Hash,0
46,Original,Index Scan,5,0,331,Nested Loop,0
46,Original,Index Scan,3,0,326,Nested Loop,0
46,Original,Index Scan,2,0,325,Nested Loop,0
46,Synthetic,Sort,0,0,333,,1
46,Synthetic,GroupAggregate,1,16,0,Sort,1
46,Synthetic,Sort,2,16,0,GroupAggregate,1
46,Synthetic,Nested Loop,3,16,0,Sort,2
46,Synthetic,Nested Loop,4,16,0,Nested Loop,2
46,Synthetic,Gather,5,16,0,Nested Loop,1
46,Synthetic,Parallel Hash Join,6,16,0,Gather,2
46,Synthetic,Parallel Seq Scan,7,0,332,Parallel Hash Join,0
46,Synthetic,Parallel Hash,7,16,0,Parallel Hash Join,1
46,Synthetic,Nested Loop,8,16,0,Parallel Hash,2
46,Synthetic,Parallel Hash Join,9,16,0,Nested Loop,2
46,Synthetic,Hash Join,10,16,0,Parallel Hash Join,2
46,Synthetic,Parallel Seq Scan,11,0,330,Hash Join,0
46,Synthetic,Hash,11,1,335,Hash Join,1
46,Synthetic,Seq Scan,12,0,328,Hash,0
46,Synthetic,Parallel Hash,10,16,0,Parallel Hash Join,1
46,Synthetic,Hash Join,11,16,0,Parallel Hash,2
46,Synthetic,Parallel Seq Scan,12,0,329,Hash Join,0
46,Synthetic,Hash,12,1,334,Hash Join,1
46,Synthetic,Seq Scan,13,0,327,Hash,0
46,Synthetic,Index Scan,9,0,331,Nested Loop,0
46,Synthetic,Index Scan,5,0,326,Nested Loop,0
46,Synthetic,Index Scan,4,0,325,Nested Loop,0
47,Original,Aggregate,0,0,344,,1
47,Original,Nested Loop,1,16,0,Aggregate,2
47,Original,Nested Loop,2,16,0,Nested Loop,2
47,Original,Gather,3,16,0,Nested Loop,1
47,Original,Nested Loop,4,16,0,Gather,2
47,Original,Parallel Hash Join,5,16,0,Nested Loop,2
47,Original,Hash Join,6,16,0,Parallel Hash Join,2
47,Original,Parallel Seq Scan,7,0,343,Hash Join,0
47,Original,Hash,7,16,0,Hash Join,1
47,Original,Seq Scan,8,16,0,Hash,0
47,Original,Parallel Hash,6,16,0,Parallel Hash Join,1
47,Original,Parallel Hash Join,7,16,0,Parallel Hash,2
47,Original,Hash Join,8,16,0,Parallel Hash Join,2
47,Original,Parallel Seq Scan,9,0,341,Hash Join,0
47,Original,Hash,9,1,345,Hash Join,1
47,Original,Seq Scan,10,0,339,Hash,0
47,Original,Parallel Hash,8,16,0,Parallel Hash Join,1
47,Original,Hash Join,9,16,0,Parallel Hash,2
47,Original,Parallel Seq Scan,10,0,340,Hash Join,0
47,Original,Hash,10,1,346,Hash Join,1
47,Original,Seq Scan,11,0,338,Hash,0
47,Original,Index Scan,5,0,342,Nested Loop,0
47,Original,Index Scan,3,0,337,Nested Loop,0
47,Original,Index Scan,2,0,336,Nested Loop,0
47,Synthetic,Sort,0,0,344,,1
47,Synthetic,GroupAggregate,1,16,0,Sort,1
47,Synthetic,Sort,2,16,0,GroupAggregate,1
47,Synthetic,Nested Loop,3,16,0,Sort,2
47,Synthetic,Nested Loop,4,16,0,Nested Loop,2
47,Synthetic,Gather,5,16,0,Nested Loop,1
47,Synthetic,Parallel Hash Join,6,16,0,Gather,2
47,Synthetic,Parallel Seq Scan,7,0,343,Parallel Hash Join,0
47,Synthetic,Parallel Hash,7,16,0,Parallel Hash Join,1
47,Synthetic,Nested Loop,8,16,0,Parallel Hash,2
47,Synthetic,Parallel Hash Join,9,16,0,Nested Loop,2
47,Synthetic,Hash Join,10,16,0,Parallel Hash Join,2
47,Synthetic,Parallel Seq Scan,11,0,341,Hash Join,0
47,Synthetic,Hash,11,1,345,Hash Join,1
47,Synthetic,Seq Scan,12,0,339,Hash,0
47,Synthetic,Parallel Hash,10,16,0,Parallel Hash Join,1
47,Synthetic,Hash Join,11,16,0,Parallel Hash,2
47,Synthetic,Parallel Seq Scan,12,0,340,Hash Join,0
47,Synthetic,Hash,12,1,346,Hash Join,1
47,Synthetic,Seq Scan,13,0,338,Hash,0
47,Synthetic,Index Scan,9,0,342,Nested Loop,0
47,Synthetic,Index Scan,5,0,337,Nested Loop,0
47,Synthetic,Index Scan,4,0,336,Nested Loop,0
48,Original,Aggregate,0,0,352,,1
48,Original,Nested Loop,1,16,0,Aggregate,2
48,Original,Gather,2,16,0,Nested Loop,1
48,Original,Nested Loop,3,16,0,Gather,2
48,Original,Nested Loop,4,16,0,Nested Loop,2
48,Original,Parallel Hash Join,5,16,0,Nested Loop,2
48,Original,Hash Join,6,16,0,Parallel Hash Join,2
48,Original,Parallel Seq Scan,7,0,351,Hash Join,0
48,Original,Hash,7,16,0,Hash Join,1
48,Original,Seq Scan,8,16,0,Hash,0
48,Original,Parallel Hash,6,16,0,Parallel Hash Join,1
48,Original,Parallel Hash Join,7,16,0,Parallel Hash,2
48,Original,Hash Join,8,16,0,Parallel Hash Join,2
48,Original,Parallel Seq Scan,9,0,350,Hash Join,0
48,Original,Hash,9,1,354,Hash Join,1
48,Original,Seq Scan,10,0,348,Hash,0
48,Original,Parallel Hash,8,16,0,Parallel Hash Join,1
48,Original,Hash Join,9,16,0,Parallel Hash,2
48,Original,Parallel Seq Scan,10,0,349,Hash Join,0
48,Original,Hash,10,1,353,Hash Join,1
48,Original,Seq Scan,11,0,347,Hash,0
48,Original,Index Scan,5,16,0,Nested Loop,0
48,Original,Memoize,4,16,0,Nested Loop,1
48,Original,Index Scan,5,16,0,Memoize,0
48,Original,Index Scan,2,16,0,Nested Loop,0
48,Synthetic,GroupAggregate,0,0,352,,1
48,Synthetic,Gather Merge,1,16,0,GroupAggregate,1
48,Synthetic,Sort,2,16,0,Gather Merge,1
48,Synthetic,Parallel Hash Join,3,16,0,Sort,2
48,Synthetic,Parallel Seq Scan,4,0,351,Parallel Hash Join,0
48,Synthetic,Parallel Hash,4,16,0,Parallel Hash Join,1
48,Synthetic,Parallel Hash Join,5,16,0,Parallel Hash,2
48,Synthetic,Hash Join,6,16,0,Parallel Hash Join,2
48,Synthetic,Parallel Seq Scan,7,0,350,Hash Join,0
48,Synthetic,Hash,7,1,354,Hash Join,1
48,Synthetic,Seq Scan,8,0,348,Hash,0
48,Synthetic,Parallel Hash,6,16,0,Parallel Hash Join,1
48,Synthetic,Nested Loop,7,16,0,Parallel Hash,2
48,Synthetic,Hash Join,8,16,0,Nested Loop,2
48,Synthetic,Parallel Seq Scan,9,0,349,Hash Join,0
48,Synthetic,Hash,9,1,353,Hash Join,1
48,Synthetic,Seq Scan,10,0,347,Hash,0
48,Synthetic,Index Only Scan,8,16,0,Nested Loop,0
49,Original,Aggregate,0,0,360,,1
49,Original,Gather,1,16,0,Aggregate,1
49,Original,Nested Loop,2,16,0,Gather,2
49,Original,Parallel Hash Join,3,16,0,Nested Loop,2
49,Original,Parallel Seq Scan,4,0,359,Parallel Hash Join,0
49,Original,Parallel Hash,4,16,0,Parallel Hash Join,1
49,Original,Nested Loop,5,16,0,Parallel Hash,2
49,Original,Nested Loop,6,16,0,Nested Loop,2
49,Original,Parallel Hash Join,7,16,0,Nested Loop,2
49,Original,Hash Join,8,16,0,Parallel Hash Join,2
49,Original,Parallel Seq Scan,9,0,358,Hash Join,0
49,Original,Hash,9,1,361,Hash Join,1
49,Original,Seq Scan,10,0,356,Hash,0
49,Original,Parallel Hash,8,16,0,Parallel Hash Join,1
49,Original,Hash Join,9,16,0,Parallel Hash,2
49,Original,Parallel Seq Scan,10,0,357,Hash Join,0
49,Original,Hash,10,1,362,Hash Join,1
49,Original,Seq Scan,11,0,355,Hash,0
49,Original,Index Scan,7,16,0,Nested Loop,0
49,Original,Memoize,6,16,0,Nested Loop,1
49,Original,Index Scan,7,16,0,Memoize,0
49,Original,Index Scan,3,16,0,Nested Loop,0
49,Synthetic,GroupAggregate,0,0,360,,1
49,Synthetic,Gather Merge,1,16,0,GroupAggregate,1
49,Synthetic,Sort,2,16,0,Gather Merge,1
49,Synthetic,Parallel Hash Join,3,16,0,Sort,2
49,Synthetic,Parallel Seq Scan,4,0,359,Parallel Hash Join,0
49,Synthetic,Parallel Hash,4,16,0,Parallel Hash Join,1
49,Synthetic,Parallel Hash Join,5,16,0,Parallel Hash,2
49,Synthetic,Hash Join,6,16,0,Parallel Hash Join,2
49,Synthetic,Parallel Seq Scan,7,0,358,Hash Join,0
49,Synthetic,Hash,7,1,361,Hash Join,1
49,Synthetic,Seq Scan,8,0,356,Hash,0
49,Synthetic,Parallel Hash,6,16,0,Parallel Hash Join,1
49,Synthetic,Nested Loop,7,16,0,Parallel Hash,2
49,Synthetic,Hash Join,8,16,0,Nested Loop,2
49,Synthetic,Parallel Seq Scan,9,0,357,Hash Join,0
49,Synthetic,Hash,9,1,362,Hash Join,1
49,Synthetic,Seq Scan,10,0,355,Hash,0
49,Synthetic,Index Only Scan,8,16,0,Nested Loop,0
50,Original,Aggregate,0,0,368,,1
50,Original,Gather,1,16,0,Aggregate,1
50,Original,Nested Loop,2,16,0,Gather,2
50,Original,Nested Loop,3,16,0,Nested Loop,2
50,Original,Parallel Hash Join,4,16,0,Nested Loop,2
50,Original,Parallel Seq Scan,5,0,367,Parallel Hash Join,0
50,Original,Parallel Hash,5,16,0,Parallel Hash Join,1
50,Original,Nested Loop,6,16,0,Parallel Hash,2
50,Original,Parallel Hash Join,7,16,0,Nested Loop,2
50,Original,Hash Join,8,16,0,Parallel Hash Join,2
50,Original,Parallel Seq Scan,9,0,366,Hash Join,0
50,Original,Hash,9,1,370,Hash Join,1
50,Original,Seq Scan,10,0,364,Hash,0
50,Original,Parallel Hash,8,16,0,Parallel Hash Join,1
50,Original,Hash Join,9,16,0,Parallel Hash,2
50,Original,Parallel Seq Scan,10,0,365,Hash Join,0
50,Original,Hash,10,1,369,Hash Join,1
50,Original,Seq Scan,11,0,363,Hash,0
50,Original,Index Scan,7,16,0,Nested Loop,0
50,Original,Index Scan,4,16,0,Nested Loop,0
50,Original,Index Scan,3,16,0,Nested Loop,0
50,Synthetic,GroupAggregate,0,0,368,,1
50,Synthetic,Gather Merge,1,16,0,GroupAggregate,1
50,Synthetic,Sort,2,16,0,Gather Merge,1
50,Synthetic,Parallel Hash Join,3,16,0,Sort,2
50,Synthetic,Parallel Seq Scan,4,0,367,Parallel Hash Join,0
50,Synthetic,Parallel Hash,4,16,0,Parallel Hash Join,1
50,Synthetic,Parallel Hash Join,5,16,0,Parallel Hash,2
50,Synthetic,Hash Join,6,16,0,Parallel Hash Join,2
50,Synthetic,Parallel Seq Scan,7,0,366,Hash Join,0
50,Synthetic,Hash,7,1,370,Hash Join,1
50,Synthetic,Seq Scan,8,0,364,Hash,0
50,Synthetic,Parallel Hash,6,16,0,Parallel Hash Join,1
50,Synthetic,Nested Loop,7,16,0,Parallel Hash,2
50,Synthetic,Hash Join,8,16,0,Nested Loop,2
50,Synthetic,Parallel Seq Scan,9,0,365,Hash Join,0
50,Synthetic,Hash,9,1,369,Hash Join,1
50,Synthetic,Seq Scan,10,0,363,Hash,0
50,Synthetic,Index Only Scan,8,16,0,Nested Loop,0
51,Original,Aggregate,0,0,376,,1
51,Original,Gather,1,16,0,Aggregate,1
51,Original,Nested Loop,2,16,0,Gather,2
51,Original,Parallel Hash Join,3,16,0,Nested Loop,2
51,Original,Parallel Seq Scan,4,0,375,Parallel Hash Join,0
51,Original,Parallel Hash,4,16,0,Parallel Hash Join,1
51,Original,Nested Loop,5,16,0,Parallel Hash,2
51,Original,Nested Loop,6,16,0,Nested Loop,2
51,Original,Parallel Hash Join,7,16,0,Nested Loop,2
51,Original,Hash Join,8,16,0,Parallel Hash Join,2
51,Original,Parallel Seq Scan,9,0,374,Hash Join,0
51,Original,Hash,9,1,377,Hash Join,1
51,Original,Seq Scan,10,0,372,Hash,0
51,Original,Parallel Hash,8,16,0,Parallel Hash Join,1
51,Original,Hash Join,9,16,0,Parallel Hash,2
51,Original,Parallel Seq Scan,10,0,373,Hash Join,0
51,Original,Hash,10,1,378,Hash Join,1
51,Original,Seq Scan,11,0,371,Hash,0
51,Original,Index Scan,7,16,0,Nested Loop,0
51,Original,Memoize,6,16,0,Nested Loop,1
51,Original,Index Scan,7,16,0,Memoize,0
51,Original,Index Scan,3,16,0,Nested Loop,0
51,Synthetic,GroupAggregate,0,0,376,,1
51,Synthetic,Gather Merge,1,16,0,GroupAggregate,1
51,Synthetic,Sort,2,16,0,Gather Merge,1
51,Synthetic,Parallel Hash Join,3,16,0,Sort,2
51,Synthetic,Parallel Seq Scan,4,0,375,Parallel Hash Join,0
51,Synthetic,Parallel Hash,4,16,0,Parallel Hash Join,1
51,Synthetic,Parallel Hash Join,5,16,0,Parallel Hash,2
51,Synthetic,Hash Join,6,16,0,Parallel Hash Join,2
51,Synthetic,Parallel Seq Scan,7,0,374,Hash Join,0
51,Synthetic,Hash,7,1,377,Hash Join,1
51,Synthetic,Seq Scan,8,0,372,Hash,0
51,Synthetic,Parallel Hash,6,16,0,Parallel Hash Join,1
51,Synthetic,Nested Loop,7,16,0,Parallel Hash,2
51,Synthetic,Hash Join,8,16,0,Nested Loop,2
51,Synthetic,Parallel Seq Scan,9,0,373,Hash Join,0
51,Synthetic,Hash,9,1,378,Hash Join,1
51,Synthetic,Seq Scan,10,0,371,Hash,0
51,Synthetic,Index Only Scan,8,16,0,Nested Loop,0
52,Original,Finalize Aggregate,0,0,384,,1
52,Original,Gather,1,16,0,Finalize Aggregate,1
52,Original,Partial Aggregate,2,16,0,Gather,1
52,Original,Parallel Hash Join,3,16,0,Partial Aggregate,2
52,Original,Parallel Seq Scan,4,16,0,Parallel Hash Join,0
52,Original,Parallel Hash,4,16,0,Parallel Hash Join,1
52,Original,Nested Loop,5,16,0,Parallel Hash,2
52,Original,Nested Loop,6,16,0,Nested Loop,2
52,Original,Parallel Hash Join,7,16,0,Nested Loop,2
52,Original,Parallel Seq Scan,8,0,382,Parallel Hash Join,0
52,Original,Parallel Hash,8,16,0,Parallel Hash Join,1
52,Original,Nested Loop,9,16,0,Parallel Hash,2
52,Original,Nested Loop,10,16,0,Nested Loop,2
52,Original,Parallel Hash Join,11,16,0,Nested Loop,2
52,Original,Parallel Seq Scan,12,0,381,Parallel Hash Join,0
52,Original,Parallel Hash,12,16,0,Parallel Hash Join,1
52,Original,Hash Join,13,16,0,Parallel Hash,2
52,Original,Parallel Seq Scan,14,0,380,Hash Join,0
52,Original,Hash,14,1,385,Hash Join,1
52,Original,Seq Scan,15,0,379,Hash,0
52,Original,Index Scan,11,16,0,Nested Loop,0
52,Original,Index Only Scan,10,16,0,Nested Loop,0
52,Original,Index Scan,7,16,0,Nested Loop,0
52,Original,Index Only Scan,6,0,383,Nested Loop,0
52,Synthetic,GroupAggregate,0,0,384,,1
52,Synthetic,Gather Merge,1,16,0,GroupAggregate,1
52,Synthetic,Sort,2,16,0,Gather Merge,1
52,Synthetic,Parallel Hash Join,3,16,0,Sort,2
52,Synthetic,Parallel Seq Scan,4,0,382,Parallel Hash Join,0
52,Synthetic,Parallel Hash,4,16,0,Parallel Hash Join,1
52,Synthetic,Parallel Hash Join,5,16,0,Parallel Hash,2
52,Synthetic,Hash Join,6,16,0,Parallel Hash Join,2
52,Synthetic,Parallel Seq Scan,7,0,381,Hash Join,0
52,Synthetic,Hash,7,16,0,Hash Join,1
52,Synthetic,Seq Scan,8,16,0,Hash,0
52,Synthetic,Parallel Hash,6,16,0,Parallel Hash Join,1
52,Synthetic,Nested Loop,7,16,0,Parallel Hash,2
52,Synthetic,Hash Join,8,16,0,Nested Loop,2
52,Synthetic,Parallel Seq Scan,9,0,380,Hash Join,0
52,Synthetic,Hash,9,1,385,Hash Join,1
52,Synthetic,Seq Scan,10,0,379,Hash,0
52,Synthetic,Index Only Scan,8,0,383,Nested Loop,0
53,Original,Finalize Aggregate,0,0,391,,1
53,Original,Gather,1,16,0,Finalize Aggregate,1
53,Original,Partial Aggregate,2,16,0,Gather,1
53,Original,Parallel Hash Join,3,16,0,Partial Aggregate,2
53,Original,Parallel Seq Scan,4,16,0,Parallel Hash Join,0
53,Original,Parallel Hash,4,16,0,Parallel Hash Join,1
53,Original,Nested Loop,5,16,0,Parallel Hash,2
53,Original,Nested Loop,6,16,0,Nested Loop,2
53,Original,Nested Loop,7,16,0,Nested Loop,2
53,Original,Nested Loop,8,16,0,Nested Loop,2
53,Original,Parallel Hash Join,9,16,0,Nested Loop,2
53,Original,Parallel Seq Scan,10,0,389,Parallel Hash Join,0
53,Original,Parallel Hash,10,16,0,Parallel Hash Join,1
53,Original,Parallel Hash Join,11,16,0,Parallel Hash,2
53,Original,Parallel Seq Scan,12,0,388,Parallel Hash Join,0
53,Original,Parallel Hash,12,16,0,Parallel Hash Join,1
53,Original,Hash Join,13,16,0,Parallel Hash,2
53,Original,Parallel Seq Scan,14,0,387,Hash Join,0
53,Original,Hash,14,1,392,Hash Join,1
53,Original,Seq Scan,15,0,386,Hash,0
53,Original,Index Scan,9,16,0,Nested Loop,0
53,Original,Memoize,8,16,0,Nested Loop,1
53,Original,Index Scan,9,16,0,Memoize,0
53,Original,Index Only Scan,7,16,0,Nested Loop,0
53,Original,Index Only Scan,6,0,390,Nested Loop,0
53,Synthetic,GroupAggregate,0,0,391,,1
53,Synthetic,Gather Merge,1,16,0,GroupAggregate,1
53,Synthetic,Sort,2,16,0,Gather Merge,1
53,Synthetic,Parallel Hash Join,3,16,0,Sort,2
53,Synthetic,Parallel Seq Scan,4,0,389,Parallel Hash Join,0
53,Synthetic,Parallel Hash,4,16,0,Parallel Hash Join,1
53,Synthetic,Parallel Hash Join,5,16,0,Parallel Hash,2
53,Synthetic,Hash Join,6,16,0,Parallel Hash Join,2
53,Synthetic,Parallel Seq Scan,7,0,388,Hash Join,0
53,Synthetic,Hash,7,16,0,Hash Join,1
53,Synthetic,Seq Scan,8,16,0,Hash,0
53,Synthetic,Parallel Hash,6,16,0,Parallel Hash Join,1
53,Synthetic,Nested Loop,7,16,0,Parallel Hash,2
53,Synthetic,Hash Join,8,16,0,Nested Loop,2
53,Synthetic,Parallel Seq Scan,9,0,387,Hash Join,0
53,Synthetic,Hash,9,1,392,Hash Join,1
53,Synthetic,Seq Scan,10,0,386,Hash,0
53,Synthetic,Index Only Scan,8,0,390,Nested Loop,0
54,Original,Finalize Aggregate,0,0,398,,1
54,Original,Gather,1,16,0,Finalize Aggregate,1
54,Original,Partial Aggregate,2,16,0,Gather,1
54,Original,Parallel Hash Join,3,16,0,Partial Aggregate,2
54,Original,Parallel Seq Scan,4,16,0,Parallel Hash Join,0
54,Original,Parallel Hash,4,16,0,Parallel Hash Join,1
54,Original,Nested Loop,5,16,0,Parallel Hash,2
54,Original,Parallel Hash Join,6,16,0,Nested Loop,2
54,Original,Parallel Seq Scan,7,0,396,Parallel Hash Join,0
54,Original,Parallel Hash,7,16,0,Parallel Hash Join,1
54,Original,Nested Loop,8,16,0,Parallel Hash,2
54,Original,Nested Loop,9,16,0,Nested Loop,2
54,Original,Nested Loop,10,16,0,Nested Loop,2
54,Original,Parallel Hash Join,11,16,0,Nested Loop,2
54,Original,Parallel Seq Scan,12,0,395,Parallel Hash Join,0
54,Original,Parallel Hash,12,16,0,Parallel Hash Join,1
54,Original,Hash Join,13,16,0,Parallel Hash,2
54,Original,Parallel Seq Scan,14,0,394,Hash Join,0
54,Original,Hash,14,1,399,Hash Join,1
54,Original,Seq Scan,15,0,393,Hash,0
54,Original,Index Scan,11,16,0,Nested Loop,0
54,Original,Index Scan,10,16,0,Nested Loop,0
54,Original,Index Only Scan,9,16,0,Nested Loop,0
54,Original,Index Only Scan,6,0,397,Nested Loop,0
54,Synthetic,GroupAggregate,0,0,398,,1
54,Synthetic,Gather Merge,1,16,0,GroupAggregate,1
54,Synthetic,Sort,2,16,0,Gather Merge,1
54,Synthetic,Parallel Hash Join,3,16,0,Sort,2
54,Synthetic,Parallel Seq Scan,4,0,396,Parallel Hash Join,0
54,Synthetic,Parallel Hash,4,16,0,Parallel Hash Join,1
54,Synthetic,Parallel Hash Join,5,16,0,Parallel Hash,2
54,Synthetic,Hash Join,6,16,0,Parallel Hash Join,2
54,Synthetic,Parallel Seq Scan,7,0,395,Hash Join,0
54,Synthetic,Hash,7,16,0,Hash Join,1
54,Synthetic,Seq Scan,8,16,0,Hash,0
54,Synthetic,Parallel Hash,6,16,0,Parallel Hash Join,1
54,Synthetic,Nested Loop,7,16,0,Parallel Hash,2
54,Synthetic,Hash Join,8,16,0,Nested Loop,2
54,Synthetic,Parallel Seq Scan,9,0,394,Hash Join,0
54,Synthetic,Hash,9,1,399,Hash Join,1
54,Synthetic,Seq Scan,10,0,393,Hash,0
54,Synthetic,Index Only Scan,8,0,397,Nested Loop,0
55,Original,Finalize Aggregate,0,0,405,,1
55,Original,Gather,1,16,0,Finalize Aggregate,1
55,Original,Partial Aggregate,2,16,0,Gather,1
55,Original,Parallel Hash Join,3,16,0,Partial Aggregate,2
55,Original,Parallel Seq Scan,4,16,0,Parallel Hash Join,0
55,Original,Parallel Hash,4,16,0,Parallel Hash Join,1
55,Original,Nested Loop,5,16,0,Parallel Hash,2
55,Original,Parallel Hash Join,6,16,0,Nested Loop,2
55,Original,Parallel Seq Scan,7,0,403,Parallel Hash Join,0
55,Original,Parallel Hash,7,16,0,Parallel Hash Join,1
55,Original,Nested Loop,8,16,0,Parallel Hash,2
55,Original,Nested Loop,9,16,0,Nested Loop,2
55,Original,Parallel Hash Join,10,16,0,Nested Loop,2
55,Original,Parallel Seq Scan,11,0,402,Parallel Hash Join,0
55,Original,Parallel Hash,11,16,0,Parallel Hash Join,1
55,Original,Nested Loop,12,16,0,Parallel Hash,2
55,Original,Hash Join,13,16,0,Nested Loop,2
55,Original,Parallel Seq Scan,14,0,401,Hash Join,0
55,Original,Hash,14,1,406,Hash Join,1
55,Original,Seq Scan,15,0,400,Hash,0
55,Original,Index Scan,13,16,0,Nested Loop,0
55,Original,Index Scan,10,16,0,Nested Loop,0
55,Original,Memoize,9,16,0,Nested Loop,1
55,Original,Index Only Scan,10,16,0,Memoize,0
55,Original,Index Only Scan,6,0,404,Nested Loop,0
55,Synthetic,GroupAggregate,0,0,405,,1
55,Synthetic,Gather Merge,1,16,0,GroupAggregate,1
55,Synthetic,Sort,2,16,0,Gather Merge,1
55,Synthetic,Parallel Hash Join,3,16,0,Sort,2
55,Synthetic,Parallel Seq Scan,4,0,403,Parallel Hash Join,0
55,Synthetic,Parallel Hash,4,16,0,Parallel Hash Join,1
55,Synthetic,Parallel Hash Join,5,16,0,Parallel Hash,2
55,Synthetic,Hash Join,6,16,0,Parallel Hash Join,2
55,Synthetic,Parallel Seq Scan,7,0,402,Hash Join,0
55,Synthetic,Hash,7,16,0,Hash Join,1
55,Synthetic,Seq Scan,8,16,0,Hash,0
55,Synthetic,Parallel Hash,6,16,0,Parallel Hash Join,1
55,Synthetic,Nested Loop,7,16,0,Parallel Hash,2
55,Synthetic,Hash Join,8,16,0,Nested Loop,2
55,Synthetic,Parallel Seq Scan,9,0,401,Hash Join,0
55,Synthetic,Hash,9,1,406,Hash Join,1
55,Synthetic,Seq Scan,10,0,400,Hash,0
55,Synthetic,Index Only Scan,8,0,404,Nested Loop,0
56,Original,Finalize Aggregate,0,0,412,,1
56,Original,Gather,1,16,0,Finalize Aggregate,1
56,Original,Partial Aggregate,2,16,0,Gather,1
56,Original,Parallel Hash Join,3,16,0,Partial Aggregate,2
56,Original,Parallel Seq Scan,4,16,0,Parallel Hash Join,0
56,Original,Parallel Hash,4,16,0,Parallel Hash Join,1
56,Original,Nested Loop,5,16,0,Parallel Hash,2
56,Original,Parallel Hash Join,6,16,0,Nested Loop,2
56,Original,Parallel Seq Scan,7,0,410,Parallel Hash Join,0
56,Original,Parallel Hash,7,16,0,Parallel Hash Join,1
56,Original,Nested Loop,8,16,0,Parallel Hash,2
56,Original,Parallel Hash Join,9,16,0,Nested Loop,2
56,Original,Parallel Seq Scan,10,0,409,Parallel Hash Join,0
56,Original,Parallel Hash,10,16,0,Parallel Hash Join,1
56,Original,Nested Loop,11,16,0,Parallel Hash,2
56,Original,Hash Join,12,16,0,Nested Loop,2
56,Original,Parallel Seq Scan,13,0,408,Hash Join,0
56,Original,Hash,13,1,413,Hash Join,1
56,Original,Seq Scan,14,0,407,Hash,0
56,Original,Index Scan,12,16,0,Nested Loop,0
56,Original,Index Scan,9,16,0,Nested Loop,0
56,Original,Index Only Scan,6,0,411,Nested Loop,0
56,Synthetic,GroupAggregate,0,0,412,,1
56,Synthetic,Gather Merge,1,16,0,GroupAggregate,1
56,Synthetic,Sort,2,16,0,Gather Merge,1
56,Synthetic,Parallel Hash Join,3,16,0,Sort,2
56,Synthetic,Parallel Seq Scan,4,0,410,Parallel Hash Join,0
56,Synthetic,Parallel Hash,4,16,0,Parallel Hash Join,1
56,Synthetic,Parallel Hash Join,5,16,0,Parallel Hash,2
56,Synthetic,Hash Join,6,16,0,Parallel Hash Join,2
56,Synthetic,Parallel Seq Scan,7,0,409,Hash Join,0
56,Synthetic,Hash,7,16,0,Hash Join,1
56,Synthetic,Seq Scan,8,16,0,Hash,0
56,Synthetic,Parallel Hash,6,16,0,Parallel Hash Join,1
56,Synthetic,Nested Loop,7,16,0,Parallel Hash,2
56,Synthetic,Hash Join,8,16,0,Nested Loop,2
56,Synthetic,Parallel Seq Scan,9,0,408,Hash Join,0
56,Synthetic,Hash,9,1,413,Hash Join,1
56,Synthetic,Seq Scan,10,0,407,Hash,0
56,Synthetic,Index Only Scan,8,0,411,Nested Loop,0
57,Original,Finalize Aggregate,0,0,419,,1
57,Original,Gather,1,16,0,Finalize Aggregate,1
57,Original,Partial Aggregate,2,16,0,Gather,1
57,Original,Parallel Hash Join,3,16,0,Partial Aggregate,2
57,Original,Parallel Seq Scan,4,16,0,Parallel Hash Join,0
57,Original,Parallel Hash,4,16,0,Parallel Hash Join,1
57,Original,Nested Loop,5,16,0,Parallel Hash,2
57,Original,Parallel Hash Join,6,16,0,Nested Loop,2
57,Original,Parallel Seq Scan,7,16,0,Parallel Hash Join,0
57,Original,Parallel Hash,7,16,0,Parallel Hash Join,1
57,Original,Nested Loop,8,16,0,Parallel Hash,2
57,Original,Parallel Hash Join,9,16,0,Nested Loop,2
57,Original,Parallel Seq Scan,10,0,418,Parallel Hash Join,0
57,Original,Parallel Hash,10,16,0,Parallel Hash Join,1
57,Original,Nested Loop,11,16,0,Parallel Hash,2
57,Original,Hash Join,12,16,0,Nested Loop,2
57,Original,Parallel Seq Scan,13,0,417,Hash Join,0
57,Original,Hash,13,0,420,Hash Join,1
57,Original,Seq Scan,14,0,416,Hash,0
57,Original,Index Scan,12,0,415,Nested Loop,0
57,Original,Index Scan,9,0,414,Nested Loop,0
57,Original,Index Only Scan,6,16,0,Nested Loop,0
57,Synthetic,Sort,0,0,419,,1
57,Synthetic,GroupAggregate,1,16,0,Sort,1
57,Synthetic,Sort,2,16,0,GroupAggregate,1
57,Synthetic,Nested Loop,3,16,0,Sort,2
57,Synthetic,Gather,4,16,0,Nested Loop,1
57,Synthetic,Parallel Hash Join,5,16,0,Gather,2
57,Synthetic,Parallel Seq Scan,6,0,418,Parallel Hash Join,0
57,Synthetic,Parallel Hash,6,16,0,Parallel Hash Join,1
57,Synthetic,Nested Loop,7,16,0,Parallel Hash,2
57,Synthetic,Hash Join,8,16,0,Nested Loop,2
57,Synthetic,Hash Join,9,16,0,Hash Join,2
57,Synthetic,Parallel Seq Scan,10,0,417,Hash Join,0
57,Synthetic,Hash,10,16,0,Hash Join,1
57,Synthetic,Seq Scan,11,16,0,Hash,0
57,Synthetic,Hash,9,16,0,Hash Join,1
57,Synthetic,Hash Join,10,16,0,Hash,2
57,Synthetic,Seq Scan,11,16,0,Hash Join,0
57,Synthetic,Hash,11,0,420,Hash Join,1
57,Synthetic,Seq Scan,12,0,416,Hash,0
57,Synthetic,Index Scan,8,0,415,Nested Loop,0
57,Synthetic,Index Scan,4,0,414,Nested Loop,0
58,Original,Finalize Aggregate,0,0,426,,1
58,Original,Gather,1,16,0,Finalize Aggregate,1
58,Original,Partial Aggregate,2,16,0,Gather,1
58,Original,Parallel Hash Join,3,16,0,Partial Aggregate,2
58,Original,Parallel Seq Scan,4,16,0,Parallel Hash Join,0
58,Original,Parallel Hash,4,16,0,Parallel Hash Join,1
58,Original,Nested Loop,5,16,0,Parallel Hash,2
58,Original,Parallel Hash Join,6,16,0,Nested Loop,2
58,Original,Parallel Seq Scan,7,16,0,Parallel Hash Join,0
58,Original,Parallel Hash,7,16,0,Parallel Hash Join,1
58,Original,Nested Loop,8,16,0,Parallel Hash,2
58,Original,Parallel Hash Join,9,16,0,Nested Loop,2
58,Original,Parallel Seq Scan,10,0,425,Parallel Hash Join,0
58,Original,Parallel Hash,10,16,0,Parallel Hash Join,1
58,Original,Nested Loop,11,16,0,Parallel Hash,2
58,Original,Hash Join,12,16,0,Nested Loop,2
58,Original,Parallel Seq Scan,13,0,424,Hash Join,0
58,Original,Hash,13,0,427,Hash Join,1
58,Original,Seq Scan,14,0,423,Hash,0
58,Original,Index Scan,12,0,422,Nested Loop,0
58,Original,Index Scan,9,0,421,Nested Loop,0
58,Original,Index Only Scan,6,16,0,Nested Loop,0
58,Synthetic,Sort,0,0,426,,1
58,Synthetic,GroupAggregate,1,16,0,Sort,1
58,Synthetic,Sort,2,16,0,GroupAggregate,1
58,Synthetic,Nested Loop,3,16,0,Sort,2
58,Synthetic,Gather,4,16,0,Nested Loop,1
58,Synthetic,Parallel Hash Join,5,16,0,Gather,2
58,Synthetic,Parallel Seq Scan,6,0,425,Parallel Hash Join,0
58,Synthetic,Parallel Hash,6,16,0,Parallel Hash Join,1
58,Synthetic,Nested Loop,7,16,0,Parallel Hash,2
58,Synthetic,Hash Join,8,16,0,Nested Loop,2
58,Synthetic,Hash Join,9,16,0,Hash Join,2
58,Synthetic,Parallel Seq Scan,10,0,424,Hash Join,0
58,Synthetic,Hash,10,16,0,Hash Join,1
58,Synthetic,Seq Scan,11,16,0,Hash,0
58,Synthetic,Hash,9,16,0,Hash Join,1
58,Synthetic,Hash Join,10,16,0,Hash,2
58,Synthetic,Seq Scan,11,16,0,Hash Join,0
58,Synthetic,Hash,11,0,427,Hash Join,1
58,Synthetic,Seq Scan,12,0,423,Hash,0
58,Synthetic,Index Scan,8,0,422,Nested Loop,0
58,Synthetic,Index Scan,4,0,421,Nested Loop,0
59,Original,Finalize Aggregate,0,0,433,,1
59,Original,Gather,1,16,0,Finalize Aggregate,1
59,Original,Partial Aggregate,2,16,0,Gather,1
59,Original,Parallel Hash Join,3,16,0,Partial Aggregate,2
59,Original,Parallel Seq Scan,4,16,0,Parallel Hash Join,0
59,Original,Parallel Hash,4,16,0,Parallel Hash Join,1
59,Original,Nested Loop,5,16,0,Parallel Hash,2
59,Original,Parallel Hash Join,6,16,0,Nested Loop,2
59,Original,Parallel Seq Scan,7,16,0,Parallel Hash Join,0
59,Original,Parallel Hash,7,16,0,Parallel Hash Join,1
59,Original,Nested Loop,8,16,0,Parallel Hash,2
59,Original,Parallel Hash Join,9,16,0,Nested Loop,2
59,Original,Parallel Seq Scan,10,0,432,Parallel Hash Join,0
59,Original,Parallel Hash,10,16,0,Parallel Hash Join,1
59,Original,Nested Loop,11,16,0,Parallel Hash,2
59,Original,Hash Join,12,16,0,Nested Loop,2
59,Original,Parallel Seq Scan,13,0,431,Hash Join,0
59,Original,Hash,13,0,434,Hash Join,1
59,Original,Seq Scan,14,0,430,Hash,0
59,Original,Index Scan,12,0,429,Nested Loop,0
59,Original,Index Scan,9,0,428,Nested Loop,0
59,Original,Index Only Scan,6,16,0,Nested Loop,0
59,Synthetic,Sort,0,0,433,,1
59,Synthetic,GroupAggregate,1,16,0,Sort,1
59,Synthetic,Sort,2,16,0,GroupAggregate,1
59,Synthetic,Nested Loop,3,16,0,Sort,2
59,Synthetic,Gather,4,16,0,Nested Loop,1
59,Synthetic,Parallel Hash Join,5,16,0,Gather,2
59,Synthetic,Parallel Seq Scan,6,0,432,Parallel Hash Join,0
59,Synthetic,Parallel Hash,6,16,0,Parallel Hash Join,1
59,Synthetic,Nested Loop,7,16,0,Parallel Hash,2
59,Synthetic,Hash Join,8,16,0,Nested Loop,2
59,Synthetic,Hash Join,9,16,0,Hash Join,2
59,Synthetic,Parallel Seq Scan,10,0,431,Hash Join,0
59,Synthetic,Hash,10,16,0,Hash Join,1
59,Synthetic,Seq Scan,11,16,0,Hash,0
59,Synthetic,Hash,9,16,0,Hash Join,1
59,Synthetic,Hash Join,10,16,0,Hash,2
59,Synthetic,Seq Scan,11,16,0,Hash Join,0
59,Synthetic,Hash,11,0,434,Hash Join,1
59,Synthetic,Seq Scan,12,0,430,Hash,0
59,Synthetic,Index Scan,8,0,429,Nested Loop,0
59,Synthetic,Index Scan,4,0,428,Nested Loop,0
60,Original,Finalize Aggregate,0,0,442,,1
60,Original,Gather,1,16,0,Finalize Aggregate,1
60,Original,Partial Aggregate,2,16,0,Gather,1
60,Original,Nested Loop,3,16,0,Partial Aggregate,2
60,Original,Parallel Hash Join,4,16,0,Nested Loop,2
60,Original,Parallel Seq Scan,5,0,440,Parallel Hash Join,0
60,Original,Parallel Hash,5,16,0,Parallel Hash Join,1
60,Original,Nested Loop,6,16,0,Parallel Hash,2
60,Original,Parallel Hash Join,7,16,0,Nested Loop,2
60,Original,Parallel Seq Scan,8,0,439,Parallel Hash Join,0
60,Original,Parallel Hash,8,16,0,Parallel Hash Join,1
60,Original,Nested Loop,9,16,0,Parallel Hash,2
60,Original,Hash Join,10,16,0,Nested Loop,2
60,Original,Parallel Seq Scan,11,0,438,Hash Join,0
60,Original,Hash,11,1,443,Hash Join,1
60,Original,Seq Scan,12,0,437,Hash,0
60,Original,Index Only Scan,10,0,441,Nested Loop,0
60,Original,Index Scan,7,0,436,Nested Loop,0
60,Original,Index Scan,4,0,435,Nested Loop,0
60,Synthetic,Sort,0,0,442,,1
60,Synthetic,GroupAggregate,1,16,0,Sort,1
60,Synthetic,Sort,2,16,0,GroupAggregate,1
60,Synthetic,Hash Join,3,16,0,Sort,2
60,Synthetic,Gather,4,16,0,Hash Join,1
60,Synthetic,Parallel Hash Semi Join,5,16,0,Gather,2
60,Synthetic,Nested Loop,6,16,0,Parallel Hash Semi Join,2
60,Synthetic,Parallel Hash Join,7,16,0,Nested Loop,2
60,Synthetic,Parallel Seq Scan,8,0,440,Parallel Hash Join,0
60,Synthetic,Parallel Hash,8,16,0,Parallel Hash Join,1
60,Synthetic,Nested Loop,9,16,0,Parallel Hash,2
60,Synthetic,Hash Join,10,16,0,Nested Loop,2
60,Synthetic,Nested Loop,11,16,0,Hash Join,2
60,Synthetic,Hash Join,12,16,0,Nested Loop,2
60,Synthetic,Parallel Hash Join,13,16,0,Hash Join,2
60,Synthetic,Parallel Seq Scan,14,0,439,Parallel Hash Join,0
60,Synthetic,Parallel Hash,14,16,0,Parallel Hash Join,1
60,Synthetic,Parallel Seq Scan,15,16,0,Parallel Hash,0
60,Synthetic,Hash,13,16,0,Hash Join,1
60,Synthetic,Seq Scan,14,16,0,Hash,0
60,Synthetic,Index Scan,12,0,436,Nested Loop,0
60,Synthetic,Hash,11,16,0,Hash Join,1
60,Synthetic,Seq Scan,12,16,0,Hash,0
60,Synthetic,Memoize,10,16,0,Nested Loop,1
60,Synthetic,Index Only Scan,11,0,441,Memoize,0
60,Synthetic,Index Scan,7,0,435,Nested Loop,0
60,Synthetic,Parallel Hash,6,16,0,Parallel Hash Semi Join,1
60,Synthetic,Hash Join,7,16,0,Parallel Hash,2
60,Synthetic,Parallel Seq Scan,8,0,438,Hash Join,0
60,Synthetic,Hash,8,16,0,Hash Join,1
60,Synthetic,Seq Scan,9,16,0,Hash,0
60,Synthetic,Hash,4,1,443,Hash Join,1
60,Synthetic,Seq Scan,5,0,437,Hash,0
61,Original,Finalize Aggregate,0,0,450,,1
61,Original,Gather,1,16,0,Finalize Aggregate,1
61,Original,Partial Aggregate,2,16,0,Gather,1
61,Original,Nested Loop,3,16,0,Partial Aggregate,2
61,Original,Nested Loop,4,16,0,Nested Loop,2
61,Original,Parallel Hash Join,5,16,0,Nested Loop,2
61,Original,Parallel Seq Scan,6,0,448,Parallel Hash Join,0
61,Original,Parallel Hash,6,16,0,Parallel Hash Join,1
61,Original,Nested Loop,7,16,0,Parallel Hash,2
61,Original,Parallel Hash Join,8,16,0,Nested Loop,2
61,Original,Parallel Seq Scan,9,0,447,Parallel Hash Join,0
61,Original,Parallel Hash,9,16,0,Parallel Hash Join,1
61,Original,Hash Join,10,16,0,Parallel Hash,2
61,Original,Parallel Seq Scan,11,0,446,Hash Join,0
61,Original,Hash,11,1,451,Hash Join,1
61,Original,Seq Scan,12,0,445,Hash,0
61,Original,Index Scan,8,0,444,Nested Loop,0
61,Original,Index Only Scan,5,16,0,Nested Loop,0
61,Original,Index Only Scan,4,0,449,Nested Loop,0
61,Synthetic,Sort,0,0,450,,1
61,Synthetic,GroupAggregate,1,16,0,Sort,1
61,Synthetic,Sort,2,16,0,GroupAggregate,1
61,Synthetic,Hash Join,3,16,0,Sort,2
61,Synthetic,Gather,4,16,0,Hash Join,1
61,Synthetic,Parallel Hash Semi Join,5,16,0,Gather,2
61,Synthetic,Nested Loop,6,16,0,Parallel Hash Semi Join,2
61,Synthetic,Parallel Hash Join,7,16,0,Nested Loop,2
61,Synthetic,Parallel Seq Scan,8,16,0,Parallel Hash Join,0
61,Synthetic,Parallel Hash,8,16,0,Parallel Hash Join,1
61,Synthetic,Nested Loop,9,16,0,Parallel Hash,2
61,Synthetic,Nested Loop,10,16,0,Nested Loop,2
61,Synthetic,Parallel Hash Join,11,16,0,Nested Loop,2
61,Synthetic,Parallel Seq Scan,12,0,448,Parallel Hash Join,0
61,Synthetic,Parallel Hash,12,16,0,Parallel Hash Join,1
61,Synthetic,Hash Join,13,16,0,Parallel Hash,2
61,Synthetic,Hash Join,14,16,0,Hash Join,2
61,Synthetic,Parallel Seq Scan,15,0,447,Hash Join,0
61,Synthetic,Hash,15,16,0,Hash Join,1
61,Synthetic,Seq Scan,16,16,0,Hash,0
61,Synthetic,Hash,14,16,0,Hash Join,1
61,Synthetic,Seq Scan,15,16,0,Hash,0
61,Synthetic,Index Scan,11,16,0,Nested Loop,0
61,Synthetic,Memoize,10,16,0,Nested Loop,1
61,Synthetic,Index Only Scan,11,0,449,Memoize,0
61,Synthetic,Index Scan,7,0,444,Nested Loop,0
61,Synthetic,Parallel Hash,6,16,0,Parallel Hash Semi Join,1
61,Synthetic,Hash Join,7,16,0,Parallel Hash,2
61,Synthetic,Parallel Seq Scan,8,0,446,Hash Join,0
61,Synthetic,Hash,8,16,0,Hash Join,1
61,Synthetic,Seq Scan,9,16,0,Hash,0
61,Synthetic,Hash,4,1,451,Hash Join,1
61,Synthetic,Seq Scan,5,0,445,Hash,0
62,Original,Finalize Aggregate,0,0,458,,1
62,Original,Gather,1,16,0,Finalize Aggregate,1
62,Original,Partial Aggregate,2,16,0,Gather,1
62,Original,Nested Loop,3,16,0,Partial Aggregate,2
62,Original,Nested Loop,4,16,0,Nested Loop,2
62,Original,Parallel Hash Join,5,16,0,Nested Loop,2
62,Original,Parallel Seq Scan,6,0,456,Parallel Hash Join,0
62,Original,Parallel Hash,6,16,0,Parallel Hash Join,1
62,Original,Nested Loop,7,16,0,Parallel Hash,2
62,Original,Parallel Hash Join,8,16,0,Nested Loop,2
62,Original,Parallel Seq Scan,9,0,455,Parallel Hash Join,0
62,Original,Parallel Hash,9,16,0,Parallel Hash Join,1
62,Original,Hash Join,10,16,0,Parallel Hash,2
62,Original,Parallel Seq Scan,11,0,454,Hash Join,0
62,Original,Hash,11,1,459,Hash Join,1
62,Original,Seq Scan,12,0,453,Hash,0
62,Original,Index Scan,8,0,452,Nested Loop,0
62,Original,Index Only Scan,5,16,0,Nested Loop,0
62,Original,Index Only Scan,4,0,457,Nested Loop,0
62,Synthetic,Sort,0,0,458,,1
62,Synthetic,GroupAggregate,1,16,0,Sort,1
62,Synthetic,Sort,2,16,0,GroupAggregate,1
62,Synthetic,Hash Join,3,16,0,Sort,2
62,Synthetic,Gather,4,16,0,Hash Join,1
62,Synthetic,Parallel Hash Semi Join,5,16,0,Gather,2
62,Synthetic,Nested Loop,6,16,0,Parallel Hash Semi Join,2
62,Synthetic,Parallel Hash Join,7,16,0,Nested Loop,2
62,Synthetic,Parallel Seq Scan,8,0,456,Parallel Hash Join,0
62,Synthetic,Parallel Hash,8,16,0,Parallel Hash Join,1
62,Synthetic,Nested Loop,9,16,0,Parallel Hash,2
62,Synthetic,Hash Join,10,16,0,Nested Loop,2
62,Synthetic,Nested Loop,11,16,0,Hash Join,2
62,Synthetic,Hash Join,12,16,0,Nested Loop,2
62,Synthetic,Parallel Hash Join,13,16,0,Hash Join,2
62,Synthetic,Parallel Seq Scan,14,0,455,Parallel Hash Join,0
62,Synthetic,Parallel Hash,14,16,0,Parallel Hash Join,1
62,Synthetic,Parallel Seq Scan,15,16,0,Parallel Hash,0
62,Synthetic,Hash,13,16,0,Hash Join,1
62,Synthetic,Seq Scan,14,16,0,Hash,0
62,Synthetic,Index Scan,12,16,0,Nested Loop,0
62,Synthetic,Hash,11,16,0,Hash Join,1
62,Synthetic,Seq Scan,12,16,0,Hash,0
62,Synthetic,Memoize,10,16,0,Nested Loop,1
62,Synthetic,Index Only Scan,11,0,457,Memoize,0
62,Synthetic,Index Scan,7,0,452,Nested Loop,0
62,Synthetic,Parallel Hash,6,16,0,Parallel Hash Semi Join,1
62,Synthetic,Hash Join,7,16,0,Parallel Hash,2
62,Synthetic,Parallel Seq Scan,8,0,454,Hash Join,0
62,Synthetic,Hash,8,16,0,Hash Join,1
62,Synthetic,Seq Scan,9,16,0,Hash,0
62,Synthetic,Hash,4,1,459,Hash Join,1
62,Synthetic,Seq Scan,5,0,453,Hash,0
63,Original,Finalize Aggregate,0,0,466,,1
63,Original,Gather,1,16,0,Finalize Aggregate,1
63,Original,Partial Aggregate,2,16,0,Gather,1
63,Original,Nested Loop,3,16,0,Partial Aggregate,2
63,Original,Nested Loop,4,16,0,Nested Loop,2
63,Original,Parallel Hash Join,5,16,0,Nested Loop,2
63,Original,Parallel Seq Scan,6,0,464,Parallel Hash Join,0
63,Original,Parallel Hash,6,16,0,Parallel Hash Join,1
63,Original,Nested Loop,7,16,0,Parallel Hash,2
63,Original,Parallel Hash Join,8,16,0,Nested Loop,2
63,Original,Parallel Seq Scan,9,0,463,Parallel Hash Join,0
63,Original,Parallel Hash,9,16,0,Parallel Hash Join,1
63,Original,Hash Join,10,16,0,Parallel Hash,2
63,Original,Parallel Seq Scan,11,0,462,Hash Join,0
63,Original,Hash,11,1,467,Hash Join,1
63,Original,Seq Scan,12,0,461,Hash,0
63,Original,Index Scan,8,0,460,Nested Loop,0
63,Original,Index Only Scan,5,16,0,Nested Loop,0
63,Original,Index Only Scan,4,0,465,Nested Loop,0
63,Synthetic,Sort,0,0,466,,1
63,Synthetic,GroupAggregate,1,16,0,Sort,1
63,Synthetic,Sort,2,16,0,GroupAggregate,1
63,Synthetic,Hash Join,3,16,0,Sort,2
63,Synthetic,Gather,4,16,0,Hash Join,1
63,Synthetic,Parallel Hash Semi Join,5,16,0,Gather,2
63,Synthetic,Nested Loop,6,16,0,Parallel Hash Semi Join,2
63,Synthetic,Parallel Hash Join,7,16,0,Nested Loop,2
63,Synthetic,Parallel Seq Scan,8,0,464,Parallel Hash Join,0
63,Synthetic,Parallel Hash,8,16,0,Parallel Hash Join,1
63,Synthetic,Nested Loop,9,16,0,Parallel Hash,2
63,Synthetic,Hash Join,10,16,0,Nested Loop,2
63,Synthetic,Nested Loop,11,16,0,Hash Join,2
63,Synthetic,Hash Join,12,16,0,Nested Loop,2
63,Synthetic,Parallel Hash Join,13,16,0,Hash Join,2
63,Synthetic,Parallel Seq Scan,14,0,463,Parallel Hash Join,0
63,Synthetic,Parallel Hash,14,16,0,Parallel Hash Join,1
63,Synthetic,Parallel Seq Scan,15,16,0,Parallel Hash,0
63,Synthetic,Hash,13,16,0,Hash Join,1
63,Synthetic,Seq Scan,14,16,0,Hash,0
63,Synthetic,Index Scan,12,16,0,Nested Loop,0
63,Synthetic,Hash,11,16,0,Hash Join,1
63,Synthetic,Seq Scan,12,16,0,Hash,0
63,Synthetic,Memoize,10,16,0,Nested Loop,1
63,Synthetic,Index Only Scan,11,0,465,Memoize,0
63,Synthetic,Index Scan,7,0,460,Nested Loop,0
63,Synthetic,Parallel Hash,6,16,0,Parallel Hash Semi Join,1
63,Synthetic,Hash Join,7,16,0,Parallel Hash,2
63,Synthetic,Parallel Seq Scan,8,0,462,Hash Join,0
63,Synthetic,Hash,8,16,0,Hash Join,1
63,Synthetic,Seq Scan,9,16,0,Hash,0
63,Synthetic,Hash,4,1,467,Hash Join,1
63,Synthetic,Seq Scan,5,0,461,Hash,0
64,Original,Finalize Aggregate,0,0,475,,1
64,Original,Gather,1,16,0,Finalize Aggregate,1
64,Original,Partial Aggregate,2,16,0,Gather,1
64,Original,Nested Loop,3,16,0,Partial Aggregate,2
64,Original,Parallel Hash Join,4,16,0,Nested Loop,2
64,Original,Parallel Seq Scan,5,0,473,Parallel Hash Join,0
64,Original,Parallel Hash,5,16,0,Parallel Hash Join,1
64,Original,Nested Loop,6,16,0,Parallel Hash,2
64,Original,Parallel Hash Join,7,16,0,Nested Loop,2
64,Original,Parallel Seq Scan,8,0,472,Parallel Hash Join,0
64,Original,Parallel Hash,8,16,0,Parallel Hash Join,1
64,Original,Nested Loop,9,16,0,Parallel Hash,2
64,Original,Hash Join,10,16,0,Nested Loop,2
64,Original,Parallel Seq Scan,11,0,471,Hash Join,0
64,Original,Hash,11,1,476,Hash Join,1
64,Original,Seq Scan,12,0,470,Hash,0
64,Original,Index Only Scan,10,0,474,Nested Loop,0
64,Original,Index Scan,7,0,469,Nested Loop,0
64,Original,Index Scan,4,0,468,Nested Loop,0
64,Synthetic,Sort,0,0,475,,1
64,Synthetic,GroupAggregate,1,16,0,Sort,1
64,Synthetic,Sort,2,16,0,GroupAggregate,1
64,Synthetic,Hash Join,3,16,0,Sort,2
64,Synthetic,Gather,4,16,0,Hash Join,1
64,Synthetic,Parallel Hash Semi Join,5,16,0,Gather,2
64,Synthetic,Nested Loop,6,16,0,Parallel Hash Semi Join,2
64,Synthetic,Parallel Hash Join,7,16,0,Nested Loop,2
64,Synthetic,Parallel Seq Scan,8,0,473,Parallel Hash Join,0
64,Synthetic,Parallel Hash,8,16,0,Parallel Hash Join,1
64,Synthetic,Nested Loop,9,16,0,Parallel Hash,2
64,Synthetic,Hash Join,10,16,0,Nested Loop,2
64,Synthetic,Nested Loop,11,16,0,Hash Join,2
64,Synthetic,Hash Join,12,16,0,Nested Loop,2
64,Synthetic,Parallel Hash Join,13,16,0,Hash Join,2
64,Synthetic,Parallel Seq Scan,14,0,472,Parallel Hash Join,0
64,Synthetic,Parallel Hash,14,16,0,Parallel Hash Join,1
64,Synthetic,Parallel Seq Scan,15,16,0,Parallel Hash,0
64,Synthetic,Hash,13,16,0,Hash Join,1
64,Synthetic,Seq Scan,14,16,0,Hash,0
64,Synthetic,Index Scan,12,0,469,Nested Loop,0
64,Synthetic,Hash,11,16,0,Hash Join,1
64,Synthetic,Seq Scan,12,16,0,Hash,0
64,Synthetic,Memoize,10,16,0,Nested Loop,1
64,Synthetic,Index Only Scan,11,0,474,Memoize,0
64,Synthetic,Index Scan,7,0,468,Nested Loop,0
64,Synthetic,Parallel Hash,6,16,0,Parallel Hash Semi Join,1
64,Synthetic,Hash Join,7,16,0,Parallel Hash,2
64,Synthetic,Parallel Seq Scan,8,0,471,Hash Join,0
64,Synthetic,Hash,8,16,0,Hash Join,1
64,Synthetic,Seq Scan,9,16,0,Hash,0
64,Synthetic,Hash,4,1,476,Hash Join,1
64,Synthetic,Seq Scan,5,0,470,Hash,0
65,Original,Finalize Aggregate,0,0,483,,1
65,Original,Gather,1,16,0,Finalize Aggregate,1
65,Original,Partial Aggregate,2,16,0,Gather,1
65,Original,Nested Loop,3,16,0,Partial Aggregate,2
65,Original,Parallel Hash Join,4,16,0,Nested Loop,2
65,Original,Parallel Seq Scan,5,0,481,Parallel Hash Join,0
65,Original,Parallel Hash,5,16,0,Parallel Hash Join,1
65,Original,Nested Loop,6,16,0,Parallel Hash,2
65,Original,Parallel Hash Join,7,16,0,Nested Loop,2
65,Original,Parallel Seq Scan,8,0,480,Parallel Hash Join,0
65,Original,Parallel Hash,8,16,0,Parallel Hash Join,1
65,Original,Nested Loop,9,16,0,Parallel Hash,2
65,Original,Hash Join,10,16,0,Nested Loop,2
65,Original,Parallel Seq Scan,11,0,479,Hash Join,0
65,Original,Hash,11,16,0,Hash Join,1
65,Original,Seq Scan,12,0,478,Hash,0
65,Original,Index Only Scan,10,16,0,Nested Loop,0
65,Original,Index Scan,7,0,477,Nested Loop,0
65,Original,Index Only Scan,4,0,482,Nested Loop,0
65,Synthetic,Sort,0,0,483,,1
65,Synthetic,GroupAggregate,1,16,0,Sort,1
65,Synthetic,Sort,2,16,0,GroupAggregate,1
65,Synthetic,Nested Loop,3,16,0,Sort,2
65,Synthetic,Gather,4,16,0,Nested Loop,1
65,Synthetic,Parallel Hash Semi Join,5,16,0,Gather,2
65,Synthetic,Nested Loop,6,16,0,Parallel Hash Semi Join,2
65,Synthetic,Nested Loop,7,16,0,Nested Loop,2
65,Synthetic,Parallel Hash Join,8,16,0,Nested Loop,2
65,Synthetic,Parallel Seq Scan,9,0,481,Parallel Hash Join,0
65,Synthetic,Parallel Hash,9,16,0,Parallel Hash Join,1
65,Synthetic,Nested Loop,10,16,0,Parallel Hash,2
65,Synthetic,Nested Loop,11,16,0,Nested Loop,2
65,Synthetic,Hash Join,12,16,0,Nested Loop,2
65,Synthetic,Parallel Hash Join,13,16,0,Hash Join,2
65,Synthetic,Parallel Seq Scan,14,0,480,Parallel Hash Join,0
65,Synthetic,Parallel Hash,14,16,0,Parallel Hash Join,1
65,Synthetic,Parallel Seq Scan,15,16,0,Parallel Hash,0
65,Synthetic,Hash,13,16,0,Hash Join,1
65,Synthetic,Seq Scan,14,16,0,Hash,0
65,Synthetic,Index Scan,12,16,0,Nested Loop,0
65,Synthetic,Index Scan,11,16,0,Nested Loop,0
65,Synthetic,Index Scan,8,0,477,Nested Loop,0
65,Synthetic,Index Only Scan,7,0,482,Nested Loop,0
65,Synthetic,Parallel Hash,6,16,0,Parallel Hash Semi Join,1
65,Synthetic,Hash Join,7,16,0,Parallel Hash,2
65,Synthetic,Parallel Seq Scan,8,0,479,Hash Join,0
65,Synthetic,Hash,8,16,0,Hash Join,1
65,Synthetic,Seq Scan,9,16,0,Hash,0
65,Synthetic,Seq Scan,4,0,478,Nested Loop,0
66,Original,Aggregate,0,0,491,,1
66,Original,Nested Loop,1,16,0,Aggregate,2
66,Original,Gather,2,16,0,Nested Loop,1
66,Original,Nested Loop,3,16,0,Gather,2
66,Original,Parallel Hash Join,4,16,0,Nested Loop,2
66,Original,Parallel Seq Scan,5,0,490,Parallel Hash Join,0
66,Original,Parallel Hash,5,16,0,Parallel Hash Join,1
66,Original,Parallel Hash Join,6,16,0,Parallel Hash,2
66,Original,Hash Join,7,16,0,Parallel Hash Join,2
66,Original,Parallel Seq Scan,8,0,489,Hash Join,0
66,Original,Hash,8,1,493,Hash Join,1
66,Original,Seq Scan,9,0,487,Hash,0
66,Original,Parallel Hash,7,16,0,Parallel Hash Join,1
66,Original,Hash Join,8,16,0,Parallel Hash,2
66,Original,Parallel Seq Scan,9,0,488,Hash Join,0
66,Original,Hash,9,1,492,Hash Join,1
66,Original,Seq Scan,10,0,486,Hash,0
66,Original,Index Scan,4,0,485,Nested Loop,0
66,Original,Index Scan,2,0,484,Nested Loop,0
66,Synthetic,Sort,0,0,491,,1
66,Synthetic,GroupAggregate,1,16,0,Sort,1
66,Synthetic,Nested Loop Semi Join,2,16,0,GroupAggregate,2
66,Synthetic,Gather Merge,3,16,0,Nested Loop Semi Join,1
66,Synthetic,Sort,4,16,0,Gather Merge,1
66,Synthetic,Parallel Hash Semi Join,5,16,0,Sort,2
66,Synthetic,Nested Loop,6,16,0,Parallel Hash Semi Join,2
66,Synthetic,Parallel Hash Join,7,16,0,Nested Loop,2
66,Synthetic,Parallel Seq Scan,8,16,0,Parallel Hash Join,0
66,Synthetic,Parallel Hash,8,16,0,Parallel Hash Join,1
66,Synthetic,Nested Loop,9,16,0,Parallel Hash,2
66,Synthetic,Parallel Hash Join,10,16,0,Nested Loop,2
66,Synthetic,Parallel Seq Scan,11,16,0,Parallel Hash Join,0
66,Synthetic,Parallel Hash,11,16,0,Parallel Hash Join,1
66,Synthetic,Nested Loop,12,16,0,Parallel Hash,2
66,Synthetic,Nested Loop,13,16,0,Nested Loop,2
66,Synthetic,Nested Loop,14,16,0,Nested Loop,2
66,Synthetic,Merge Join,15,16,0,Nested Loop,2
66,Synthetic,Sort,16,16,0,Merge Join,1
66,Synthetic,Parallel Hash Join,17,16,0,Sort,2
66,Synthetic,Parallel Seq Scan,18,16,0,Parallel Hash Join,0
66,Synthetic,Parallel Hash,18,16,0,Parallel Hash Join,1
66,Synthetic,Hash Join,19,16,0,Parallel Hash,2
66,Synthetic,Hash Join,20,16,0,Hash Join,2
66,Synthetic,Parallel Seq Scan,21,16,0,Hash Join,0
66,Synthetic,Hash,21,16,0,Hash Join,1
66,Synthetic,Seq Scan,22,16,0,Hash,0
66,Synthetic,Hash,20,16,0,Hash Join,1
66,Synthetic,Seq Scan,21,16,0,Hash,0
66,Synthetic,Sort,16,16,0,Merge Join,1
66,Synthetic,Hash Join,17,16,0,Sort,2
66,Synthetic,Seq Scan,18,16,0,Hash Join,0
66,Synthetic,Hash,18,16,0,Hash Join,1
66,Synthetic,Seq Scan,19,16,0,Hash,0
66,Synthetic,Index Scan,15,0,485,Nested Loop,0
66,Synthetic,Index Only Scan,14,16,0,Nested Loop,0
66,Synthetic,Index Only Scan,13,16,0,Nested Loop,0
66,Synthetic,Index Only Scan,10,16,0,Nested Loop,0
66,Synthetic,Index Scan,7,0,484,Nested Loop,0
66,Synthetic,Parallel Hash,6,16,0,Parallel Hash Semi Join,1
66,Synthetic,Parallel Hash Join,7,16,0,Parallel Hash,2
66,Synthetic,Parallel Seq Scan,8,0,490,Parallel Hash Join,0
66,Synthetic,Parallel Hash,8,16,0,Parallel Hash Join,1
66,Synthetic,Hash Join,9,16,0,Parallel Hash,2
66,Synthetic,Parallel Seq Scan,10,0,489,Hash Join,0
66,Synthetic,Hash,10,1,493,Hash Join,1
66,Synthetic,Seq Scan,11,0,487,Hash,0
66,Synthetic,Gather,3,16,0,Nested Loop Semi Join,1
66,Synthetic,Hash Join,4,16,0,Gather,2
66,Synthetic,Parallel Seq Scan,5,0,488,Hash Join,0
66,Synthetic,Hash,5,1,492,Hash Join,1
66,Synthetic,Seq Scan,6,0,486,Hash,0
67,Original,Finalize Aggregate,0,0,501,,1
67,Original,Gather,1,16,0,Finalize Aggregate,1
67,Original,Partial Aggregate,2,16,0,Gather,1
67,Original,Nested Loop,3,16,0,Partial Aggregate,2
67,Original,Nested Loop,4,16,0,Nested Loop,2
67,Original,Parallel Hash Join,5,16,0,Nested Loop,2
67,Original,Parallel Seq Scan,6,0,500,Parallel Hash Join,0
67,Original,Parallel Hash,6,16,0,Parallel Hash Join,1
67,Original,Parallel Hash Join,7,16,0,Parallel Hash,2
67,Original,Hash Join,8,16,0,Parallel Hash Join,2
67,Original,Parallel Seq Scan,9,0,499,Hash Join,0
67,Original,Hash,9,1,502,Hash Join,1
67,Original,Seq Scan,10,0,497,Hash,0
67,Original,Parallel Hash,8,16,0,Parallel Hash Join,1
67,Original,Hash Join,9,16,0,Parallel Hash,2
67,Original,Parallel Seq Scan,10,0,498,Hash Join,0
67,Original,Hash,10,1,503,Hash Join,1
67,Original,Seq Scan,11,0,496,Hash,0
67,Original,Index Scan,5,0,495,Nested Loop,0
67,Original,Index Scan,4,0,494,Nested Loop,0
67,Synthetic,Sort,0,0,501,,1
67,Synthetic,GroupAggregate,1,16,0,Sort,1
67,Synthetic,Nested Loop Semi Join,2,16,0,GroupAggregate,2
67,Synthetic,Gather Merge,3,16,0,Nested Loop Semi Join,1
67,Synthetic,Sort,4,16,0,Gather Merge,1
67,Synthetic,Parallel Hash Semi Join,5,16,0,Sort,2
67,Synthetic,Nested Loop,6,16,0,Parallel Hash Semi Join,2
67,Synthetic,Parallel Hash Join,7,16,0,Nested Loop,2
67,Synthetic,Parallel Seq Scan,8,16,0,Parallel Hash Join,0
67,Synthetic,Parallel Hash,8,16,0,Parallel Hash Join,1
67,Synthetic,Nested Loop,9,16,0,Parallel Hash,2
67,Synthetic,Parallel Hash Join,10,16,0,Nested Loop,2
67,Synthetic,Parallel Seq Scan,11,16,0,Parallel Hash Join,0
67,Synthetic,Parallel Hash,11,16,0,Parallel Hash Join,1
67,Synthetic,Nested Loop,12,16,0,Parallel Hash,2
67,Synthetic,Nested Loop,13,16,0,Nested Loop,2
67,Synthetic,Nested Loop,14,16,0,Nested Loop,2
67,Synthetic,Merge Join,15,16,0,Nested Loop,2
67,Synthetic,Sort,16,16,0,Merge Join,1
67,Synthetic,Parallel Hash Join,17,16,0,Sort,2
67,Synthetic,Parallel Seq Scan,18,16,0,Parallel Hash Join,0
67,Synthetic,Parallel Hash,18,16,0,Parallel Hash Join,1
67,Synthetic,Hash Join,19,16,0,Parallel Hash,2
67,Synthetic,Hash Join,20,16,0,Hash Join,2
67,Synthetic,Parallel Seq Scan,21,16,0,Hash Join,0
67,Synthetic,Hash,21,16,0,Hash Join,1
67,Synthetic,Seq Scan,22,16,0,Hash,0
67,Synthetic,Hash,20,16,0,Hash Join,1
67,Synthetic,Seq Scan,21,16,0,Hash,0
67,Synthetic,Sort,16,16,0,Merge Join,1
67,Synthetic,Hash Join,17,16,0,Sort,2
67,Synthetic,Seq Scan,18,16,0,Hash Join,0
67,Synthetic,Hash,18,16,0,Hash Join,1
67,Synthetic,Seq Scan,19,16,0,Hash,0
67,Synthetic,Index Scan,15,0,495,Nested Loop,0
67,Synthetic,Index Only Scan,14,16,0,Nested Loop,0
67,Synthetic,Index Only Scan,13,16,0,Nested Loop,0
67,Synthetic,Index Only Scan,10,16,0,Nested Loop,0
67,Synthetic,Index Scan,7,0,494,Nested Loop,0
67,Synthetic,Parallel Hash,6,16,0,Parallel Hash Semi Join,1
67,Synthetic,Parallel Hash Join,7,16,0,Parallel Hash,2
67,Synthetic,Parallel Seq Scan,8,0,500,Parallel Hash Join,0
67,Synthetic,Parallel Hash,8,16,0,Parallel Hash Join,1
67,Synthetic,Hash Join,9,16,0,Parallel Hash,2
67,Synthetic,Parallel Seq Scan,10,0,499,Hash Join,0
67,Synthetic,Hash,10,1,502,Hash Join,1
67,Synthetic,Seq Scan,11,0,497,Hash,0
67,Synthetic,Gather,3,16,0,Nested Loop Semi Join,1
67,Synthetic,Hash Join,4,16,0,Gather,2
67,Synthetic,Parallel Seq Scan,5,0,498,Hash Join,0
67,Synthetic,Hash,5,1,503,Hash Join,1
67,Synthetic,Seq Scan,6,0,496,Hash,0
68,Original,Finalize Aggregate,0,0,511,,1
68,Original,Gather,1,16,0,Finalize Aggregate,1
68,Original,Partial Aggregate,2,16,0,Gather,1
68,Original,Nested Loop,3,16,0,Partial Aggregate,2
68,Original,Nested Loop,4,16,0,Nested Loop,2
68,Original,Parallel Hash Join,5,16,0,Nested Loop,2
68,Original,Parallel Seq Scan,6,0,510,Parallel Hash Join,0
68,Original,Parallel Hash,6,16,0,Parallel Hash Join,1
68,Original,Parallel Hash Join,7,16,0,Parallel Hash,2
68,Original,Hash Join,8,16,0,Parallel Hash Join,2
68,Original,Parallel Seq Scan,9,0,509,Hash Join,0
68,Original,Hash,9,1,512,Hash Join,1
68,Original,Seq Scan,10,0,507,Hash,0
68,Original,Parallel Hash,8,16,0,Parallel Hash Join,1
68,Original,Hash Join,9,16,0,Parallel Hash,2
68,Original,Parallel Seq Scan,10,0,508,Hash Join,0
68,Original,Hash,10,1,513,Hash Join,1
68,Original,Seq Scan,11,0,506,Hash,0
68,Original,Index Scan,5,0,505,Nested Loop,0
68,Original,Index Scan,4,0,504,Nested Loop,0
68,Synthetic,Sort,0,0,511,,1
68,Synthetic,GroupAggregate,1,16,0,Sort,1
68,Synthetic,Nested Loop Semi Join,2,16,0,GroupAggregate,2
68,Synthetic,Gather Merge,3,16,0,Nested Loop Semi Join,1
68,Synthetic,Sort,4,16,0,Gather Merge,1
68,Synthetic,Parallel Hash Semi Join,5,16,0,Sort,2
68,Synthetic,Nested Loop,6,16,0,Parallel Hash Semi Join,2
68,Synthetic,Parallel Hash Join,7,16,0,Nested Loop,2
68,Synthetic,Parallel Seq Scan,8,16,0,Parallel Hash Join,0
68,Synthetic,Parallel Hash,8,16,0,Parallel Hash Join,1
68,Synthetic,Nested Loop,9,16,0,Parallel Hash,2
68,Synthetic,Parallel Hash Join,10,16,0,Nested Loop,2
68,Synthetic,Parallel Seq Scan,11,16,0,Parallel Hash Join,0
68,Synthetic,Parallel Hash,11,16,0,Parallel Hash Join,1
68,Synthetic,Nested Loop,12,16,0,Parallel Hash,2
68,Synthetic,Nested Loop,13,16,0,Nested Loop,2
68,Synthetic,Nested Loop,14,16,0,Nested Loop,2
68,Synthetic,Merge Join,15,16,0,Nested Loop,2
68,Synthetic,Sort,16,16,0,Merge Join,1
68,Synthetic,Parallel Hash Join,17,16,0,Sort,2
68,Synthetic,Parallel Seq Scan,18,16,0,Parallel Hash Join,0
68,Synthetic,Parallel Hash,18,16,0,Parallel Hash Join,1
68,Synthetic,Hash Join,19,16,0,Parallel Hash,2
68,Synthetic,Hash Join,20,16,0,Hash Join,2
68,Synthetic,Parallel Seq Scan,21,16,0,Hash Join,0
68,Synthetic,Hash,21,16,0,Hash Join,1
68,Synthetic,Seq Scan,22,16,0,Hash,0
68,Synthetic,Hash,20,16,0,Hash Join,1
68,Synthetic,Seq Scan,21,16,0,Hash,0
68,Synthetic,Sort,16,16,0,Merge Join,1
68,Synthetic,Hash Join,17,16,0,Sort,2
68,Synthetic,Seq Scan,18,16,0,Hash Join,0
68,Synthetic,Hash,18,16,0,Hash Join,1
68,Synthetic,Seq Scan,19,16,0,Hash,0
68,Synthetic,Index Scan,15,0,505,Nested Loop,0
68,Synthetic,Index Only Scan,14,16,0,Nested Loop,0
68,Synthetic,Index Only Scan,13,16,0,Nested Loop,0
68,Synthetic,Index Only Scan,10,16,0,Nested Loop,0
68,Synthetic,Index Scan,7,0,504,Nested Loop,0
68,Synthetic,Parallel Hash,6,16,0,Parallel Hash Semi Join,1
68,Synthetic,Parallel Hash Join,7,16,0,Parallel Hash,2
68,Synthetic,Parallel Seq Scan,8,0,510,Parallel Hash Join,0
68,Synthetic,Parallel Hash,8,16,0,Parallel Hash Join,1
68,Synthetic,Hash Join,9,16,0,Parallel Hash,2
68,Synthetic,Parallel Seq Scan,10,0,509,Hash Join,0
68,Synthetic,Hash,10,1,512,Hash Join,1
68,Synthetic,Seq Scan,11,0,507,Hash,0
68,Synthetic,Gather,3,16,0,Nested Loop Semi Join,1
68,Synthetic,Hash Join,4,16,0,Gather,2
68,Synthetic,Parallel Seq Scan,5,0,508,Hash Join,0
68,Synthetic,Hash,5,1,513,Hash Join,1
68,Synthetic,Seq Scan,6,0,506,Hash,0
69,Original,Finalize Aggregate,0,0,523,,1
69,Original,Gather,1,16,0,Finalize Aggregate,1
69,Original,Partial Aggregate,2,16,0,Gather,1
69,Original,Nested Loop,3,16,0,Partial Aggregate,2
69,Original,Parallel Hash Join,4,16,0,Nested Loop,2
69,Original,Parallel Seq Scan,5,0,522,Parallel Hash Join,0
69,Original,Parallel Hash,5,16,0,Parallel Hash Join,1
69,Original,Nested Loop,6,16,0,Parallel Hash,2
69,Original,Nested Loop,7,16,0,Nested Loop,2
69,Original,Nested Loop,8,16,0,Nested Loop,2
69,Original,Parallel Hash Join,9,16,0,Nested Loop,2
69,Original,Parallel Seq Scan,10,0,521,Parallel Hash Join,0
69,Original,Parallel Hash,10,16,0,Parallel Hash Join,1
69,Original,Parallel Hash Join,11,16,0,Parallel Hash,2
69,Original,Hash Join,12,16,0,Parallel Hash Join,2
69,Original,Parallel Seq Scan,13,0,520,Hash Join,0
69,Original,Hash,13,1,525,Hash Join,1
69,Original,Seq Scan,14,0,518,Hash,0
69,Original,Parallel Hash,12,16,0,Parallel Hash Join,1
69,Original,Hash Join,13,16,0,Parallel Hash,2
69,Original,Parallel Seq Scan,14,0,519,Hash Join,0
69,Original,Hash,14,1,524,Hash Join,1
69,Original,Seq Scan,15,0,517,Hash,0
69,Original,Index Only Scan,9,0,516,Nested Loop,0
69,Original,Index Scan,8,16,0,Nested Loop,0
69,Original,Index Scan,7,0,515,Nested Loop,0
69,Original,Index Scan,4,0,514,Nested Loop,0
69,Synthetic,Sort,0,0,523,,1
69,Synthetic,GroupAggregate,1,16,0,Sort,1
69,Synthetic,Nested Loop Semi Join,2,16,0,GroupAggregate,2
69,Synthetic,Gather Merge,3,16,0,Nested Loop Semi Join,1
69,Synthetic,Sort,4,16,0,Gather Merge,1
69,Synthetic,Parallel Hash Semi Join,5,16,0,Sort,2
69,Synthetic,Nested Loop,6,16,0,Parallel Hash Semi Join,2
69,Synthetic,Parallel Hash Join,7,16,0,Nested Loop,2
69,Synthetic,Parallel Seq Scan,8,16,0,Parallel Hash Join,0
69,Synthetic,Parallel Hash,8,16,0,Parallel Hash Join,1
69,Synthetic,Nested Loop,9,16,0,Parallel Hash,2
69,Synthetic,Parallel Hash Join,10,16,0,Nested Loop,2
69,Synthetic,Parallel Seq Scan,11,16,0,Parallel Hash Join,0
69,Synthetic,Parallel Hash,11,16,0,Parallel Hash Join,1
69,Synthetic,Nested Loop,12,16,0,Parallel Hash,2
69,Synthetic,Nested Loop,13,16,0,Nested Loop,2
69,Synthetic,Nested Loop,14,16,0,Nested Loop,2
69,Synthetic,Merge Join,15,16,0,Nested Loop,2
69,Synthetic,Sort,16,16,0,Merge Join,1
69,Synthetic,Parallel Hash Join,17,16,0,Sort,2
69,Synthetic,Parallel Seq Scan,18,16,0,Parallel Hash Join,0
69,Synthetic,Parallel Hash,18,16,0,Parallel Hash Join,1
69,Synthetic,Hash Join,19,16,0,Parallel Hash,2
69,Synthetic,Hash Join,20,16,0,Hash Join,2
69,Synthetic,Parallel Seq Scan,21,0,522,Hash Join,0
69,Synthetic,Hash,21,16,0,Hash Join,1
69,Synthetic,Seq Scan,22,16,0,Hash,0
69,Synthetic,Hash,20,16,0,Hash Join,1
69,Synthetic,Seq Scan,21,16,0,Hash,0
69,Synthetic,Sort,16,16,0,Merge Join,1
69,Synthetic,Hash Join,17,16,0,Sort,2
69,Synthetic,Seq Scan,18,16,0,Hash Join,0
69,Synthetic,Hash,18,16,0,Hash Join,1
69,Synthetic,Seq Scan,19,16,0,Hash,0
69,Synthetic,Index Scan,15,0,515,Nested Loop,0
69,Synthetic,Index Only Scan,14,16,0,Nested Loop,0
69,Synthetic,Index Only Scan,13,16,0,Nested Loop,0
69,Synthetic,Index Only Scan,10,0,516,Nested Loop,0
69,Synthetic,Index Scan,7,0,514,Nested Loop,0
69,Synthetic,Parallel Hash,6,16,0,Parallel Hash Semi Join,1
69,Synthetic,Parallel Hash Join,7,16,0,Parallel Hash,2
69,Synthetic,Parallel Seq Scan,8,0,521,Parallel Hash Join,0
69,Synthetic,Parallel Hash,8,16,0,Parallel Hash Join,1
69,Synthetic,Hash Join,9,16,0,Parallel Hash,2
69,Synthetic,Parallel Seq Scan,10,0,520,Hash Join,0
69,Synthetic,Hash,10,1,525,Hash Join,1
69,Synthetic,Seq Scan,11,0,518,Hash,0
69,Synthetic,Gather,3,16,0,Nested Loop Semi Join,1
69,Synthetic,Hash Join,4,16,0,Gather,2
69,Synthetic,Parallel Seq Scan,5,0,519,Hash Join,0
69,Synthetic,Hash,5,1,524,Hash Join,1
69,Synthetic,Seq Scan,6,0,517,Hash,0
70,Original,Finalize Aggregate,0,0,535,,1
70,Original,Gather,1,16,0,Finalize Aggregate,1
70,Original,Partial Aggregate,2,16,0,Gather,1
70,Original,Nested Loop,3,16,0,Partial Aggregate,2
70,Original,Nested Loop,4,16,0,Nested Loop,2
70,Original,Nested Loop,5,16,0,Nested Loop,2
70,Original,Parallel Hash Join,6,16,0,Nested Loop,2
70,Original,Parallel Seq Scan,7,0,534,Parallel Hash Join,0
70,Original,Parallel Hash,7,16,0,Parallel Hash Join,1
70,Original,Nested Loop,8,16,0,Parallel Hash,2
70,Original,Parallel Hash Join,9,16,0,Nested Loop,2
70,Original,Parallel Seq Scan,10,0,533,Parallel Hash Join,0
70,Original,Parallel Hash,10,16,0,Parallel Hash Join,1
70,Original,Parallel Hash Join,11,16,0,Parallel Hash,2
70,Original,Hash Join,12,16,0,Parallel Hash Join,2
70,Original,Parallel Seq Scan,13,0,532,Hash Join,0
70,Original,Hash,13,1,537,Hash Join,1
70,Original,Seq Scan,14,0,530,Hash,0
70,Original,Parallel Hash,12,16,0,Parallel Hash Join,1
70,Original,Hash Join,13,16,0,Parallel Hash,2
70,Original,Parallel Seq Scan,14,0,531,Hash Join,0
70,Original,Hash,14,1,536,Hash Join,1
70,Original,Seq Scan,15,0,529,Hash,0
70,Original,Index Only Scan,9,0,528,Nested Loop,0
70,Original,Index Scan,6,16,0,Nested Loop,0
70,Original,Index Scan,5,0,527,Nested Loop,0
70,Original,Index Scan,4,0,526,Nested Loop,0
70,Synthetic,Sort,0,0,535,,1
70,Synthetic,GroupAggregate,1,16,0,Sort,1
70,Synthetic,Nested Loop Semi Join,2,16,0,GroupAggregate,2
70,Synthetic,Gather Merge,3,16,0,Nested Loop Semi Join,1
70,Synthetic,Sort,4,16,0,Gather Merge,1
70,Synthetic,Parallel Hash Semi Join,5,16,0,Sort,2
70,Synthetic,Nested Loop,6,16,0,Parallel Hash Semi Join,2
70,Synthetic,Parallel Hash Join,7,16,0,Nested Loop,2
70,Synthetic,Parallel Seq Scan,8,16,0,Parallel Hash Join,0
70,Synthetic,Parallel Hash,8,16,0,Parallel Hash Join,1
70,Synthetic,Nested Loop,9,16,0,Parallel Hash,2
70,Synthetic,Parallel Hash Join,10,16,0,Nested Loop,2
70,Synthetic,Parallel Seq Scan,11,16,0,Parallel Hash Join,0
70,Synthetic,Parallel Hash,11,16,0,Parallel Hash Join,1
70,Synthetic,Nested Loop,12,16,0,Parallel Hash,2
70,Synthetic,Nested Loop,13,16,0,Nested Loop,2
70,Synthetic,Nested Loop,14,16,0,Nested Loop,2
70,Synthetic,Merge Join,15,16,0,Nested Loop,2
70,Synthetic,Sort,16,16,0,Merge Join,1
70,Synthetic,Parallel Hash Join,17,16,0,Sort,2
70,Synthetic,Parallel Seq Scan,18,16,0,Parallel Hash Join,0
70,Synthetic,Parallel Hash,18,16,0,Parallel Hash Join,1
70,Synthetic,Hash Join,19,16,0,Parallel Hash,2
70,Synthetic,Hash Join,20,16,0,Hash Join,2
70,Synthetic,Parallel Seq Scan,21,0,534,Hash Join,0
70,Synthetic,Hash,21,16,0,Hash Join,1
70,Synthetic,Seq Scan,22,16,0,Hash,0
70,Synthetic,Hash,20,16,0,Hash Join,1
70,Synthetic,Seq Scan,21,16,0,Hash,0
70,Synthetic,Sort,16,16,0,Merge Join,1
70,Synthetic,Hash Join,17,16,0,Sort,2
70,Synthetic,Seq Scan,18,16,0,Hash Join,0
70,Synthetic,Hash,18,16,0,Hash Join,1
70,Synthetic,Seq Scan,19,16,0,Hash,0
70,Synthetic,Index Scan,15,0,527,Nested Loop,0
70,Synthetic,Index Only Scan,14,16,0,Nested Loop,0
70,Synthetic,Index Only Scan,13,16,0,Nested Loop,0
70,Synthetic,Index Only Scan,10,0,528,Nested Loop,0
70,Synthetic,Index Scan,7,0,526,Nested Loop,0
70,Synthetic,Parallel Hash,6,16,0,Parallel Hash Semi Join,1
70,Synthetic,Parallel Hash Join,7,16,0,Parallel Hash,2
70,Synthetic,Parallel Seq Scan,8,0,533,Parallel Hash Join,0
70,Synthetic,Parallel Hash,8,16,0,Parallel Hash Join,1
70,Synthetic,Hash Join,9,16,0,Parallel Hash,2
70,Synthetic,Parallel Seq Scan,10,0,532,Hash Join,0
70,Synthetic,Hash,10,1,537,Hash Join,1
70,Synthetic,Seq Scan,11,0,530,Hash,0
70,Synthetic,Gather,3,16,0,Nested Loop Semi Join,1
70,Synthetic,Hash Join,4,16,0,Gather,2
70,Synthetic,Parallel Seq Scan,5,0,531,Hash Join,0
70,Synthetic,Hash,5,1,536,Hash Join,1
70,Synthetic,Seq Scan,6,0,529,Hash,0
71,Original,Finalize Aggregate,0,0,547,,1
71,Original,Gather,1,16,0,Finalize Aggregate,1
71,Original,Partial Aggregate,2,16,0,Gather,1
71,Original,Nested Loop,3,16,0,Partial Aggregate,2
71,Original,Nested Loop,4,16,0,Nested Loop,2
71,Original,Parallel Hash Join,5,16,0,Nested Loop,2
71,Original,Parallel Seq Scan,6,0,546,Parallel Hash Join,0
71,Original,Parallel Hash,6,16,0,Parallel Hash Join,1
71,Original,Nested Loop,7,16,0,Parallel Hash,2
71,Original,Parallel Hash Join,8,16,0,Nested Loop,2
71,Original,Parallel Seq Scan,9,0,545,Parallel Hash Join,0
71,Original,Parallel Hash,9,16,0,Parallel Hash Join,1
71,Original,Nested Loop,10,16,0,Parallel Hash,2
71,Original,Parallel Hash Join,11,16,0,Nested Loop,2
71,Original,Hash Join,12,16,0,Parallel Hash Join,2
71,Original,Parallel Seq Scan,13,0,544,Hash Join,0
71,Original,Hash,13,1,548,Hash Join,1
71,Original,Seq Scan,14,0,542,Hash,0
71,Original,Parallel Hash,12,16,0,Parallel Hash Join,1
71,Original,Hash Join,13,16,0,Parallel Hash,2
71,Original,Parallel Seq Scan,14,0,543,Hash Join,0
71,Original,Hash,14,1,549,Hash Join,1
71,Original,Seq Scan,15,0,541,Hash,0
71,Original,Index Scan,11,16,0,Nested Loop,0
71,Original,Index Only Scan,8,0,540,Nested Loop,0
71,Original,Index Scan,5,0,539,Nested Loop,0
71,Original,Index Scan,4,0,538,Nested Loop,0
71,Synthetic,Sort,0,0,547,,1
71,Synthetic,GroupAggregate,1,16,0,Sort,1
71,Synthetic,Nested Loop Semi Join,2,16,0,GroupAggregate,2
71,Synthetic,Gather Merge,3,16,0,Nested Loop Semi Join,1
71,Synthetic,Sort,4,16,0,Gather Merge,1
71,Synthetic,Parallel Hash Semi Join,5,16,0,Sort,2
71,Synthetic,Nested Loop,6,16,0,Parallel Hash Semi Join,2
71,Synthetic,Parallel Hash Join,7,16,0,Nested Loop,2
71,Synthetic,Parallel Seq Scan,8,16,0,Parallel Hash Join,0
71,Synthetic,Parallel Hash,8,16,0,Parallel Hash Join,1
71,Synthetic,Nested Loop,9,16,0,Parallel Hash,2
71,Synthetic,Parallel Hash Join,10,16,0,Nested Loop,2
71,Synthetic,Parallel Seq Scan,11,16,0,Parallel Hash Join,0
71,Synthetic,Parallel Hash,11,16,0,Parallel Hash Join,1
71,Synthetic,Nested Loop,12,16,0,Parallel Hash,2
71,Synthetic,Nested Loop,13,16,0,Nested Loop,2
71,Synthetic,Nested Loop,14,16,0,Nested Loop,2
71,Synthetic,Merge Join,15,16,0,Nested Loop,2
71,Synthetic,Sort,16,16,0,Merge Join,1
71,Synthetic,Parallel Hash Join,17,16,0,Sort,2
71,Synthetic,Parallel Seq Scan,18,16,0,Parallel Hash Join,0
71,Synthetic,Parallel Hash,18,16,0,Parallel Hash Join,1
71,Synthetic,Hash Join,19,16,0,Parallel Hash,2
71,Synthetic,Hash Join,20,16,0,Hash Join,2
71,Synthetic,Parallel Seq Scan,21,0,546,Hash Join,0
71,Synthetic,Hash,21,16,0,Hash Join,1
71,Synthetic,Seq Scan,22,16,0,Hash,0
71,Synthetic,Hash,20,16,0,Hash Join,1
71,Synthetic,Seq Scan,21,16,0,Hash,0
71,Synthetic,Sort,16,16,0,Merge Join,1
71,Synthetic,Hash Join,17,16,0,Sort,2
71,Synthetic,Seq Scan,18,16,0,Hash Join,0
71,Synthetic,Hash,18,16,0,Hash Join,1
71,Synthetic,Seq Scan,19,16,0,Hash,0
71,Synthetic,Index Scan,15,0,539,Nested Loop,0
71,Synthetic,Index Only Scan,14,16,0,Nested Loop,0
71,Synthetic,Index Only Scan,13,16,0,Nested Loop,0
71,Synthetic,Index Only Scan,10,0,540,Nested Loop,0
71,Synthetic,Index Scan,7,0,538,Nested Loop,0
71,Synthetic,Parallel Hash,6,16,0,Parallel Hash Semi Join,1
71,Synthetic,Parallel Hash Join,7,16,0,Parallel Hash,2
71,Synthetic,Parallel Seq Scan,8,0,545,Parallel Hash Join,0
71,Synthetic,Parallel Hash,8,16,0,Parallel Hash Join,1
71,Synthetic,Hash Join,9,16,0,Parallel Hash,2
71,Synthetic,Parallel Seq Scan,10,0,544,Hash Join,0
71,Synthetic,Hash,10,1,548,Hash Join,1
71,Synthetic,Seq Scan,11,0,542,Hash,0
71,Synthetic,Gather,3,16,0,Nested Loop Semi Join,1
71,Synthetic,Hash Join,4,16,0,Gather,2
71,Synthetic,Parallel Seq Scan,5,0,543,Hash Join,0
71,Synthetic,Hash,5,1,549,Hash Join,1
71,Synthetic,Seq Scan,6,0,541,Hash,0
72,Original,Finalize Aggregate,0,0,559,,1
72,Original,Gather,1,16,0,Finalize Aggregate,1
72,Original,Partial Aggregate,2,16,0,Gather,1
72,Original,Parallel Hash Join,3,16,0,Partial Aggregate,2
72,Original,Parallel Seq Scan,4,0,558,Parallel Hash Join,0
72,Original,Parallel Hash,4,16,0,Parallel Hash Join,1
72,Original,Nested Loop,5,16,0,Parallel Hash,2
72,Original,Parallel Hash Join,6,16,0,Nested Loop,2
72,Original,Parallel Seq Scan,7,0,557,Parallel Hash Join,0
72,Original,Parallel Hash,7,16,0,Parallel Hash Join,1
72,Original,Nested Loop,8,16,0,Parallel Hash,2
72,Original,Nested Loop,9,16,0,Nested Loop,2
72,Original,Nested Loop,10,16,0,Nested Loop,2
72,Original,Parallel Hash Join,11,16,0,Nested Loop,2
72,Original,Hash Join,12,16,0,Parallel Hash Join,2
72,Original,Parallel Seq Scan,13,0,556,Hash Join,0
72,Original,Hash,13,1,561,Hash Join,1
72,Original,Seq Scan,14,0,554,Hash,0
72,Original,Parallel Hash,12,16,0,Parallel Hash Join,1
72,Original,Hash Join,13,16,0,Parallel Hash,2
72,Original,Parallel Seq Scan,14,0,555,Hash Join,0
72,Original,Hash,14,1,560,Hash Join,1
72,Original,Seq Scan,15,0,553,Hash,0
72,Original,Index Only Scan,11,0,552,Nested Loop,0
72,Original,Index Scan,10,16,0,Nested Loop,0
72,Original,Index Scan,9,0,551,Nested Loop,0
72,Original,Index Scan,6,0,550,Nested Loop,0
72,Synthetic,Sort,0,0,559,,1
72,Synthetic,GroupAggregate,1,16,0,Sort,1
72,Synthetic,Nested Loop Semi Join,2,16,0,GroupAggregate,2
72,Synthetic,Gather Merge,3,16,0,Nested Loop Semi Join,1
72,Synthetic,Sort,4,16,0,Gather Merge,1
72,Synthetic,Parallel Hash Semi Join,5,16,0,Sort,2
72,Synthetic,Nested Loop,6,16,0,Parallel Hash Semi Join,2
72,Synthetic,Parallel Hash Join,7,16,0,Nested Loop,2
72,Synthetic,Parallel Seq Scan,8,16,0,Parallel Hash Join,0
72,Synthetic,Parallel Hash,8,16,0,Parallel Hash Join,1
72,Synthetic,Nested Loop,9,16,0,Parallel Hash,2
72,Synthetic,Parallel Hash Join,10,16,0,Nested Loop,2
72,Synthetic,Parallel Seq Scan,11,16,0,Parallel Hash Join,0
72,Synthetic,Parallel Hash,11,16,0,Parallel Hash Join,1
72,Synthetic,Nested Loop,12,16,0,Parallel Hash,2
72,Synthetic,Nested Loop,13,16,0,Nested Loop,2
72,Synthetic,Nested Loop,14,16,0,Nested Loop,2
72,Synthetic,Merge Join,15,16,0,Nested Loop,2
72,Synthetic,Sort,16,16,0,Merge Join,1
72,Synthetic,Parallel Hash Join,17,16,0,Sort,2
72,Synthetic,Parallel Seq Scan,18,16,0,Parallel Hash Join,0
72,Synthetic,Parallel Hash,18,16,0,Parallel Hash Join,1
72,Synthetic,Hash Join,19,16,0,Parallel Hash,2
72,Synthetic,Hash Join,20,16,0,Hash Join,2
72,Synthetic,Parallel Seq Scan,21,0,558,Hash Join,0
72,Synthetic,Hash,21,16,0,Hash Join,1
72,Synthetic,Seq Scan,22,16,0,Hash,0
72,Synthetic,Hash,20,16,0,Hash Join,1
72,Synthetic,Seq Scan,21,16,0,Hash,0
72,Synthetic,Sort,16,16,0,Merge Join,1
72,Synthetic,Hash Join,17,16,0,Sort,2
72,Synthetic,Seq Scan,18,16,0,Hash Join,0
72,Synthetic,Hash,18,16,0,Hash Join,1
72,Synthetic,Seq Scan,19,16,0,Hash,0
72,Synthetic,Index Scan,15,0,551,Nested Loop,0
72,Synthetic,Index Only Scan,14,16,0,Nested Loop,0
72,Synthetic,Index Only Scan,13,16,0,Nested Loop,0
72,Synthetic,Index Only Scan,10,0,552,Nested Loop,0
72,Synthetic,Index Scan,7,0,550,Nested Loop,0
72,Synthetic,Parallel Hash,6,16,0,Parallel Hash Semi Join,1
72,Synthetic,Parallel Hash Join,7,16,0,Parallel Hash,2
72,Synthetic,Parallel Seq Scan,8,0,557,Parallel Hash Join,0
72,Synthetic,Parallel Hash,8,16,0,Parallel Hash Join,1
72,Synthetic,Hash Join,9,16,0,Parallel Hash,2
72,Synthetic,Parallel Seq Scan,10,0,556,Hash Join,0
72,Synthetic,Hash,10,1,561,Hash Join,1
72,Synthetic,Seq Scan,11,0,554,Hash,0
72,Synthetic,Gather,3,16,0,Nested Loop Semi Join,1
72,Synthetic,Hash Join,4,16,0,Gather,2
72,Synthetic,Parallel Seq Scan,5,0,555,Hash Join,0
72,Synthetic,Hash,5,1,560,Hash Join,1
72,Synthetic,Seq Scan,6,0,553,Hash,0
73,Original,Finalize Aggregate,0,0,569,,1
73,Original,Gather,1,16,0,Finalize Aggregate,1
73,Original,Partial Aggregate,2,16,0,Gather,1
73,Original,Nested Loop,3,16,0,Partial Aggregate,2
73,Original,Nested Loop,4,16,0,Nested Loop,2
73,Original,Parallel Hash Join,5,16,0,Nested Loop,2
73,Original,Parallel Seq Scan,6,0,568,Parallel Hash Join,0
73,Original,Parallel Hash,6,16,0,Parallel Hash Join,1
73,Original,Nested Loop,7,16,0,Parallel Hash,2
73,Original,Hash Join,8,16,0,Nested Loop,2
73,Original,Parallel Seq Scan,9,0,567,Hash Join,0
73,Original,Hash,9,16,0,Hash Join,1
73,Original,Nested Loop,10,16,0,Hash,2
73,Original,Nested Loop,11,16,0,Nested Loop,2
73,Original,Nested Loop,12,16,0,Nested Loop,2
73,Original,Hash Join,13,16,0,Nested Loop,2
73,Original,Seq Scan,14,0,565,Hash Join,0
73,Original,Hash,14,1,570,Hash Join,1
73,Original,Seq Scan,15,0,566,Hash,0
73,Original,Memoize,13,16,0,Nested Loop,1
73,Original,Index Scan,14,16,0,Memoize,0
73,Original,Index Scan,12,16,0,Nested Loop,0
73,Original,Index Scan,11,16,0,Nested Loop,0
73,Original,Index Scan,8,0,564,Nested Loop,0
73,Original,Index Scan,5,0,563,Nested Loop,0
73,Original,Index Only Scan,4,0,562,Nested Loop,0
73,Synthetic,Sort,0,0,569,,1
73,Synthetic,GroupAggregate,1,16,0,Sort,1
73,Synthetic,Nested Loop Semi Join,2,16,0,GroupAggregate,2
73,Synthetic,Gather Merge,3,16,0,Nested Loop Semi Join,1
73,Synthetic,Sort,4,16,0,Gather Merge,1
73,Synthetic,Parallel Hash Semi Join,5,16,0,Sort,2
73,Synthetic,Nested Loop,6,16,0,Parallel Hash Semi Join,2
73,Synthetic,Parallel Hash Join,7,16,0,Nested Loop,2
73,Synthetic,Parallel Seq Scan,8,16,0,Parallel Hash Join,0
73,Synthetic,Parallel Hash,8,16,0,Parallel Hash Join,1
73,Synthetic,Nested Loop,9,16,0,Parallel Hash,2
73,Synthetic,Parallel Hash Join,10,16,0,Nested Loop,2
73,Synthetic,Parallel Seq Scan,11,16,0,Parallel Hash Join,0
73,Synthetic,Parallel Hash,11,16,0,Parallel Hash Join,1
73,Synthetic,Nested Loop,12,16,0,Parallel Hash,2
73,Synthetic,Nested Loop,13,16,0,Nested Loop,2
73,Synthetic,Nested Loop,14,16,0,Nested Loop,2
73,Synthetic,Merge Join,15,16,0,Nested Loop,2
73,Synthetic,Sort,16,16,0,Merge Join,1
73,Synthetic,Parallel Hash Join,17,16,0,Sort,2
73,Synthetic,Parallel Seq Scan,18,16,0,Parallel Hash Join,0
73,Synthetic,Parallel Hash,18,16,0,Parallel Hash Join,1
73,Synthetic,Hash Join,19,16,0,Parallel Hash,2
73,Synthetic,Hash Join,20,16,0,Hash Join,2
73,Synthetic,Parallel Seq Scan,21,16,0,Hash Join,0
73,Synthetic,Hash,21,16,0,Hash Join,1
73,Synthetic,Seq Scan,22,16,0,Hash,0
73,Synthetic,Hash,20,16,0,Hash Join,1
73,Synthetic,Seq Scan,21,16,0,Hash,0
73,Synthetic,Sort,16,16,0,Merge Join,1
73,Synthetic,Hash Join,17,16,0,Sort,2
73,Synthetic,Seq Scan,18,0,565,Hash Join,0
73,Synthetic,Hash,18,16,0,Hash Join,1
73,Synthetic,Seq Scan,19,16,0,Hash,0
73,Synthetic,Index Scan,15,0,564,Nested Loop,0
73,Synthetic,Index Only Scan,14,16,0,Nested Loop,0
73,Synthetic,Index Only Scan,13,16,0,Nested Loop,0
73,Synthetic,Index Only Scan,10,0,562,Nested Loop,0
73,Synthetic,Index Scan,7,0,563,Nested Loop,0
73,Synthetic,Parallel Hash,6,16,0,Parallel Hash Semi Join,1
73,Synthetic,Parallel Hash Join,7,16,0,Parallel Hash,2
73,Synthetic,Parallel Seq Scan,8,16,0,Parallel Hash Join,0
73,Synthetic,Parallel Hash,8,16,0,Parallel Hash Join,1
73,Synthetic,Hash Join,9,16,0,Parallel Hash,2
73,Synthetic,Parallel Seq Scan,10,0,568,Hash Join,0
73,Synthetic,Hash,10,16,0,Hash Join,1
73,Synthetic,Seq Scan,11,16,0,Hash,0
73,Synthetic,Gather,3,16,0,Nested Loop Semi Join,1
73,Synthetic,Hash Join,4,16,0,Gather,2
73,Synthetic,Parallel Seq Scan,5,0,567,Hash Join,0
73,Synthetic,Hash,5,1,570,Hash Join,1
73,Synthetic,Seq Scan,6,0,566,Hash,0
74,Original,Finalize Aggregate,0,0,577,,1
74,Original,Gather,1,16,0,Finalize Aggregate,1
74,Original,Partial Aggregate,2,16,0,Gather,1
74,Original,Nested Loop,3,16,0,Partial Aggregate,2
74,Original,Nested Loop,4,16,0,Nested Loop,2
74,Original,Parallel Hash Join,5,16,0,Nested Loop,2
74,Original,Parallel Seq Scan,6,0,576,Parallel Hash Join,0
74,Original,Parallel Hash,6,16,0,Parallel Hash Join,1
74,Original,Nested Loop,7,16,0,Parallel Hash,2
74,Original,Hash Join,8,16,0,Nested Loop,2
74,Original,Parallel Seq Scan,9,0,575,Hash Join,0
74,Original,Hash,9,16,0,Hash Join,1
74,Original,Nested Loop,10,16,0,Hash,2
74,Original,Nested Loop,11,16,0,Nested Loop,2
74,Original,Nested Loop,12,16,0,Nested Loop,2
74,Original,Hash Join,13,16,0,Nested Loop,2
74,Original,Seq Scan,14,0,573,Hash Join,0
74,Original,Hash,14,1,578,Hash Join,1
74,Original,Seq Scan,15,0,574,Hash,0
74,Original,Memoize,13,16,0,Nested Loop,1
74,Original,Index Scan,14,16,0,Memoize,0
74,Original,Index Scan,12,16,0,Nested Loop,0
74,Original,Index Scan,11,16,0,Nested Loop,0
74,Original,Index Scan,8,16,0,Nested Loop,0
74,Original,Index Scan,5,0,572,Nested Loop,0
74,Original,Index Scan,4,0,571,Nested Loop,0
74,Synthetic,Sort,0,0,577,,1
74,Synthetic,GroupAggregate,1,16,0,Sort,1
74,Synthetic,Nested Loop Semi Join,2,16,0,GroupAggregate,2
74,Synthetic,Gather Merge,3,16,0,Nested Loop Semi Join,1
74,Synthetic,Sort,4,16,0,Gather Merge,1
74,Synthetic,Parallel Hash Semi Join,5,16,0,Sort,2
74,Synthetic,Nested Loop,6,16,0,Parallel Hash Semi Join,2
74,Synthetic,Parallel Hash Join,7,16,0,Nested Loop,2
74,Synthetic,Parallel Seq Scan,8,16,0,Parallel Hash Join,0
74,Synthetic,Parallel Hash,8,16,0,Parallel Hash Join,1
74,Synthetic,Nested Loop,9,16,0,Parallel Hash,2
74,Synthetic,Parallel Hash Join,10,16,0,Nested Loop,2
74,Synthetic,Parallel Seq Scan,11,16,0,Parallel Hash Join,0
74,Synthetic,Parallel Hash,11,16,0,Parallel Hash Join,1
74,Synthetic,Nested Loop,12,16,0,Parallel Hash,2
74,Synthetic,Nested Loop,13,16,0,Nested Loop,2
74,Synthetic,Nested Loop,14,16,0,Nested Loop,2
74,Synthetic,Merge Join,15,16,0,Nested Loop,2
74,Synthetic,Sort,16,16,0,Merge Join,1
74,Synthetic,Parallel Hash Join,17,16,0,Sort,2
74,Synthetic,Parallel Seq Scan,18,16,0,Parallel Hash Join,0
74,Synthetic,Parallel Hash,18,16,0,Parallel Hash Join,1
74,Synthetic,Hash Join,19,16,0,Parallel Hash,2
74,Synthetic,Hash Join,20,16,0,Hash Join,2
74,Synthetic,Parallel Seq Scan,21,16,0,Hash Join,0
74,Synthetic,Hash,21,16,0,Hash Join,1
74,Synthetic,Seq Scan,22,16,0,Hash,0
74,Synthetic,Hash,20,16,0,Hash Join,1
74,Synthetic,Seq Scan,21,16,0,Hash,0
74,Synthetic,Sort,16,16,0,Merge Join,1
74,Synthetic,Hash Join,17,16,0,Sort,2
74,Synthetic,Seq Scan,18,0,573,Hash Join,0
74,Synthetic,Hash,18,16,0,Hash Join,1
74,Synthetic,Seq Scan,19,16,0,Hash,0
74,Synthetic,Index Scan,15,0,572,Nested Loop,0
74,Synthetic,Index Only Scan,14,16,0,Nested Loop,0
74,Synthetic,Index Only Scan,13,16,0,Nested Loop,0
74,Synthetic,Index Only Scan,10,16,0,Nested Loop,0
74,Synthetic,Index Scan,7,0,571,Nested Loop,0
74,Synthetic,Parallel Hash,6,16,0,Parallel Hash Semi Join,1
74,Synthetic,Parallel Hash Join,7,16,0,Parallel Hash,2
74,Synthetic,Parallel Seq Scan,8,16,0,Parallel Hash Join,0
74,Synthetic,Parallel Hash,8,16,0,Parallel Hash Join,1
74,Synthetic,Hash Join,9,16,0,Parallel Hash,2
74,Synthetic,Parallel Seq Scan,10,0,576,Hash Join,0
74,Synthetic,Hash,10,16,0,Hash Join,1
74,Synthetic,Seq Scan,11,16,0,Hash,0
74,Synthetic,Gather,3,16,0,Nested Loop Semi Join,1
74,Synthetic,Hash Join,4,16,0,Gather,2
74,Synthetic,Parallel Seq Scan,5,0,575,Hash Join,0
74,Synthetic,Hash,5,1,578,Hash Join,1
74,Synthetic,Seq Scan,6,0,574,Hash,0
75,Original,Finalize Aggregate,0,0,585,,1
75,Original,Gather,1,16,0,Finalize Aggregate,1
75,Original,Partial Aggregate,2,16,0,Gather,1
75,Original,Nested Loop,3,16,0,Partial Aggregate,2
75,Original,Nested Loop,4,16,0,Nested Loop,2
75,Original,Parallel Hash Join,5,16,0,Nested Loop,2
75,Original,Parallel Seq Scan,6,0,584,Parallel Hash Join,0
75,Original,Parallel Hash,6,16,0,Parallel Hash Join,1
75,Original,Nested Loop,7,16,0,Parallel Hash,2
75,Original,Hash Join,8,16,0,Nested Loop,2
75,Original,Parallel Seq Scan,9,0,583,Hash Join,0
75,Original,Hash,9,16,0,Hash Join,1
75,Original,Nested Loop,10,16,0,Hash,2
75,Original,Nested Loop,11,16,0,Nested Loop,2
75,Original,Nested Loop,12,16,0,Nested Loop,2
75,Original,Hash Join,13,16,0,Nested Loop,2
75,Original,Seq Scan,14,0,581,Hash Join,0
75,Original,Hash,14,1,586,Hash Join,1
75,Original,Seq Scan,15,0,582,Hash,0
75,Original,Memoize,13,16,0,Nested Loop,1
75,Original,Index Scan,14,16,0,Memoize,0
75,Original,Index Scan,12,16,0,Nested Loop,0
75,Original,Index Scan,11,16,0,Nested Loop,0
75,Original,Index Scan,8,16,0,Nested Loop,0
75,Original,Index Scan,5,0,580,Nested Loop,0
75,Original,Index Scan,4,0,579,Nested Loop,0
75,Synthetic,Sort,0,0,585,,1
75,Synthetic,GroupAggregate,1,16,0,Sort,1
75,Synthetic,Nested Loop Semi Join,2,16,0,GroupAggregate,2
75,Synthetic,Gather Merge,3,16,0,Nested Loop Semi Join,1
75,Synthetic,Sort,4,16,0,Gather Merge,1
75,Synthetic,Parallel Hash Semi Join,5,16,0,Sort,2
75,Synthetic,Nested Loop,6,16,0,Parallel Hash Semi Join,2
75,Synthetic,Parallel Hash Join,7,16,0,Nested Loop,2
75,Synthetic,Parallel Seq Scan,8,16,0,Parallel Hash Join,0
75,Synthetic,Parallel Hash,8,16,0,Parallel Hash Join,1
75,Synthetic,Nested Loop,9,16,0,Parallel Hash,2
75,Synthetic,Parallel Hash Join,10,16,0,Nested Loop,2
75,Synthetic,Parallel Seq Scan,11,16,0,Parallel Hash Join,0
75,Synthetic,Parallel Hash,11,16,0,Parallel Hash Join,1
75,Synthetic,Nested Loop,12,16,0,Parallel Hash,2
75,Synthetic,Nested Loop,13,16,0,Nested Loop,2
75,Synthetic,Nested Loop,14,16,0,Nested Loop,2
75,Synthetic,Merge Join,15,16,0,Nested Loop,2
75,Synthetic,Sort,16,16,0,Merge Join,1
75,Synthetic,Parallel Hash Join,17,16,0,Sort,2
75,Synthetic,Parallel Seq Scan,18,16,0,Parallel Hash Join,0
75,Synthetic,Parallel Hash,18,16,0,Parallel Hash Join,1
75,Synthetic,Hash Join,19,16,0,Parallel Hash,2
75,Synthetic,Hash Join,20,16,0,Hash Join,2
75,Synthetic,Parallel Seq Scan,21,16,0,Hash Join,0
75,Synthetic,Hash,21,16,0,Hash Join,1
75,Synthetic,Seq Scan,22,16,0,Hash,0
75,Synthetic,Hash,20,16,0,Hash Join,1
75,Synthetic,Seq Scan,21,16,0,Hash,0
75,Synthetic,Sort,16,16,0,Merge Join,1
75,Synthetic,Hash Join,17,16,0,Sort,2
75,Synthetic,Seq Scan,18,0,581,Hash Join,0
75,Synthetic,Hash,18,16,0,Hash Join,1
75,Synthetic,Seq Scan,19,16,0,Hash,0
75,Synthetic,Index Scan,15,0,580,Nested Loop,0
75,Synthetic,Index Only Scan,14,16,0,Nested Loop,0
75,Synthetic,Index Only Scan,13,16,0,Nested Loop,0
75,Synthetic,Index Only Scan,10,16,0,Nested Loop,0
75,Synthetic,Index Scan,7,0,579,Nested Loop,0
75,Synthetic,Parallel Hash,6,16,0,Parallel Hash Semi Join,1
75,Synthetic,Parallel Hash Join,7,16,0,Parallel Hash,2
75,Synthetic,Parallel Seq Scan,8,16,0,Parallel Hash Join,0
75,Synthetic,Parallel Hash,8,16,0,Parallel Hash Join,1
75,Synthetic,Hash Join,9,16,0,Parallel Hash,2
75,Synthetic,Parallel Seq Scan,10,0,584,Hash Join,0
75,Synthetic,Hash,10,16,0,Hash Join,1
75,Synthetic,Seq Scan,11,16,0,Hash,0
75,Synthetic,Gather,3,16,0,Nested Loop Semi Join,1
75,Synthetic,Hash Join,4,16,0,Gather,2
75,Synthetic,Parallel Seq Scan,5,0,583,Hash Join,0
75,Synthetic,Hash,5,1,586,Hash Join,1
75,Synthetic,Seq Scan,6,0,582,Hash,0
76,Original,Finalize Aggregate,0,0,595,,1
76,Original,Gather,1,16,0,Finalize Aggregate,1
76,Original,Partial Aggregate,2,16,0,Gather,1
76,Original,Nested Loop,3,16,0,Partial Aggregate,2
76,Original,Nested Loop,4,16,0,Nested Loop,2
76,Original,Parallel Hash Join,5,16,0,Nested Loop,2
76,Original,Hash Join,6,16,0,Parallel Hash Join,2
76,Original,Parallel Seq Scan,7,0,594,Hash Join,0
76,Original,Hash,7,1,597,Hash Join,1
76,Original,Seq Scan,8,0,593,Hash,0
76,Original,Parallel Hash,6,16,0,Parallel Hash Join,1
76,Original,Parallel Hash Join,7,16,0,Parallel Hash,2
76,Original,Parallel Seq Scan,8,0,592,Parallel Hash Join,0
76,Original,Parallel Hash,8,16,0,Parallel Hash Join,1
76,Original,Nested Loop,9,16,0,Parallel Hash,2
76,Original,Hash Join,10,16,0,Nested Loop,2
76,Original,Parallel Seq Scan,11,0,591,Hash Join,0
76,Original,Hash,11,16,0,Hash Join,1
76,Original,Hash Join,12,16,0,Hash,2
76,Original,Seq Scan,13,0,590,Hash Join,0
76,Original,Hash,13,1,596,Hash Join,1
76,Original,Seq Scan,14,0,589,Hash,0
76,Original,Index Scan,10,16,0,Nested Loop,0
76,Original,Index Scan,5,0,588,Nested Loop,0
76,Original,Index Scan,4,0,587,Nested Loop,0
76,Synthetic,Sort,0,0,595,,1
76,Synthetic,GroupAggregate,1,16,0,Sort,1
76,Synthetic,Sort,2,16,0,GroupAggregate,1
76,Synthetic,Gather,3,16,0,Sort,1
76,Synthetic,Nested Loop,4,16,0,Gather,2
76,Synthetic,Nested Loop,5,16,0,Nested Loop,2
76,Synthetic,Parallel Hash Join,6,16,0,Nested Loop,2
76,Synthetic,Parallel Seq Scan,7,0,594,Parallel Hash Join,0
76,Synthetic,Parallel Hash,7,16,0,Parallel Hash Join,1
76,Synthetic,Nested Loop,8,16,0,Parallel Hash,2
76,Synthetic,Parallel Hash Join,9,16,0,Nested Loop,2
76,Synthetic,Hash Join,10,16,0,Parallel Hash Join,2
76,Synthetic,Parallel Seq Scan,11,0,592,Hash Join,0
76,Synthetic,Hash,11,1,597,Hash Join,1
76,Synthetic,Seq Scan,12,0,593,Hash,0
76,Synthetic,Parallel Hash,10,16,0,Parallel Hash Join,1
76,Synthetic,Hash Join,11,16,0,Parallel Hash,2
76,Synthetic,Hash Join,12,16,0,Hash Join,2
76,Synthetic,Parallel Seq Scan,13,0,591,Hash Join,0
76,Synthetic,Hash,13,16,0,Hash Join,1
76,Synthetic,Seq Scan,14,0,590,Hash,0
76,Synthetic,Hash,12,1,596,Hash Join,1
76,Synthetic,Seq Scan,13,0,589,Hash,0
76,Synthetic,Index Scan,9,0,588,Nested Loop,0
76,Synthetic,Index Scan,6,0,587,Nested Loop,0
76,Synthetic,Index Only Scan,5,16,0,Nested Loop,0
77,Original,Aggregate,0,0,606,,1
77,Original,Gather,1,16,0,Aggregate,1
77,Original,Nested Loop,2,16,0,Gather,2
77,Original,Nested Loop,3,16,0,Nested Loop,2
77,Original,Parallel Hash Join,4,16,0,Nested Loop,2
77,Original,Hash Join,5,16,0,Parallel Hash Join,2
77,Original,Parallel Seq Scan,6,0,605,Hash Join,0
77,Original,Hash,6,1,607,Hash Join,1
77,Original,Seq Scan,7,0,604,Hash,0
77,Original,Parallel Hash,5,16,0,Parallel Hash Join,1
77,Original,Parallel Hash Join,6,16,0,Parallel Hash,2
77,Original,Parallel Seq Scan,7,0,603,Parallel Hash Join,0
77,Original,Parallel Hash,7,16,0,Parallel Hash Join,1
77,Original,Nested Loop,8,16,0,Parallel Hash,2
77,Original,Hash Join,9,16,0,Nested Loop,2
77,Original,Parallel Seq Scan,10,0,602,Hash Join,0
77,Original,Hash,10,16,0,Hash Join,1
77,Original,Hash Join,11,16,0,Hash,2
77,Original,Seq Scan,12,0,601,Hash Join,0
77,Original,Hash,12,1,608,Hash Join,1
77,Original,Seq Scan,13,0,600,Hash,0
77,Original,Index Scan,9,16,0,Nested Loop,0
77,Original,Index Scan,4,0,599,Nested Loop,0
77,Original,Index Scan,3,0,598,Nested Loop,0
77,Synthetic,Sort,0,0,606,,1
77,Synthetic,GroupAggregate,1,16,0,Sort,1
77,Synthetic,Sort,2,16,0,GroupAggregate,1
77,Synthetic,Gather,3,16,0,Sort,1
77,Synthetic,Nested Loop,4,16,0,Gather,2
77,Synthetic,Nested Loop,5,16,0,Nested Loop,2
77,Synthetic,Parallel Hash Join,6,16,0,Nested Loop,2
77,Synthetic,Parallel Seq Scan,7,0,605,Parallel Hash Join,0
77,Synthetic,Parallel Hash,7,16,0,Parallel Hash Join,1
77,Synthetic,Nested Loop,8,16,0,Parallel Hash,2
77,Synthetic,Parallel Hash Join,9,16,0,Nested Loop,2
77,Synthetic,Hash Join,10,16,0,Parallel Hash Join,2
77,Synthetic,Parallel Seq Scan,11,0,603,Hash Join,0
77,Synthetic,Hash,11,1,607,Hash Join,1
77,Synthetic,Seq Scan,12,0,604,Hash,0
77,Synthetic,Parallel Hash,10,16,0,Parallel Hash Join,1
77,Synthetic,Hash Join,11,16,0,Parallel Hash,2
77,Synthetic,Hash Join,12,16,0,Hash Join,2
77,Synthetic,Parallel Seq Scan,13,0,602,Hash Join,0
77,Synthetic,Hash,13,16,0,Hash Join,1
77,Synthetic,Seq Scan,14,0,601,Hash,0
77,Synthetic,Hash,12,1,608,Hash Join,1
77,Synthetic,Seq Scan,13,0,600,Hash,0
77,Synthetic,Index Scan,9,0,599,Nested Loop,0
77,Synthetic,Index Scan,6,0,598,Nested Loop,0
77,Synthetic,Memoize,5,16,0,Nested Loop,1
77,Synthetic,Index Only Scan,6,16,0,Memoize,0
78,Original,Finalize Aggregate,0,0,617,,1
78,Original,Gather,1,16,0,Finalize Aggregate,1
78,Original,Partial Aggregate,2,16,0,Gather,1
78,Original,Nested Loop,3,16,0,Partial Aggregate,2
78,Original,Parallel Hash Join,4,16,0,Nested Loop,2
78,Original,Parallel Seq Scan,5,0,616,Parallel Hash Join,0
78,Original,Parallel Hash,5,16,0,Parallel Hash Join,1
78,Original,Nested Loop,6,16,0,Parallel Hash,2
78,Original,Nested Loop,7,16,0,Nested Loop,2
78,Original,Parallel Hash Join,8,16,0,Nested Loop,2
78,Original,Hash Join,9,16,0,Parallel Hash Join,2
78,Original,Parallel Seq Scan,10,0,614,Hash Join,0
78,Original,Hash,10,16,0,Hash Join,1
78,Original,Hash Join,11,16,0,Hash,2
78,Original,Seq Scan,12,0,615,Hash Join,0
78,Original,Hash,12,1,619,Hash Join,1
78,Original,Seq Scan,13,0,612,Hash,0
78,Original,Parallel Hash,9,16,0,Parallel Hash Join,1
78,Original,Hash Join,10,16,0,Parallel Hash,2
78,Original,Parallel Seq Scan,11,0,613,Hash Join,0
78,Original,Hash,11,1,618,Hash Join,1
78,Original,Seq Scan,12,0,611,Hash,0
78,Original,Index Scan,8,16,0,Nested Loop,0
78,Original,Index Scan,7,0,610,Nested Loop,0
78,Original,Index Scan,4,0,609,Nested Loop,0
78,Synthetic,Sort,0,0,617,,1
78,Synthetic,GroupAggregate,1,16,0,Sort,1
78,Synthetic,Sort,2,16,0,GroupAggregate,1
78,Synthetic,Gather,3,16,0,Sort,1
78,Synthetic,Nested Loop,4,16,0,Gather,2
78,Synthetic,Nested Loop,5,16,0,Nested Loop,2
78,Synthetic,Parallel Hash Join,6,16,0,Nested Loop,2
78,Synthetic,Parallel Seq Scan,7,0,616,Parallel Hash Join,0
78,Synthetic,Parallel Hash,7,16,0,Parallel Hash Join,1
78,Synthetic,Nested Loop,8,16,0,Parallel Hash,2
78,Synthetic,Parallel Hash Join,9,16,0,Nested Loop,2
78,Synthetic,Hash Join,10,16,0,Parallel Hash Join,2
78,Synthetic,Parallel Seq Scan,11,0,614,Hash Join,0
78,Synthetic,Hash,11,16,0,Hash Join,1
78,Synthetic,Seq Scan,12,0,615,Hash,0
78,Synthetic,Parallel Hash,10,16,0,Parallel Hash Join,1
78,Synthetic,Hash Join,11,16,0,Parallel Hash,2
78,Synthetic,Hash Join,12,16,0,Hash Join,2
78,Synthetic,Parallel Seq Scan,13,0,613,Hash Join,0
78,Synthetic,Hash,13,1,619,Hash Join,1
78,Synthetic,Seq Scan,14,0,612,Hash,0
78,Synthetic,Hash,12,1,618,Hash Join,1
78,Synthetic,Seq Scan,13,0,611,Hash,0
78,Synthetic,Index Scan,9,0,610,Nested Loop,0
78,Synthetic,Index Scan,6,0,609,Nested Loop,0
78,Synthetic,Index Only Scan,5,16,0,Nested Loop,0
79,Original,Aggregate,0,0,628,,1
79,Original,Gather,1,16,0,Aggregate,1
79,Original,Nested Loop,2,16,0,Gather,2
79,Original,Parallel Hash Join,3,16,0,Nested Loop,2
79,Original,Parallel Seq Scan,4,0,627,Parallel Hash Join,0
79,Original,Parallel Hash,4,16,0,Parallel Hash Join,1
79,Original,Nested Loop,5,16,0,Parallel Hash,2
79,Original,Nested Loop,6,16,0,Nested Loop,2
79,Original,Nested Loop,7,16,0,Nested Loop,2
79,Original,Nested Loop,8,16,0,Nested Loop,2
79,Original,Parallel Hash Join,9,16,0,Nested Loop,2
79,Original,Parallel Seq Scan,10,0,624,Parallel Hash Join,0
79,Original,Parallel Hash,10,16,0,Parallel Hash Join,1
79,Original,Parallel Hash Join,11,16,0,Parallel Hash,2
79,Original,Hash Join,12,16,0,Parallel Hash Join,2
79,Original,Parallel Seq Scan,13,0,623,Hash Join,0
79,Original,Hash,13,16,0,Hash Join,1
79,Original,Seq Scan,14,16,0,Hash,0
79,Original,Parallel Hash,12,16,0,Parallel Hash Join,1
79,Original,Hash Join,13,16,0,Parallel Hash,2
79,Original,Parallel Seq Scan,14,0,622,Hash Join,0
79,Original,Hash,14,1,629,Hash Join,1
79,Original,Seq Scan,15,0,626,Hash,0
79,Original,Index Scan,9,16,0,Nested Loop,0
79,Original,Index Scan,8,16,0,Nested Loop,0
79,Original,Index Scan,7,0,621,Nested Loop,0
79,Original,Index Only Scan,6,0,625,Nested Loop,0
79,Original,Index Scan,3,0,620,Nested Loop,0
79,Synthetic,GroupAggregate,0,0,628,,1
79,Synthetic,Incremental Sort,1,16,0,GroupAggregate,1
79,Synthetic,Nested Loop,2,16,0,Incremental Sort,2
79,Synthetic,Gather Merge,3,16,0,Nested Loop,1
79,Synthetic,Sort,4,16,0,Gather Merge,1
79,Synthetic,Nested Loop,5,16,0,Sort,2
79,Synthetic,Parallel Seq Scan,6,0,627,Nested Loop,0
79,Synthetic,Index Scan,6,0,621,Nested Loop,0
79,Synthetic,Materialize,3,16,0,Nested Loop,1
79,Synthetic,Gather,4,16,0,Materialize,1
79,Synthetic,Parallel Hash Join,5,16,0,Gather,2
79,Synthetic,Parallel Seq Scan,6,0,624,Parallel Hash Join,0
79,Synthetic,Parallel Hash,6,16,0,Parallel Hash Join,1
79,Synthetic,Nested Loop,7,16,0,Parallel Hash,2
79,Synthetic,Parallel Hash Join,8,16,0,Nested Loop,2
79,Synthetic,Parallel Seq Scan,9,0,623,Parallel Hash Join,0
79,Synthetic,Parallel Hash,9,16,0,Parallel Hash Join,1
79,Synthetic,Nested Loop,10,16,0,Parallel Hash,2
79,Synthetic,Hash Join,11,16,0,Nested Loop,2
79,Synthetic,Parallel Seq Scan,12,0,622,Hash Join,0
79,Synthetic,Hash,12,1,629,Hash Join,1
79,Synthetic,Seq Scan,13,0,626,Hash,0
79,Synthetic,Index Only Scan,11,0,625,Nested Loop,0
79,Synthetic,Index Scan,8,0,620,Nested Loop,0
80,Original,Aggregate,0,0,638,,1
80,Original,Gather,1,16,0,Aggregate,1
80,Original,Nested Loop,2,16,0,Gather,2
80,Original,Parallel Hash Join,3,16,0,Nested Loop,2
80,Original,Parallel Seq Scan,4,0,637,Parallel Hash Join,0
80,Original,Parallel Hash,4,16,0,Parallel Hash Join,1
80,Original,Nested Loop,5,16,0,Parallel Hash,2
80,Original,Nested Loop,6,16,0,Nested Loop,2
80,Original,Nested Loop,7,16,0,Nested Loop,2
80,Original,Nested Loop,8,16,0,Nested Loop,2
80,Original,Parallel Hash Join,9,16,0,Nested Loop,2
80,Original,Parallel Seq Scan,10,0,634,Parallel Hash Join,0
80,Original,Parallel Hash,10,16,0,Parallel Hash Join,1
80,Original,Parallel Hash Join,11,16,0,Parallel Hash,2
80,Original,Hash Join,12,16,0,Parallel Hash Join,2
80,Original,Parallel Seq Scan,13,0,633,Hash Join,0
80,Original,Hash,13,16,0,Hash Join,1
80,Original,Seq Scan,14,16,0,Hash,0
80,Original,Parallel Hash,12,16,0,Parallel Hash Join,1
80,Original,Hash Join,13,16,0,Parallel Hash,2
80,Original,Parallel Seq Scan,14,0,632,Hash Join,0
80,Original,Hash,14,1,639,Hash Join,1
80,Original,Seq Scan,15,0,636,Hash,0
80,Original,Index Scan,9,16,0,Nested Loop,0
80,Original,Index Scan,8,16,0,Nested Loop,0
80,Original,Index Scan,7,0,631,Nested Loop,0
80,Original,Index Only Scan,6,0,635,Nested Loop,0
80,Original,Index Scan,3,0,630,Nested Loop,0
80,Synthetic,GroupAggregate,0,0,638,,1
80,Synthetic,Incremental Sort,1,16,0,GroupAggregate,1
80,Synthetic,Nested Loop,2,16,0,Incremental Sort,2
80,Synthetic,Gather Merge,3,16,0,Nested Loop,1
80,Synthetic,Sort,4,16,0,Gather Merge,1
80,Synthetic,Nested Loop,5,16,0,Sort,2
80,Synthetic,Parallel Seq Scan,6,0,637,Nested Loop,0
80,Synthetic,Index Scan,6,0,631,Nested Loop,0
80,Synthetic,Materialize,3,16,0,Nested Loop,1
80,Synthetic,Gather,4,16,0,Materialize,1
80,Synthetic,Parallel Hash Join,5,16,0,Gather,2
80,Synthetic,Parallel Seq Scan,6,0,634,Parallel Hash Join,0
80,Synthetic,Parallel Hash,6,16,0,Parallel Hash Join,1
80,Synthetic,Nested Loop,7,16,0,Parallel Hash,2
80,Synthetic,Parallel Hash Join,8,16,0,Nested Loop,2
80,Synthetic,Parallel Seq Scan,9,0,633,Parallel Hash Join,0
80,Synthetic,Parallel Hash,9,16,0,Parallel Hash Join,1
80,Synthetic,Nested Loop,10,16,0,Parallel Hash,2
80,Synthetic,Hash Join,11,16,0,Nested Loop,2
80,Synthetic,Parallel Seq Scan,12,0,632,Hash Join,0
80,Synthetic,Hash,12,1,639,Hash Join,1
80,Synthetic,Seq Scan,13,0,636,Hash,0
80,Synthetic,Index Only Scan,11,0,635,Nested Loop,0
80,Synthetic,Index Scan,8,0,630,Nested Loop,0
81,Original,Aggregate,0,0,648,,1
81,Original,Gather,1,16,0,Aggregate,1
81,Original,Nested Loop,2,16,0,Gather,2
81,Original,Parallel Hash Join,3,16,0,Nested Loop,2
81,Original,Parallel Seq Scan,4,0,647,Parallel Hash Join,0
81,Original,Parallel Hash,4,16,0,Parallel Hash Join,1
81,Original,Nested Loop,5,16,0,Parallel Hash,2
81,Original,Nested Loop,6,16,0,Nested Loop,2
81,Original,Nested Loop,7,16,0,Nested Loop,2
81,Original,Nested Loop,8,16,0,Nested Loop,2
81,Original,Parallel Hash Join,9,16,0,Nested Loop,2
81,Original,Parallel Seq Scan,10,0,644,Parallel Hash Join,0
81,Original,Parallel Hash,10,16,0,Parallel Hash Join,1
81,Original,Parallel Hash Join,11,16,0,Parallel Hash,2
81,Original,Hash Join,12,16,0,Parallel Hash Join,2
81,Original,Parallel Seq Scan,13,0,643,Hash Join,0
81,Original,Hash,13,16,0,Hash Join,1
81,Original,Seq Scan,14,16,0,Hash,0
81,Original,Parallel Hash,12,16,0,Parallel Hash Join,1
81,Original,Hash Join,13,16,0,Parallel Hash,2
81,Original,Parallel Seq Scan,14,0,642,Hash Join,0
81,Original,Hash,14,1,649,Hash Join,1
81,Original,Seq Scan,15,0,646,Hash,0
81,Original,Index Scan,9,16,0,Nested Loop,0
81,Original,Memoize,8,16,0,Nested Loop,1
81,Original,Index Scan,9,16,0,Memoize,0
81,Original,Index Scan,7,0,641,Nested Loop,0
81,Original,Index Only Scan,6,0,645,Nested Loop,0
81,Original,Index Scan,3,0,640,Nested Loop,0
81,Synthetic,GroupAggregate,0,0,648,,1
81,Synthetic,Incremental Sort,1,16,0,GroupAggregate,1
81,Synthetic,Nested Loop,2,16,0,Incremental Sort,2
81,Synthetic,Gather Merge,3,16,0,Nested Loop,1
81,Synthetic,Sort,4,16,0,Gather Merge,1
81,Synthetic,Nested Loop,5,16,0,Sort,2
81,Synthetic,Parallel Seq Scan,6,0,647,Nested Loop,0
81,Synthetic,Index Scan,6,0,641,Nested Loop,0
81,Synthetic,Materialize,3,16,0,Nested Loop,1
81,Synthetic,Gather,4,16,0,Materialize,1
81,Synthetic,Parallel Hash Join,5,16,0,Gather,2
81,Synthetic,Parallel Seq Scan,6,0,644,Parallel Hash Join,0
81,Synthetic,Parallel Hash,6,16,0,Parallel Hash Join,1
81,Synthetic,Nested Loop,7,16,0,Parallel Hash,2
81,Synthetic,Parallel Hash Join,8,16,0,Nested Loop,2
81,Synthetic,Parallel Seq Scan,9,0,643,Parallel Hash Join,0
81,Synthetic,Parallel Hash,9,16,0,Parallel Hash Join,1
81,Synthetic,Nested Loop,10,16,0,Parallel Hash,2
81,Synthetic,Hash Join,11,16,0,Nested Loop,2
81,Synthetic,Parallel Seq Scan,12,0,642,Hash Join,0
81,Synthetic,Hash,12,1,649,Hash Join,1
81,Synthetic,Seq Scan,13,0,646,Hash,0
81,Synthetic,Index Only Scan,11,0,645,Nested Loop,0
81,Synthetic,Index Scan,8,0,640,Nested Loop,0
82,Original,Aggregate,0,0,658,,1
82,Original,Gather,1,16,0,Aggregate,1
82,Original,Nested Loop,2,16,0,Gather,2
82,Original,Nested Loop,3,16,0,Nested Loop,2
82,Original,Parallel Hash Join,4,16,0,Nested Loop,2
82,Original,Parallel Seq Scan,5,0,657,Parallel Hash Join,0
82,Original,Parallel Hash,5,16,0,Parallel Hash Join,1
82,Original,Nested Loop,6,16,0,Parallel Hash,2
82,Original,Parallel Hash Join,7,16,0,Nested Loop,2
82,Original,Parallel Seq Scan,8,0,654,Parallel Hash Join,0
82,Original,Parallel Hash,8,16,0,Parallel Hash Join,1
82,Original,Nested Loop,9,16,0,Parallel Hash,2
82,Original,Nested Loop,10,16,0,Nested Loop,2
82,Original,Parallel Hash Join,11,16,0,Nested Loop,2
82,Original,Hash Join,12,16,0,Parallel Hash Join,2
82,Original,Parallel Seq Scan,13,0,653,Hash Join,0
82,Original,Hash,13,16,0,Hash Join,1
82,Original,Seq Scan,14,16,0,Hash,0
82,Original,Parallel Hash,12,16,0,Parallel Hash Join,1
82,Original,Hash Join,13,16,0,Parallel Hash,2
82,Original,Parallel Seq Scan,14,0,652,Hash Join,0
82,Original,Hash,14,1,659,Hash Join,1
82,Original,Seq Scan,15,0,656,Hash,0
82,Original,Index Scan,11,16,0,Nested Loop,0
82,Original,Memoize,10,16,0,Nested Loop,1
82,Original,Index Scan,11,16,0,Memoize,0
82,Original,Index Scan,7,0,651,Nested Loop,0
82,Original,Index Scan,4,0,650,Nested Loop,0
82,Original,Index Only Scan,3,0,655,Nested Loop,0
82,Synthetic,GroupAggregate,0,0,658,,1
82,Synthetic,Incremental Sort,1,16,0,GroupAggregate,1
82,Synthetic,Nested Loop,2,16,0,Incremental Sort,2
82,Synthetic,Gather Merge,3,16,0,Nested Loop,1
82,Synthetic,Sort,4,16,0,Gather Merge,1
82,Synthetic,Nested Loop,5,16,0,Sort,2
82,Synthetic,Parallel Seq Scan,6,0,657,Nested Loop,0
82,Synthetic,Index Scan,6,0,651,Nested Loop,0
82,Synthetic,Materialize,3,16,0,Nested Loop,1
82,Synthetic,Gather,4,16,0,Materialize,1
82,Synthetic,Parallel Hash Join,5,16,0,Gather,2
82,Synthetic,Parallel Seq Scan,6,0,654,Parallel Hash Join,0
82,Synthetic,Parallel Hash,6,16,0,Parallel Hash Join,1
82,Synthetic,Nested Loop,7,16,0,Parallel Hash,2
82,Synthetic,Parallel Hash Join,8,16,0,Nested Loop,2
82,Synthetic,Parallel Seq Scan,9,0,653,Parallel Hash Join,0
82,Synthetic,Parallel Hash,9,16,0,Parallel Hash Join,1
82,Synthetic,Nested Loop,10,16,0,Parallel Hash,2
82,Synthetic,Hash Join,11,16,0,Nested Loop,2
82,Synthetic,Parallel Seq Scan,12,0,652,Hash Join,0
82,Synthetic,Hash,12,1,659,Hash Join,1
82,Synthetic,Seq Scan,13,0,656,Hash,0
82,Synthetic,Index Only Scan,11,0,655,Nested Loop,0
82,Synthetic,Index Scan,8,0,650,Nested Loop,0
83,Original,Finalize Aggregate,0,0,670,,1
83,Original,Gather,1,16,0,Finalize Aggregate,1
83,Original,Partial Aggregate,2,16,0,Gather,1
83,Original,Nested Loop,3,16,0,Partial Aggregate,2
83,Original,Nested Loop,4,16,0,Nested Loop,2
83,Original,Nested Loop,5,16,0,Nested Loop,2
83,Original,Parallel Hash Join,6,16,0,Nested Loop,2
83,Original,Parallel Seq Scan,7,0,669,Parallel Hash Join,0
83,Original,Parallel Hash,7,16,0,Parallel Hash Join,1
83,Original,Nested Loop,8,16,0,Parallel Hash,2
83,Original,Nested Loop,9,16,0,Nested Loop,2
83,Original,Nested Loop,10,16,0,Nested Loop,2
83,Original,Parallel Hash Join,11,16,0,Nested Loop,2
83,Original,Parallel Seq Scan,12,0,666,Parallel Hash Join,0
83,Original,Parallel Hash,12,16,0,Parallel Hash Join,1
83,Original,Hash Join,13,16,0,Parallel Hash,2
83,Original,Parallel Seq Scan,14,0,665,Hash Join,0
83,Original,Hash,14,1,671,Hash Join,1
83,Original,Seq Scan,15,0,664,Hash,0
83,Original,Index Scan,11,0,668,Nested Loop,0
83,Original,Index Scan,10,0,663,Nested Loop,0
83,Original,Index Scan,9,0,662,Nested Loop,0
83,Original,Hash Join,6,16,0,Nested Loop,2
83,Original,Seq Scan,7,0,660,Hash Join,0
83,Original,Hash,7,1,672,Hash Join,1
83,Original,Seq Scan,8,0,661,Hash,0
83,Original,Index Only Scan,5,16,0,Nested Loop,0
83,Original,Index Only Scan,4,0,667,Nested Loop,0
83,Synthetic,Sort,0,0,670,,1
83,Synthetic,GroupAggregate,1,16,0,Sort,1
83,Synthetic,Sort,2,16,0,GroupAggregate,1
83,Synthetic,Nested Loop,3,16,0,Sort,2
83,Synthetic,Nested Loop,4,16,0,Nested Loop,2
83,Synthetic,Gather,5,16,0,Nested Loop,1
83,Synthetic,Hash Join,6,16,0,Gather,2
83,Synthetic,Parallel Hash Join,7,16,0,Hash Join,2
83,Synthetic,Parallel Seq Scan,8,0,669,Parallel Hash Join,0
83,Synthetic,Parallel Hash,8,16,0,Parallel Hash Join,1
83,Synthetic,Nested Loop,9,16,0,Parallel Hash,2
83,Synthetic,Parallel Hash Join,10,16,0,Nested Loop,2
83,Synthetic,Parallel Seq Scan,11,0,666,Parallel Hash Join,0
83,Synthetic,Parallel Hash,11,16,0,Parallel Hash Join,1
83,Synthetic,Nested Loop,12,16,0,Parallel Hash,2
83,Synthetic,Hash Join,13,16,0,Nested Loop,2
83,Synthetic,Hash Join,14,16,0,Hash Join,2
83,Synthetic,Parallel Seq Scan,15,0,665,Hash Join,0
83,Synthetic,Hash,15,16,0,Hash Join,1
83,Synthetic,Seq Scan,16,16,0,Hash,0
83,Synthetic,Hash,14,16,0,Hash Join,1
83,Synthetic,Hash Join,15,16,0,Hash,2
83,Synthetic,Seq Scan,16,0,660,Hash Join,0
83,Synthetic,Hash,16,1,671,Hash Join,1
83,Synthetic,Seq Scan,17,0,664,Hash,0
83,Synthetic,Index Scan,13,0,668,Nested Loop,0
83,Synthetic,Index Scan,10,0,663,Nested Loop,0
83,Synthetic,Hash,7,1,672,Hash Join,1
83,Synthetic,Seq Scan,8,0,661,Hash,0
83,Synthetic,Index Scan,5,0,662,Nested Loop,0
83,Synthetic,Index Only Scan,4,0,667,Nested Loop,0
84,Original,Finalize Aggregate,0,0,683,,1
84,Original,Gather,1,16,0,Finalize Aggregate,1
84,Original,Partial Aggregate,2,16,0,Gather,1
84,Original,Nested Loop,3,16,0,Partial Aggregate,2
84,Original,Nested Loop,4,16,0,Nested Loop,2
84,Original,Nested Loop,5,16,0,Nested Loop,2
84,Original,Nested Loop,6,16,0,Nested Loop,2
84,Original,Parallel Hash Join,7,16,0,Nested Loop,2
84,Original,Parallel Seq Scan,8,0,682,Parallel Hash Join,0
84,Original,Parallel Hash,8,16,0,Parallel Hash Join,1
84,Original,Nested Loop,9,16,0,Parallel Hash,2
84,Original,Nested Loop,10,16,0,Nested Loop,2
84,Original,Parallel Hash Join,11,16,0,Nested Loop,2
84,Original,Parallel Seq Scan,12,0,680,Parallel Hash Join,0
84,Original,Parallel Hash,12,16,0,Parallel Hash Join,1
84,Original,Hash Join,13,16,0,Parallel Hash,2
84,Original,Parallel Seq Scan,14,0,679,Hash Join,0
84,Original,Hash,14,16,0,Hash Join,1
84,Original,Seq Scan,15,0,678,Hash,0
84,Original,Index Scan,11,16,0,Nested Loop,0
84,Original,Index Scan,10,0,675,Nested Loop,0
84,Original,Hash Join,7,16,0,Nested Loop,2
84,Original,Seq Scan,8,0,677,Hash Join,0
84,Original,Hash,8,0,684,Hash Join,1
84,Original,Seq Scan,9,0,676,Hash,0
84,Original,Index Scan,6,0,674,Nested Loop,0
84,Original,Index Only Scan,5,0,681,Nested Loop,0
84,Original,Index Scan,4,0,673,Nested Loop,0
84,Synthetic,Sort,0,0,683,,1
84,Synthetic,GroupAggregate,1,16,0,Sort,1
84,Synthetic,Sort,2,16,0,GroupAggregate,1
84,Synthetic,Nested Loop,3,16,0,Sort,2
84,Synthetic,Nested Loop,4,16,0,Nested Loop,2
84,Synthetic,Gather,5,16,0,Nested Loop,1
84,Synthetic,Nested Loop,6,16,0,Gather,2
84,Synthetic,Parallel Hash Join,7,16,0,Nested Loop,2
84,Synthetic,Parallel Seq Scan,8,0,682,Parallel Hash Join,0
84,Synthetic,Parallel Hash,8,16,0,Parallel Hash Join,1
84,Synthetic,Nested Loop,9,16,0,Parallel Hash,2
84,Synthetic,Parallel Hash Join,10,16,0,Nested Loop,2
84,Synthetic,Parallel Seq Scan,11,0,680,Parallel Hash Join,0
84,Synthetic,Parallel Hash,11,16,0,Parallel Hash Join,1
84,Synthetic,Nested Loop,12,16,0,Parallel Hash,2
84,Synthetic,Hash Join,13,16,0,Nested Loop,2
84,Synthetic,Hash Join,14,16,0,Hash Join,2
84,Synthetic,Parallel Seq Scan,15,0,679,Hash Join,0
84,Synthetic,Hash,15,16,0,Hash Join,1
84,Synthetic,Seq Scan,16,16,0,Hash,0
84,Synthetic,Hash,14,16,0,Hash Join,1
84,Synthetic,Hash Join,15,16,0,Hash,2
84,Synthetic,Seq Scan,16,0,678,Hash Join,0
84,Synthetic,Hash,16,0,684,Hash Join,1
84,Synthetic,Seq Scan,17,0,676,Hash,0
84,Synthetic,Index Scan,13,0,674,Nested Loop,0
84,Synthetic,Index Scan,10,0,673,Nested Loop,0
84,Synthetic,Memoize,7,16,0,Nested Loop,1
84,Synthetic,Index Scan,8,0,675,Memoize,0
84,Synthetic,Seq Scan,5,0,677,Nested Loop,0
84,Synthetic,Index Only Scan,4,0,681,Nested Loop,0
85,Original,Finalize Aggregate,0,0,695,,1
85,Original,Gather,1,16,0,Finalize Aggregate,1
85,Original,Partial Aggregate,2,16,0,Gather,1
85,Original,Nested Loop,3,16,0,Partial Aggregate,2
85,Original,Nested Loop,4,16,0,Nested Loop,2
85,Original,Nested Loop,5,16,0,Nested Loop,2
85,Original,Parallel Hash Join,6,16,0,Nested Loop,2
85,Original,Parallel Seq Scan,7,0,694,Parallel Hash Join,0
85,Original,Parallel Hash,7,16,0,Parallel Hash Join,1
85,Original,Nested Loop,8,16,0,Parallel Hash,2
85,Original,Nested Loop,9,16,0,Nested Loop,2
85,Original,Nested Loop,10,16,0,Nested Loop,2
85,Original,Parallel Hash Join,11,16,0,Nested Loop,2
85,Original,Parallel Seq Scan,12,0,691,Parallel Hash Join,0
85,Original,Parallel Hash,12,16,0,Parallel Hash Join,1
85,Original,Hash Join,13,16,0,Parallel Hash,2
85,Original,Parallel Seq Scan,14,0,690,Hash Join,0
85,Original,Hash,14,16,0,Hash Join,1
85,Original,Seq Scan,15,0,689,Hash,0
85,Original,Index Scan,11,0,693,Nested Loop,0
85,Original,Index Scan,10,0,688,Nested Loop,0
85,Original,Index Scan,9,0,687,Nested Loop,0
85,Original,Hash Join,6,16,0,Nested Loop,2
85,Original,Seq Scan,7,0,685,Hash Join,0
85,Original,Hash,7,1,696,Hash Join,1
85,Original,Seq Scan,8,0,686,Hash,0
85,Original,Index Only Scan,5,16,0,Nested Loop,0
85,Original,Index Only Scan,4,0,692,Nested Loop,0
85,Synthetic,Sort,0,0,695,,1
85,Synthetic,GroupAggregate,1,16,0,Sort,1
85,Synthetic,Sort,2,16,0,GroupAggregate,1
85,Synthetic,Nested Loop,3,16,0,Sort,2
85,Synthetic,Nested Loop,4,16,0,Nested Loop,2
85,Synthetic,Gather,5,16,0,Nested Loop,1
85,Synthetic,Nested Loop,6,16,0,Gather,2
85,Synthetic,Nested Loop,7,16,0,Nested Loop,2
85,Synthetic,Parallel Hash Join,8,16,0,Nested Loop,2
85,Synthetic,Parallel Seq Scan,9,0,694,Parallel Hash Join,0
85,Synthetic,Parallel Hash,9,16,0,Parallel Hash Join,1
85,Synthetic,Parallel Hash Join,10,16,0,Parallel Hash,2
85,Synthetic,Parallel Seq Scan,11,0,691,Parallel Hash Join,0
85,Synthetic,Parallel Hash,11,16,0,Parallel Hash Join,1
85,Synthetic,Nested Loop,12,16,0,Parallel Hash,2
85,Synthetic,Hash Join,13,16,0,Nested Loop,2
85,Synthetic,Hash Join,14,16,0,Hash Join,2
85,Synthetic,Parallel Seq Scan,15,0,690,Hash Join,0
85,Synthetic,Hash,15,16,0,Hash Join,1
85,Synthetic,Seq Scan,16,16,0,Hash,0
85,Synthetic,Hash,14,16,0,Hash Join,1
85,Synthetic,Hash Join,15,16,0,Hash,2
85,Synthetic,Seq Scan,16,0,689,Hash Join,0
85,Synthetic,Hash,16,1,696,Hash Join,1
85,Synthetic,Seq Scan,17,0,686,Hash,0
85,Synthetic,Index Scan,13,0,688,Nested Loop,0
85,Synthetic,Index Scan,8,0,687,Nested Loop,0
85,Synthetic,Memoize,7,16,0,Nested Loop,1
85,Synthetic,Index Scan,8,0,693,Memoize,0
85,Synthetic,Seq Scan,5,0,685,Nested Loop,0
85,Synthetic,Index Only Scan,4,0,692,Nested Loop,0
86,Original,Aggregate,0,0,707,,1
86,Original,Nested Loop,1,16,0,Aggregate,2
86,Original,Nested Loop,2,16,0,Nested Loop,2
86,Original,Gather,3,16,0,Nested Loop,1
86,Original,Parallel Hash Join,4,16,0,Gather,2
86,Original,Parallel Seq Scan,5,16,0,Parallel Hash Join,0
86,Original,Parallel Hash,5,16,0,Parallel Hash Join,1
86,Original,Nested Loop,6,16,0,Parallel Hash,2
86,Original,Nested Loop,7,16,0,Nested Loop,2
86,Original,Nested Loop,8,16,0,Nested Loop,2
86,Original,Parallel Hash Join,9,16,0,Nested Loop,2
86,Original,Parallel Seq Scan,10,0,706,Parallel Hash Join,0
86,Original,Parallel Hash,10,16,0,Parallel Hash Join,1
86,Original,Parallel Hash Join,11,16,0,Parallel Hash,2
86,Original,Parallel Seq Scan,12,0,704,Parallel Hash Join,0
86,Original,Parallel Hash,12,16,0,Parallel Hash Join,1
86,Original,Hash Join,13,16,0,Parallel Hash,2
86,Original,Parallel Hash Join,14,16,0,Hash Join,2
86,Original,Parallel Seq Scan,15,0,703,Parallel Hash Join,0
86,Original,Parallel Hash,15,16,0,Parallel Hash Join,1
86,Original,Hash Join,16,16,0,Parallel Hash,2
86,Original,Parallel Seq Scan,17,0,702,Hash Join,0
86,Original,Hash,17,1,708,Hash Join,1
86,Original,Seq Scan,18,0,701,Hash,0
86,Original,Hash,14,16,0,Hash Join,1
86,Original,Seq Scan,15,0,700,Hash,0
86,Original,Index Scan,9,16,0,Nested Loop,0
86,Original,Index Scan,8,0,705,Nested Loop,0
86,Original,Index Scan,7,0,699,Nested Loop,0
86,Original,Index Scan,3,0,698,Nested Loop,0
86,Original,Index Scan,2,0,697,Nested Loop,0
86,Synthetic,Sort,0,0,707,,1
86,Synthetic,GroupAggregate,1,16,0,Sort,1
86,Synthetic,Sort,2,16,0,GroupAggregate,1
86,Synthetic,Nested Loop,3,16,0,Sort,2
86,Synthetic,Nested Loop,4,16,0,Nested Loop,2
86,Synthetic,Nested Loop,5,16,0,Nested Loop,2
86,Synthetic,Gather,6,16,0,Nested Loop,1
86,Synthetic,Nested Loop,7,16,0,Gather,2
86,Synthetic,Hash Join,8,16,0,Nested Loop,2
86,Synthetic,Parallel Hash Join,9,16,0,Hash Join,2
86,Synthetic,Parallel Seq Scan,10,0,706,Parallel Hash Join,0
86,Synthetic,Parallel Hash,10,16,0,Parallel Hash Join,1
86,Synthetic,Nested Loop,11,16,0,Parallel Hash,2
86,Synthetic,Parallel Hash Join,12,16,0,Nested Loop,2
86,Synthetic,Parallel Seq Scan,13,0,704,Parallel Hash Join,0
86,Synthetic,Parallel Hash,13,16,0,Parallel Hash Join,1
86,Synthetic,Nested Loop,14,16,0,Parallel Hash,2
86,Synthetic,Parallel Hash Join,15,16,0,Nested Loop,2
86,Synthetic,Hash Join,16,16,0,Parallel Hash Join,2
86,Synthetic,Parallel Seq Scan,17,0,703,Hash Join,0
86,Synthetic,Hash,17,16,0,Hash Join,1
86,Synthetic,Seq Scan,18,16,0,Hash,0
86,Synthetic,Parallel Hash,16,16,0,Parallel Hash Join,1
86,Synthetic,Hash Join,17,16,0,Parallel Hash,2
86,Synthetic,Parallel Seq Scan,18,0,702,Hash Join,0
86,Synthetic,Hash,18,16,0,Hash Join,1
86,Synthetic,Seq Scan,19,16,0,Hash,0
86,Synthetic,Index Scan,15,0,699,Nested Loop,0
86,Synthetic,Index Scan,12,0,698,Nested Loop,0
86,Synthetic,Hash,9,1,708,Hash Join,1
86,Synthetic,Seq Scan,10,0,701,Hash,0
86,Synthetic,Memoize,8,16,0,Nested Loop,1
86,Synthetic,Index Scan,9,0,705,Memoize,0
86,Synthetic,Index Scan,6,0,697,Nested Loop,0
86,Synthetic,Index Only Scan,5,16,0,Nested Loop,0
86,Synthetic,Seq Scan,4,0,700,Nested Loop,0
87,Original,Aggregate,0,0,719,,1
87,Original,Nested Loop,1,16,0,Aggregate,2
87,Original,Nested Loop,2,16,0,Nested Loop,2
87,Original,Gather,3,16,0,Nested Loop,1
87,Original,Parallel Hash Join,4,16,0,Gather,2
87,Original,Parallel Seq Scan,5,16,0,Parallel Hash Join,0
87,Original,Parallel Hash,5,16,0,Parallel Hash Join,1
87,Original,Nested Loop,6,16,0,Parallel Hash,2
87,Original,Nested Loop,7,16,0,Nested Loop,2
87,Original,Nested Loop,8,16,0,Nested Loop,2
87,Original,Parallel Hash Join,9,16,0,Nested Loop,2
87,Original,Parallel Seq Scan,10,0,718,Parallel Hash Join,0
87,Original,Parallel Hash,10,16,0,Parallel Hash Join,1
87,Original,Parallel Hash Join,11,16,0,Parallel Hash,2
87,Original,Parallel Seq Scan,12,0,716,Parallel Hash Join,0
87,Original,Parallel Hash,12,16,0,Parallel Hash Join,1
87,Original,Hash Join,13,16,0,Parallel Hash,2
87,Original,Parallel Hash Join,14,16,0,Hash Join,2
87,Original,Parallel Seq Scan,15,0,715,Parallel Hash Join,0
87,Original,Parallel Hash,15,16,0,Parallel Hash Join,1
87,Original,Hash Join,16,16,0,Parallel Hash,2
87,Original,Parallel Seq Scan,17,0,714,Hash Join,0
87,Original,Hash,17,1,720,Hash Join,1
87,Original,Seq Scan,18,0,713,Hash,0
87,Original,Hash,14,16,0,Hash Join,1
87,Original,Seq Scan,15,0,712,Hash,0
87,Original,Index Scan,9,16,0,Nested Loop,0
87,Original,Index Scan,8,0,717,Nested Loop,0
87,Original,Index Scan,7,0,711,Nested Loop,0
87,Original,Index Scan,3,0,710,Nested Loop,0
87,Original,Index Scan,2,0,709,Nested Loop,0
87,Synthetic,Sort,0,0,719,,1
87,Synthetic,GroupAggregate,1,16,0,Sort,1
87,Synthetic,Sort,2,16,0,GroupAggregate,1
87,Synthetic,Nested Loop,3,16,0,Sort,2
87,Synthetic,Nested Loop,4,16,0,Nested Loop,2
87,Synthetic,Nested Loop,5,16,0,Nested Loop,2
87,Synthetic,Gather,6,16,0,Nested Loop,1
87,Synthetic,Nested Loop,7,16,0,Gather,2
87,Synthetic,Hash Join,8,16,0,Nested Loop,2
87,Synthetic,Parallel Hash Join,9,16,0,Hash Join,2
87,Synthetic,Parallel Seq Scan,10,0,718,Parallel Hash Join,0
87,Synthetic,Parallel Hash,10,16,0,Parallel Hash Join,1
87,Synthetic,Nested Loop,11,16,0,Parallel Hash,2
87,Synthetic,Parallel Hash Join,12,16,0,Nested Loop,2
87,Synthetic,Parallel Seq Scan,13,0,716,Parallel Hash Join,0
87,Synthetic,Parallel Hash,13,16,0,Parallel Hash Join,1
87,Synthetic,Nested Loop,14,16,0,Parallel Hash,2
87,Synthetic,Parallel Hash Join,15,16,0,Nested Loop,2
87,Synthetic,Hash Join,16,16,0,Parallel Hash Join,2
87,Synthetic,Parallel Seq Scan,17,0,715,Hash Join,0
87,Synthetic,Hash,17,16,0,Hash Join,1
87,Synthetic,Seq Scan,18,16,0,Hash,0
87,Synthetic,Parallel Hash,16,16,0,Parallel Hash Join,1
87,Synthetic,Hash Join,17,16,0,Parallel Hash,2
87,Synthetic,Parallel Seq Scan,18,0,714,Hash Join,0
87,Synthetic,Hash,18,16,0,Hash Join,1
87,Synthetic,Seq Scan,19,16,0,Hash,0
87,Synthetic,Index Scan,15,0,711,Nested Loop,0
87,Synthetic,Index Scan,12,0,710,Nested Loop,0
87,Synthetic,Hash,9,1,720,Hash Join,1
87,Synthetic,Seq Scan,10,0,713,Hash,0
87,Synthetic,Memoize,8,16,0,Nested Loop,1
87,Synthetic,Index Scan,9,0,717,Memoize,0
87,Synthetic,Index Scan,6,0,709,Nested Loop,0
87,Synthetic,Index Only Scan,5,16,0,Nested Loop,0
87,Synthetic,Seq Scan,4,0,712,Nested Loop,0
88,Original,Finalize Aggregate,0,0,728,,1
88,Original,Gather,1,16,0,Finalize Aggregate,1
88,Original,Partial Aggregate,2,16,0,Gather,1
88,Original,Nested Loop,3,16,0,Partial Aggregate,2
88,Original,Nested Loop,4,16,0,Nested Loop,2
88,Original,Parallel Hash Join,5,16,0,Nested Loop,2
88,Original,Parallel Seq Scan,6,16,0,Parallel Hash Join,0
88,Original,Parallel Hash,6,16,0,Parallel Hash Join,1
88,Original,Nested Loop,7,16,0,Parallel Hash,2
88,Original,Parallel Hash Join,8,16,0,Nested Loop,2
88,Original,Parallel Seq Scan,9,16,0,Parallel Hash Join,0
88,Original,Parallel Hash,9,16,0,Parallel Hash Join,1
88,Original,Parallel Hash Join,10,16,0,Parallel Hash,2
88,Original,Hash Join,11,16,0,Parallel Hash Join,2
88,Original,Parallel Seq Scan,12,0,726,Hash Join,0
88,Original,Hash,12,16,0,Hash Join,1
88,Original,Seq Scan,13,0,724,Hash,0
88,Original,Parallel Hash,11,16,0,Parallel Hash Join,1
88,Original,Hash Join,12,16,0,Parallel Hash,2
88,Original,Parallel Seq Scan,13,0,725,Hash Join,0
88,Original,Hash,13,1,729,Hash Join,1
88,Original,Seq Scan,14,0,723,Hash,0
88,Original,Index Scan,8,0,727,Nested Loop,0
88,Original,Index Scan,5,0,722,Nested Loop,0
88,Original,Index Scan,4,0,721,Nested Loop,0
88,Synthetic,Sort,0,0,728,,1
88,Synthetic,GroupAggregate,1,16,0,Sort,1
88,Synthetic,Sort,2,16,0,GroupAggregate,1
88,Synthetic,Hash Join,3,16,0,Sort,2
88,Synthetic,Seq Scan,4,16,0,Hash Join,0
88,Synthetic,Hash,4,16,0,Hash Join,1
88,Synthetic,Nested Loop,5,16,0,Hash,2
88,Synthetic,Nested Loop,6,16,0,Nested Loop,2
88,Synthetic,Gather,7,16,0,Nested Loop,1
88,Synthetic,Parallel Hash Join,8,16,0,Gather,2
88,Synthetic,Parallel Seq Scan,9,0,726,Parallel Hash Join,0
88,Synthetic,Parallel Hash,9,16,0,Parallel Hash Join,1
88,Synthetic,Nested Loop,10,16,0,Parallel Hash,2
88,Synthetic,Hash Join,11,16,0,Nested Loop,2
88,Synthetic,Hash Join,12,16,0,Hash Join,2
88,Synthetic,Parallel Seq Scan,13,0,725,Hash Join,0
88,Synthetic,Hash,13,16,0,Hash Join,1
88,Synthetic,Seq Scan,14,16,0,Hash,0
88,Synthetic,Hash,12,16,0,Hash Join,1
88,Synthetic,Hash Join,13,16,0,Hash,2
88,Synthetic,Seq Scan,14,0,724,Hash Join,0
88,Synthetic,Hash,14,1,729,Hash Join,1
88,Synthetic,Seq Scan,15,0,723,Hash,0
88,Synthetic,Index Scan,11,0,727,Nested Loop,0
88,Synthetic,Index Scan,7,0,722,Nested Loop,0
88,Synthetic,Index Scan,6,0,721,Nested Loop,0
89,Original,Finalize Aggregate,0,0,737,,1
89,Original,Gather,1,16,0,Finalize Aggregate,1
89,Original,Partial Aggregate,2,16,0,Gather,1
89,Original,Nested Loop,3,16,0,Partial Aggregate,2
89,Original,Nested Loop,4,16,0,Nested Loop,2
89,Original,Parallel Hash Join,5,16,0,Nested Loop,2
89,Original,Parallel Seq Scan,6,16,0,Parallel Hash Join,0
89,Original,Parallel Hash,6,16,0,Parallel Hash Join,1
89,Original,Parallel Hash Join,7,16,0,Parallel Hash,2
89,Original,Parallel Seq Scan,8,16,0,Parallel Hash Join,0
89,Original,Parallel Hash,8,16,0,Parallel Hash Join,1
89,Original,Nested Loop,9,16,0,Parallel Hash,2
89,Original,Parallel Hash Join,10,16,0,Nested Loop,2
89,Original,Hash Join,11,16,0,Parallel Hash Join,2
89,Original,Parallel Seq Scan,12,0,735,Hash Join,0
89,Original,Hash,12,16,0,Hash Join,1
89,Original,Seq Scan,13,0,733,Hash,0
89,Original,Parallel Hash,11,16,0,Parallel Hash Join,1
89,Original,Hash Join,12,16,0,Parallel Hash,2
89,Original,Parallel Seq Scan,13,0,734,Hash Join,0
89,Original,Hash,13,1,738,Hash Join,1
89,Original,Seq Scan,14,0,732,Hash,0
89,Original,Index Scan,10,0,736,Nested Loop,0
89,Original,Index Scan,5,0,731,Nested Loop,0
89,Original,Index Scan,4,0,730,Nested Loop,0
89,Synthetic,Sort,0,0,737,,1
89,Synthetic,GroupAggregate,1,16,0,Sort,1
89,Synthetic,Sort,2,16,0,GroupAggregate,1
89,Synthetic,Hash Join,3,16,0,Sort,2
89,Synthetic,Seq Scan,4,16,0,Hash Join,0
89,Synthetic,Hash,4,16,0,Hash Join,1
89,Synthetic,Nested Loop,5,16,0,Hash,2
89,Synthetic,Nested Loop,6,16,0,Nested Loop,2
89,Synthetic,Gather,7,16,0,Nested Loop,1
89,Synthetic,Parallel Hash Join,8,16,0,Gather,2
89,Synthetic,Parallel Seq Scan,9,0,735,Parallel Hash Join,0
89,Synthetic,Parallel Hash,9,16,0,Parallel Hash Join,1
89,Synthetic,Nested Loop,10,16,0,Parallel Hash,2
89,Synthetic,Hash Join,11,16,0,Nested Loop,2
89,Synthetic,Hash Join,12,16,0,Hash Join,2
89,Synthetic,Parallel Seq Scan,13,0,734,Hash Join,0
89,Synthetic,Hash,13,16,0,Hash Join,1
89,Synthetic,Seq Scan,14,16,0,Hash,0
89,Synthetic,Hash,12,16,0,Hash Join,1
89,Synthetic,Hash Join,13,16,0,Hash,2
89,Synthetic,Seq Scan,14,0,733,Hash Join,0
89,Synthetic,Hash,14,1,738,Hash Join,1
89,Synthetic,Seq Scan,15,0,732,Hash,0
89,Synthetic,Index Scan,11,0,736,Nested Loop,0
89,Synthetic,Index Scan,7,0,731,Nested Loop,0
89,Synthetic,Index Scan,6,0,730,Nested Loop,0
90,Original,Finalize Aggregate,0,0,746,,1
90,Original,Gather,1,16,0,Finalize Aggregate,1
90,Original,Partial Aggregate,2,16,0,Gather,1
90,Original,Nested Loop,3,16,0,Partial Aggregate,2
90,Original,Nested Loop,4,16,0,Nested Loop,2
90,Original,Parallel Hash Join,5,16,0,Nested Loop,2
90,Original,Parallel Seq Scan,6,16,0,Parallel Hash Join,0
90,Original,Parallel Hash,6,16,0,Parallel Hash Join,1
90,Original,Nested Loop,7,16,0,Parallel Hash,2
90,Original,Parallel Hash Join,8,16,0,Nested Loop,2
90,Original,Parallel Seq Scan,9,16,0,Parallel Hash Join,0
90,Original,Parallel Hash,9,16,0,Parallel Hash Join,1
90,Original,Parallel Hash Join,10,16,0,Parallel Hash,2
90,Original,Hash Join,11,16,0,Parallel Hash Join,2
90,Original,Parallel Seq Scan,12,0,744,Hash Join,0
90,Original,Hash,12,16,0,Hash Join,1
90,Original,Seq Scan,13,0,742,Hash,0
90,Original,Parallel Hash,11,16,0,Parallel Hash Join,1
90,Original,Hash Join,12,16,0,Parallel Hash,2
90,Original,Parallel Seq Scan,13,0,743,Hash Join,0
90,Original,Hash,13,1,747,Hash Join,1
90,Original,Seq Scan,14,0,741,Hash,0
90,Original,Index Scan,8,0,745,Nested Loop,0
90,Original,Index Scan,5,0,740,Nested Loop,0
90,Original,Index Scan,4,0,739,Nested Loop,0
90,Synthetic,Sort,0,0,746,,1
90,Synthetic,GroupAggregate,1,16,0,Sort,1
90,Synthetic,Sort,2,16,0,GroupAggregate,1
90,Synthetic,Hash Join,3,16,0,Sort,2
90,Synthetic,Seq Scan,4,16,0,Hash Join,0
90,Synthetic,Hash,4,16,0,Hash Join,1
90,Synthetic,Nested Loop,5,16,0,Hash,2
90,Synthetic,Nested Loop,6,16,0,Nested Loop,2
90,Synthetic,Gather,7,16,0,Nested Loop,1
90,Synthetic,Parallel Hash Join,8,16,0,Gather,2
90,Synthetic,Parallel Seq Scan,9,0,744,Parallel Hash Join,0
90,Synthetic,Parallel Hash,9,16,0,Parallel Hash Join,1
90,Synthetic,Nested Loop,10,16,0,Parallel Hash,2
90,Synthetic,Hash Join,11,16,0,Nested Loop,2
90,Synthetic,Hash Join,12,16,0,Hash Join,2
90,Synthetic,Parallel Seq Scan,13,0,743,Hash Join,0
90,Synthetic,Hash,13,16,0,Hash Join,1
90,Synthetic,Seq Scan,14,16,0,Hash,0
90,Synthetic,Hash,12,16,0,Hash Join,1
90,Synthetic,Hash Join,13,16,0,Hash,2
90,Synthetic,Seq Scan,14,0,742,Hash Join,0
90,Synthetic,Hash,14,1,747,Hash Join,1
90,Synthetic,Seq Scan,15,0,741,Hash,0
90,Synthetic,Index Scan,11,0,745,Nested Loop,0
90,Synthetic,Index Scan,7,0,740,Nested Loop,0
90,Synthetic,Index Scan,6,0,739,Nested Loop,0
91,Original,Aggregate,0,0,754,,1
91,Original,Gather,1,16,0,Aggregate,1
91,Original,Nested Loop,2,16,0,Gather,2
91,Original,Parallel Hash Join,3,16,0,Nested Loop,2
91,Original,Parallel Seq Scan,4,0,752,Parallel Hash Join,0
91,Original,Parallel Hash,4,16,0,Parallel Hash Join,1
91,Original,Nested Loop,5,16,0,Parallel Hash,2
91,Original,Nested Loop,6,16,0,Nested Loop,2
91,Original,Nested Loop,7,16,0,Nested Loop,2
91,Original,Parallel Hash Join,8,16,0,Nested Loop,2
91,Original,Parallel Seq Scan,9,0,751,Parallel Hash Join,0
91,Original,Parallel Hash,9,16,0,Parallel Hash Join,1
91,Original,Nested Loop,10,16,0,Parallel Hash,2
91,Original,Nested Loop,11,16,0,Nested Loop,2
91,Original,Nested Loop,12,16,0,Nested Loop,2
91,Original,Hash Join,13,16,0,Nested Loop,2
91,Original,Parallel Seq Scan,14,0,750,Hash Join,0
91,Original,Hash,14,16,0,Hash Join,1
91,Original,Hash Join,15,16,0,Hash,2
91,Original,Seq Scan,16,0,748,Hash Join,0
91,Original,Hash,16,1,755,Hash Join,1
91,Original,Seq Scan,17,0,749,Hash,0
91,Original,Memoize,13,16,0,Nested Loop,1
91,Original,Index Scan,14,16,0,Memoize,0
91,Original,Index Scan,12,16,0,Nested Loop,0
91,Original,Index Scan,11,16,0,Nested Loop,0
91,Original,Index Scan,8,16,0,Nested Loop,0
91,Original,Index Scan,7,16,0,Nested Loop,0
91,Original,Index Scan,6,16,0,Nested Loop,0
91,Original,Index Scan,3,0,753,Nested Loop,0
91,Synthetic,Sort,0,0,754,,1
91,Synthetic,GroupAggregate,1,16,0,Sort,1
91,Synthetic,Nested Loop,2,16,0,GroupAggregate,2
91,Synthetic,Nested Loop,3,16,0,Nested Loop,2
91,Synthetic,Nested Loop Semi Join,4,16,0,Nested Loop,2
91,Synthetic,Gather Merge,5,16,0,Nested Loop Semi Join,1
91,Synthetic,Sort,6,16,0,Gather Merge,1
91,Synthetic,Hash Join,7,16,0,Sort,2
91,Synthetic,Nested Loop,8,16,0,Hash Join,2
91,Synthetic,Parallel Hash Join,9,16,0,Nested Loop,2
91,Synthetic,Parallel Seq Scan,10,16,0,Parallel Hash Join,0
91,Synthetic,Parallel Hash,10,16,0,Parallel Hash Join,1
91,Synthetic,Parallel Hash Join,11,16,0,Parallel Hash,2
91,Synthetic,Parallel Seq Scan,12,0,752,Parallel Hash Join,0
91,Synthetic,Parallel Hash,12,16,0,Parallel Hash Join,1
91,Synthetic,Nested Loop,13,16,0,Parallel Hash,2
91,Synthetic,Hash Join,14,16,0,Nested Loop,2
91,Synthetic,Hash Join,15,16,0,Hash Join,2
91,Synthetic,Parallel Seq Scan,16,0,751,Hash Join,0
91,Synthetic,Hash,16,16,0,Hash Join,1
91,Synthetic,Seq Scan,17,16,0,Hash,0
91,Synthetic,Hash,15,16,0,Hash Join,1
91,Synthetic,Hash Join,16,16,0,Hash,2
91,Synthetic,Seq Scan,17,0,748,Hash Join,0
91,Synthetic,Hash,17,16,0,Hash Join,1
91,Synthetic,Seq Scan,18,16,0,Hash,0
91,Synthetic,Index Scan,14,0,753,Nested Loop,0
91,Synthetic,Index Only Scan,9,16,0,Nested Loop,0
91,Synthetic,Hash,8,1,755,Hash Join,1
91,Synthetic,Seq Scan,9,0,749,Hash,0
91,Synthetic,Gather,5,16,0,Nested Loop Semi Join,1
91,Synthetic,Parallel Hash Join,6,16,0,Gather,2
91,Synthetic,Parallel Seq Scan,7,0,750,Parallel Hash Join,0
91,Synthetic,Parallel Hash,7,16,0,Parallel Hash Join,1
91,Synthetic,Parallel Seq Scan,8,16,0,Parallel Hash,0
91,Synthetic,Index Only Scan,4,16,0,Nested Loop,0
91,Synthetic,Index Only Scan,3,16,0,Nested Loop,0
92,Original,Aggregate,0,0,763,,1
92,Original,Nested Loop,1,16,0,Aggregate,2
92,Original,Gather,2,16,0,Nested Loop,1
92,Original,Nested Loop,3,16,0,Gather,2
92,Original,Parallel Hash Join,4,16,0,Nested Loop,2
92,Original,Parallel Seq Scan,5,0,761,Parallel Hash Join,0
92,Original,Parallel Hash,5,16,0,Parallel Hash Join,1
92,Original,Nested Loop,6,16,0,Parallel Hash,2
92,Original,Nested Loop,7,16,0,Nested Loop,2
92,Original,Parallel Hash Join,8,16,0,Nested Loop,2
92,Original,Parallel Seq Scan,9,0,760,Parallel Hash Join,0
92,Original,Parallel Hash,9,16,0,Parallel Hash Join,1
92,Original,Nested Loop,10,16,0,Parallel Hash,2
92,Original,Hash Join,11,16,0,Nested Loop,2
92,Original,Parallel Seq Scan,12,0,759,Hash Join,0
92,Original,Hash,12,16,0,Hash Join,1
92,Original,Nested Loop,13,16,0,Hash,2
92,Original,Nested Loop,14,16,0,Nested Loop,2
92,Original,Hash Join,15,16,0,Nested Loop,2
92,Original,Seq Scan,16,0,757,Hash Join,0
92,Original,Hash,16,1,764,Hash Join,1
92,Original,Seq Scan,17,0,758,Hash,0
92,Original,Memoize,15,16,0,Nested Loop,1
92,Original,Index Scan,16,16,0,Memoize,0
92,Original,Index Scan,14,16,0,Nested Loop,0
92,Original,Index Only Scan,11,0,756,Nested Loop,0
92,Original,Index Scan,8,16,0,Nested Loop,0
92,Original,Index Scan,7,16,0,Nested Loop,0
92,Original,Index Scan,4,16,0,Nested Loop,0
92,Original,Index Scan,2,0,762,Nested Loop,0
92,Synthetic,Sort,0,0,763,,1
92,Synthetic,GroupAggregate,1,16,0,Sort,1
92,Synthetic,Sort,2,16,0,GroupAggregate,1
92,Synthetic,Nested Loop,3,16,0,Sort,2
92,Synthetic,Nested Loop,4,16,0,Nested Loop,2
92,Synthetic,Nested Loop,5,16,0,Nested Loop,2
92,Synthetic,Gather,6,16,0,Nested Loop,1
92,Synthetic,Parallel Hash Semi Join,7,16,0,Gather,2
92,Synthetic,Nested Loop,8,16,0,Parallel Hash Semi Join,2
92,Synthetic,Parallel Hash Join,9,16,0,Nested Loop,2
92,Synthetic,Parallel Seq Scan,10,16,0,Parallel Hash Join,0
92,Synthetic,Parallel Hash,10,16,0,Parallel Hash Join,1
92,Synthetic,Parallel Hash Join,11,16,0,Parallel Hash,2
92,Synthetic,Parallel Seq Scan,12,0,761,Parallel Hash Join,0
92,Synthetic,Parallel Hash,12,16,0,Parallel Hash Join,1
92,Synthetic,Nested Loop,13,16,0,Parallel Hash,2
92,Synthetic,Hash Join,14,16,0,Nested Loop,2
92,Synthetic,Hash Join,15,16,0,Hash Join,2
92,Synthetic,Parallel Seq Scan,16,0,760,Hash Join,0
92,Synthetic,Hash,16,16,0,Hash Join,1
92,Synthetic,Seq Scan,17,16,0,Hash,0
92,Synthetic,Hash,15,16,0,Hash Join,1
92,Synthetic,Hash Join,16,16,0,Hash,2
92,Synthetic,Seq Scan,17,16,0,Hash Join,0
92,Synthetic,Hash,17,1,764,Hash Join,1
92,Synthetic,Seq Scan,18,0,758,Hash,0
92,Synthetic,Index Scan,14,0,762,Nested Loop,0
92,Synthetic,Index Only Scan,9,16,0,Nested Loop,0
92,Synthetic,Parallel Hash,8,16,0,Parallel Hash Semi Join,1
92,Synthetic,Parallel Hash Join,9,16,0,Parallel Hash,2
92,Synthetic,Parallel Seq Scan,10,0,759,Parallel Hash Join,0
92,Synthetic,Parallel Hash,10,16,0,Parallel Hash Join,1
92,Synthetic,Parallel Seq Scan,11,16,0,Parallel Hash,0
92,Synthetic,Index Only Scan,6,16,0,Nested Loop,0
92,Synthetic,Seq Scan,5,0,757,Nested Loop,0
92,Synthetic,Index Only Scan,4,0,756,Nested Loop,0
93,Original,Aggregate,0,0,772,,1
93,Original,Nested Loop,1,16,0,Aggregate,2
93,Original,Gather,2,16,0,Nested Loop,1
93,Original,Nested Loop,3,16,0,Gather,2
93,Original,Parallel Hash Join,4,16,0,Nested Loop,2
93,Original,Parallel Seq Scan,5,0,770,Parallel Hash Join,0
93,Original,Parallel Hash,5,16,0,Parallel Hash Join,1
93,Original,Nested Loop,6,16,0,Parallel Hash,2
93,Original,Nested Loop,7,16,0,Nested Loop,2
93,Original,Parallel Hash Join,8,16,0,Nested Loop,2
93,Original,Parallel Seq Scan,9,0,769,Parallel Hash Join,0
93,Original,Parallel Hash,9,16,0,Parallel Hash Join,1
93,Original,Nested Loop,10,16,0,Parallel Hash,2
93,Original,Hash Join,11,16,0,Nested Loop,2
93,Original,Parallel Seq Scan,12,0,768,Hash Join,0
93,Original,Hash,12,16,0,Hash Join,1
93,Original,Nested Loop,13,16,0,Hash,2
93,Original,Nested Loop,14,16,0,Nested Loop,2
93,Original,Hash Join,15,16,0,Nested Loop,2
93,Original,Seq Scan,16,0,766,Hash Join,0
93,Original,Hash,16,1,773,Hash Join,1
93,Original,Seq Scan,17,0,767,Hash,0
93,Original,Memoize,15,16,0,Nested Loop,1
93,Original,Index Scan,16,16,0,Memoize,0
93,Original,Index Scan,14,16,0,Nested Loop,0
93,Original,Index Only Scan,11,0,765,Nested Loop,0
93,Original,Index Scan,8,16,0,Nested Loop,0
93,Original,Index Scan,7,16,0,Nested Loop,0
93,Original,Index Scan,4,16,0,Nested Loop,0
93,Original,Index Scan,2,0,771,Nested Loop,0
93,Synthetic,Sort,0,0,772,,1
93,Synthetic,GroupAggregate,1,16,0,Sort,1
93,Synthetic,Sort,2,16,0,GroupAggregate,1
93,Synthetic,Nested Loop,3,16,0,Sort,2
93,Synthetic,Nested Loop,4,16,0,Nested Loop,2
93,Synthetic,Nested Loop,5,16,0,Nested Loop,2
93,Synthetic,Gather,6,16,0,Nested Loop,1
93,Synthetic,Parallel Hash Semi Join,7,16,0,Gather,2
93,Synthetic,Nested Loop,8,16,0,Parallel Hash Semi Join,2
93,Synthetic,Parallel Hash Join,9,16,0,Nested Loop,2
93,Synthetic,Parallel Seq Scan,10,16,0,Parallel Hash Join,0
93,Synthetic,Parallel Hash,10,16,0,Parallel Hash Join,1
93,Synthetic,Parallel Hash Join,11,16,0,Parallel Hash,2
93,Synthetic,Parallel Seq Scan,12,0,770,Parallel Hash Join,0
93,Synthetic,Parallel Hash,12,16,0,Parallel Hash Join,1
93,Synthetic,Nested Loop,13,16,0,Parallel Hash,2
93,Synthetic,Hash Join,14,16,0,Nested Loop,2
93,Synthetic,Hash Join,15,16,0,Hash Join,2
93,Synthetic,Parallel Seq Scan,16,0,769,Hash Join,0
93,Synthetic,Hash,16,16,0,Hash Join,1
93,Synthetic,Seq Scan,17,16,0,Hash,0
93,Synthetic,Hash,15,16,0,Hash Join,1
93,Synthetic,Hash Join,16,16,0,Hash,2
93,Synthetic,Seq Scan,17,16,0,Hash Join,0
93,Synthetic,Hash,17,1,773,Hash Join,1
93,Synthetic,Seq Scan,18,0,767,Hash,0
93,Synthetic,Index Scan,14,0,771,Nested Loop,0
93,Synthetic,Index Only Scan,9,16,0,Nested Loop,0
93,Synthetic,Parallel Hash,8,16,0,Parallel Hash Semi Join,1
93,Synthetic,Parallel Hash Join,9,16,0,Parallel Hash,2
93,Synthetic,Parallel Seq Scan,10,0,768,Parallel Hash Join,0
93,Synthetic,Parallel Hash,10,16,0,Parallel Hash Join,1
93,Synthetic,Parallel Seq Scan,11,16,0,Parallel Hash,0
93,Synthetic,Index Only Scan,6,16,0,Nested Loop,0
93,Synthetic,Seq Scan,5,0,766,Nested Loop,0
93,Synthetic,Index Only Scan,4,0,765,Nested Loop,0
94,Original,Aggregate,0,0,783,,1
94,Original,Nested Loop,1,16,0,Aggregate,2
94,Original,Gather,2,16,0,Nested Loop,1
94,Original,Nested Loop,3,16,0,Gather,2
94,Original,Parallel Hash Join,4,16,0,Nested Loop,2
94,Original,Parallel Seq Scan,5,0,782,Parallel Hash Join,0
94,Original,Parallel Hash,5,16,0,Parallel Hash Join,1
94,Original,Nested Loop,6,16,0,Parallel Hash,2
94,Original,Parallel Hash Join,7,16,0,Nested Loop,2
94,Original,Parallel Seq Scan,8,0,781,Parallel Hash Join,0
94,Original,Parallel Hash,8,16,0,Parallel Hash Join,1
94,Original,Hash Join,9,16,0,Parallel Hash,2
94,Original,Parallel Seq Scan,10,0,780,Hash Join,0
94,Original,Hash,10,16,0,Hash Join,1
94,Original,Nested Loop,11,16,0,Hash,2
94,Original,Hash Join,12,16,0,Nested Loop,2
94,Original,Seq Scan,13,0,779,Hash Join,0
94,Original,Hash,13,16,0,Hash Join,1
94,Original,Nested Loop,14,16,0,Hash,2
94,Original,Nested Loop,15,16,0,Nested Loop,2
94,Original,Hash Join,16,16,0,Nested Loop,2
94,Original,Seq Scan,17,0,777,Hash Join,0
94,Original,Hash,17,1,784,Hash Join,1
94,Original,Seq Scan,18,0,778,Hash,0
94,Original,Memoize,16,16,0,Nested Loop,1
94,Original,Index Scan,17,16,0,Memoize,0
94,Original,Index Scan,15,16,0,Nested Loop,0
94,Original,Index Scan,12,16,0,Nested Loop,0
94,Original,Index Scan,7,0,776,Nested Loop,0
94,Original,Index Scan,4,0,775,Nested Loop,0
94,Original,Index Scan,2,0,774,Nested Loop,0
94,Synthetic,Sort,0,0,783,,1
94,Synthetic,GroupAggregate,1,16,0,Sort,1
94,Synthetic,Sort,2,16,0,GroupAggregate,1
94,Synthetic,Nested Loop,3,16,0,Sort,2
94,Synthetic,Nested Loop,4,16,0,Nested Loop,2
94,Synthetic,Gather,5,16,0,Nested Loop,1
94,Synthetic,Nested Loop,6,16,0,Gather,2
94,Synthetic,Nested Loop,7,16,0,Nested Loop,2
94,Synthetic,Parallel Hash Join,8,16,0,Nested Loop,2
94,Synthetic,Parallel Seq Scan,9,0,782,Parallel Hash Join,0
94,Synthetic,Parallel Hash,9,16,0,Parallel Hash Join,1
94,Synthetic,Nested Loop,10,16,0,Parallel Hash,2
94,Synthetic,Parallel Hash Join,11,16,0,Nested Loop,2
94,Synthetic,Hash Join,12,16,0,Parallel Hash Join,2
94,Synthetic,Parallel Seq Scan,13,0,781,Hash Join,0
94,Synthetic,Hash,13,16,0,Hash Join,1
94,Synthetic,Seq Scan,14,16,0,Hash,0
94,Synthetic,Parallel Hash,12,16,0,Parallel Hash Join,1
94,Synthetic,Hash Join,13,16,0,Parallel Hash,2
94,Synthetic,Hash Join,14,16,0,Hash Join,2
94,Synthetic,Parallel Seq Scan,15,0,780,Hash Join,0
94,Synthetic,Hash,15,16,0,Hash Join,1
94,Synthetic,Seq Scan,16,16,0,Hash,0
94,Synthetic,Hash,14,16,0,Hash Join,1
94,Synthetic,Seq Scan,15,0,779,Hash,0
94,Synthetic,Index Scan,11,0,775,Nested Loop,0
94,Synthetic,Index Scan,8,0,774,Nested Loop,0
94,Synthetic,Memoize,7,16,0,Nested Loop,1
94,Synthetic,Index Scan,8,0,776,Memoize,0
94,Synthetic,Hash Join,5,16,0,Nested Loop,2
94,Synthetic,Seq Scan,6,0,777,Hash Join,0
94,Synthetic,Hash,6,1,784,Hash Join,1
94,Synthetic,Seq Scan,7,0,778,Hash,0
94,Synthetic,Index Only Scan,4,16,0,Nested Loop,0
95,Original,Aggregate,0,0,794,,1
95,Original,Nested Loop,1,16,0,Aggregate,2
95,Original,Nested Loop,2,16,0,Nested Loop,2
95,Original,Nested Loop,3,16,0,Nested Loop,2
95,Original,Nested Loop,4,16,0,Nested Loop,2
95,Original,Merge Join,5,16,0,Nested Loop,2
95,Original,Nested Loop,6,16,0,Merge Join,2
95,Original,Nested Loop,7,16,0,Nested Loop,2
95,Original,Nested Loop,8,16,0,Nested Loop,2
95,Original,Merge Join,9,16,0,Nested Loop,2
95,Original,Sort,10,16,0,Merge Join,1
95,Original,Gather,11,16,0,Sort,1
95,Original,Hash Join,12,16,0,Gather,2
95,Original,Hash Join,13,16,0,Hash Join,2
95,Original,Parallel Seq Scan,14,0,791,Hash Join,0
95,Original,Hash,14,1,795,Hash Join,1
95,Original,Seq Scan,15,0,793,Hash,0
95,Original,Hash,13,1,796,Hash Join,1
95,Original,Seq Scan,14,0,790,Hash,0
95,Original,Sort,10,16,0,Merge Join,1
95,Original,Gather,11,16,0,Sort,1
95,Original,Parallel Seq Scan,12,0,792,Gather,0
95,Original,Index Scan,9,16,0,Nested Loop,0
95,Original,Memoize,8,16,0,Nested Loop,1
95,Original,Index Scan,9,16,0,Memoize,0
95,Original,Seq Scan,7,0,788,Nested Loop,0
95,Original,Sort,6,16,0,Merge Join,1
95,Original,Seq Scan,7,0,789,Sort,0
95,Original,Memoize,5,16,0,Nested Loop,1
95,Original,Index Scan,6,16,0,Memoize,0
95,Original,Index Scan,4,0,787,Nested Loop,0
95,Original,Index Scan,3,0,786,Nested Loop,0
95,Original,Index Scan,2,0,785,Nested Loop,0
95,Synthetic,Sort,0,0,794,,1
95,Synthetic,GroupAggregate,1,16,0,Sort,1
95,Synthetic,Sort,2,16,0,GroupAggregate,1
95,Synthetic,Nested Loop,3,16,0,Sort,2
95,Synthetic,Nested Loop,4,16,0,Nested Loop,2
95,Synthetic,Gather,5,16,0,Nested Loop,1
95,Synthetic,Nested Loop,6,16,0,Gather,2
95,Synthetic,Nested Loop,7,16,0,Nested Loop,2
95,Synthetic,Parallel Hash Join,8,16,0,Nested Loop,2
95,Synthetic,Parallel Seq Scan,9,16,0,Parallel Hash Join,0
95,Synthetic,Parallel Hash,9,16,0,Parallel Hash Join,1
95,Synthetic,Nested Loop,10,16,0,Parallel Hash,2
95,Synthetic,Parallel Hash Join,11,16,0,Nested Loop,2
95,Synthetic,Hash Join,12,16,0,Parallel Hash Join,2
95,Synthetic,Parallel Seq Scan,13,0,792,Hash Join,0
95,Synthetic,Hash,13,16,0,Hash Join,1
95,Synthetic,Seq Scan,14,16,0,Hash,0
95,Synthetic,Parallel Hash,12,16,0,Parallel Hash Join,1
95,Synthetic,Hash Join,13,16,0,Parallel Hash,2
95,Synthetic,Hash Join,14,16,0,Hash Join,2
95,Synthetic,Parallel Seq Scan,15,0,791,Hash Join,0
95,Synthetic,Hash,15,1,795,Hash Join,1
95,Synthetic,Seq Scan,16,0,793,Hash,0
95,Synthetic,Hash,14,1,796,Hash Join,1
95,Synthetic,Seq Scan,15,0,790,Hash,0
95,Synthetic,Index Scan,11,0,786,Nested Loop,0
95,Synthetic,Index Scan,8,0,785,Nested Loop,0
95,Synthetic,Memoize,7,16,0,Nested Loop,1
95,Synthetic,Index Scan,8,0,787,Memoize,0
95,Synthetic,Hash Join,5,16,0,Nested Loop,2
95,Synthetic,Seq Scan,6,0,788,Hash Join,0
95,Synthetic,Hash,6,16,0,Hash Join,1
95,Synthetic,Seq Scan,7,0,789,Hash,0
95,Synthetic,Index Only Scan,4,16,0,Nested Loop,0
96,Original,Aggregate,0,0,806,,1
96,Original,Nested Loop,1,16,0,Aggregate,2
96,Original,Nested Loop,2,16,0,Nested Loop,2
96,Original,Gather,3,16,0,Nested Loop,1
96,Original,Nested Loop,4,16,0,Gather,2
96,Original,Parallel Hash Join,5,16,0,Nested Loop,2
96,Original,Parallel Seq Scan,6,0,805,Parallel Hash Join,0
96,Original,Parallel Hash,6,16,0,Parallel Hash Join,1
96,Original,Parallel Hash Join,7,16,0,Parallel Hash,2
96,Original,Parallel Seq Scan,8,0,804,Parallel Hash Join,0
96,Original,Parallel Hash,8,16,0,Parallel Hash Join,1
96,Original,Nested Loop,9,16,0,Parallel Hash,2
96,Original,Hash Join,10,16,0,Nested Loop,2
96,Original,Parallel Seq Scan,11,0,803,Hash Join,0
96,Original,Hash,11,16,0,Hash Join,1
96,Original,Nested Loop,12,16,0,Hash,2
96,Original,Hash Join,13,16,0,Nested Loop,2
96,Original,Seq Scan,14,0,802,Hash Join,0
96,Original,Hash,14,16,0,Hash Join,1
96,Original,Nested Loop,15,16,0,Hash,2
96,Original,Hash Join,16,16,0,Nested Loop,2
96,Original,Seq Scan,17,0,800,Hash Join,0
96,Original,Hash,17,1,808,Hash Join,1
96,Original,Seq Scan,18,0,801,Hash,0
96,Original,Memoize,16,16,0,Nested Loop,1
96,Original,Index Scan,17,16,0,Memoize,0
96,Original,Index Scan,13,16,0,Nested Loop,0
96,Original,Index Scan,10,16,0,Nested Loop,0
96,Original,Memoize,5,1,807,Nested Loop,1
96,Original,Index Scan,6,0,799,Memoize,0
96,Original,Index Scan,3,0,798,Nested Loop,0
96,Original,Index Scan,2,0,797,Nested Loop,0
96,Synthetic,Sort,0,0,806,,1
96,Synthetic,GroupAggregate,1,16,0,Sort,1
96,Synthetic,Sort,2,16,0,GroupAggregate,1
96,Synthetic,Nested Loop,3,16,0,Sort,2
96,Synthetic,Nested Loop,4,16,0,Nested Loop,2
96,Synthetic,Gather,5,16,0,Nested Loop,1
96,Synthetic,Nested Loop,6,16,0,Gather,2
96,Synthetic,Nested Loop,7,16,0,Nested Loop,2
96,Synthetic,Parallel Hash Join,8,16,0,Nested Loop,2
96,Synthetic,Parallel Seq Scan,9,0,805,Parallel Hash Join,0
96,Synthetic,Parallel Hash,9,16,0,Parallel Hash Join,1
96,Synthetic,Nested Loop,10,16,0,Parallel Hash,2
96,Synthetic,Parallel Hash Join,11,16,0,Nested Loop,2
96,Synthetic,Hash Join,12,16,0,Parallel Hash Join,2
96,Synthetic,Parallel Seq Scan,13,0,804,Hash Join,0
96,Synthetic,Hash,13,16,0,Hash Join,1
96,Synthetic,Seq Scan,14,16,0,Hash,0
96,Synthetic,Parallel Hash,12,16,0,Parallel Hash Join,1
96,Synthetic,Hash Join,13,16,0,Parallel Hash,2
96,Synthetic,Hash Join,14,16,0,Hash Join,2
96,Synthetic,Parallel Seq Scan,15,0,803,Hash Join,0
96,Synthetic,Hash,15,16,0,Hash Join,1
96,Synthetic,Seq Scan,16,16,0,Hash,0
96,Synthetic,Hash,14,16,0,Hash Join,1
96,Synthetic,Seq Scan,15,0,802,Hash,0
96,Synthetic,Index Scan,11,0,798,Nested Loop,0
96,Synthetic,Index Scan,8,0,797,Nested Loop,0
96,Synthetic,Memoize,7,1,807,Nested Loop,1
96,Synthetic,Index Scan,8,0,799,Memoize,0
96,Synthetic,Hash Join,5,16,0,Nested Loop,2
96,Synthetic,Seq Scan,6,0,800,Hash Join,0
96,Synthetic,Hash,6,1,808,Hash Join,1
96,Synthetic,Seq Scan,7,0,801,Hash,0
96,Synthetic,Index Only Scan,4,16,0,Nested Loop,0
97,Original,Aggregate,0,0,819,,1
97,Original,Nested Loop,1,16,0,Aggregate,2
97,Original,Nested Loop,2,16,0,Nested Loop,2
97,Original,Gather,3,16,0,Nested Loop,1
97,Original,Nested Loop,4,16,0,Gather,2
97,Original,Parallel Hash Join,5,16,0,Nested Loop,2
97,Original,Parallel Seq Scan,6,0,818,Parallel Hash Join,0
97,Original,Parallel Hash,6,16,0,Parallel Hash Join,1
97,Original,Nested Loop,7,16,0,Parallel Hash,2
97,Original,Parallel Hash Join,8,16,0,Nested Loop,2
97,Original,Parallel Seq Scan,9,0,816,Parallel Hash Join,0
97,Original,Parallel Hash,9,16,0,Parallel Hash Join,1
97,Original,Nested Loop,10,16,0,Parallel Hash,2
97,Original,Nested Loop,11,16,0,Nested Loop,2
97,Original,Nested Loop,12,16,0,Nested Loop,2
97,Original,Hash Join,13,16,0,Nested Loop,2
97,Original,Parallel Hash Join,14,16,0,Hash Join,2
97,Original,Parallel Seq Scan,15,0,815,Parallel Hash Join,0
97,Original,Parallel Hash,15,16,0,Parallel Hash Join,1
97,Original,Hash Join,16,16,0,Parallel Hash,2
97,Original,Parallel Seq Scan,17,0,814,Hash Join,0
97,Original,Hash,17,16,0,Hash Join,1
97,Original,Hash Join,18,16,0,Hash,2
97,Original,Seq Scan,19,0,812,Hash Join,0
97,Original,Hash,19,1,821,Hash Join,1
97,Original,Seq Scan,20,0,813,Hash,0
97,Original,Hash,14,0,820,Hash Join,1
97,Original,Seq Scan,15,0,811,Hash,0
97,Original,Index Scan,13,16,0,Nested Loop,0
97,Original,Index Scan,12,16,0,Nested Loop,0
97,Original,Index Scan,11,16,0,Nested Loop,0
97,Original,Index Only Scan,8,0,817,Nested Loop,0
97,Original,Index Scan,5,16,0,Nested Loop,0
97,Original,Index Scan,3,0,810,Nested Loop,0
97,Original,Index Scan,2,0,809,Nested Loop,0
97,Synthetic,Sort,0,0,819,,1
97,Synthetic,GroupAggregate,1,16,0,Sort,1
97,Synthetic,Nested Loop,2,16,0,GroupAggregate,2
97,Synthetic,Nested Loop Semi Join,3,16,0,Nested Loop,2
97,Synthetic,Nested Loop,4,16,0,Nested Loop Semi Join,2
97,Synthetic,Gather Merge,5,16,0,Nested Loop,1
97,Synthetic,Sort,6,16,0,Gather Merge,1
97,Synthetic,Nested Loop,7,16,0,Sort,2
97,Synthetic,Nested Loop,8,16,0,Nested Loop,2
97,Synthetic,Parallel Hash Join,9,16,0,Nested Loop,2
97,Synthetic,Parallel Seq Scan,10,0,818,Parallel Hash Join,0
97,Synthetic,Parallel Hash,10,16,0,Parallel Hash Join,1
97,Synthetic,Hash Join,11,16,0,Parallel Hash,2
97,Synthetic,Parallel Hash Join,12,16,0,Hash Join,2
97,Synthetic,Hash Join,13,16,0,Parallel Hash Join,2
97,Synthetic,Parallel Seq Scan,14,0,816,Hash Join,0
97,Synthetic,Hash,14,16,0,Hash Join,1
97,Synthetic,Seq Scan,15,16,0,Hash,0
97,Synthetic,Parallel Hash,13,16,0,Parallel Hash Join,1
97,Synthetic,Parallel Hash Join,14,16,0,Parallel Hash,2
97,Synthetic,Parallel Seq Scan,15,0,815,Parallel Hash Join,0
97,Synthetic,Parallel Hash,15,16,0,Parallel Hash Join,1
97,Synthetic,Merge Join,16,16,0,Parallel Hash,2
97,Synthetic,Parallel Index Scan,17,16,0,Merge Join,0
97,Synthetic,Sort,17,16,0,Merge Join,1
97,Synthetic,Seq Scan,18,16,0,Sort,0
97,Synthetic,Hash,12,0,820,Hash Join,1
97,Synthetic,Seq Scan,13,0,811,Hash,0
97,Synthetic,Index Scan,9,0,809,Nested Loop,0
97,Synthetic,Memoize,8,16,0,Nested Loop,1
97,Synthetic,Index Scan,9,0,810,Memoize,0
97,Synthetic,Materialize,5,16,0,Nested Loop,1
97,Synthetic,Gather,6,16,0,Materialize,1
97,Synthetic,Hash Join,7,16,0,Gather,2
97,Synthetic,Parallel Seq Scan,8,0,814,Hash Join,0
97,Synthetic,Hash,8,16,0,Hash Join,1
97,Synthetic,Seq Scan,9,16,0,Hash,0
97,Synthetic,Hash Join,4,16,0,Nested Loop Semi Join,2
97,Synthetic,Seq Scan,5,0,812,Hash Join,0
97,Synthetic,Hash,5,1,821,Hash Join,1
97,Synthetic,Seq Scan,6,0,813,Hash,0
97,Synthetic,Index Only Scan,3,0,817,Nested Loop,0
98,Original,Aggregate,0,0,831,,1
98,Original,Nested Loop,1,16,0,Aggregate,2
98,Original,Nested Loop,2,16,0,Nested Loop,2
98,Original,Gather,3,16,0,Nested Loop,1
98,Original,Nested Loop,4,16,0,Gather,2
98,Original,Parallel Hash Join,5,16,0,Nested Loop,2
98,Original,Parallel Seq Scan,6,0,830,Parallel Hash Join,0
98,Original,Parallel Hash,6,16,0,Parallel Hash Join,1
98,Original,Nested Loop,7,16,0,Parallel Hash,2
98,Original,Parallel Hash Join,8,16,0,Nested Loop,2
98,Original,Parallel Seq Scan,9,0,828,Parallel Hash Join,0
98,Original,Parallel Hash,9,16,0,Parallel Hash Join,1
98,Original,Nested Loop,10,16,0,Parallel Hash,2
98,Original,Nested Loop,11,16,0,Nested Loop,2
98,Original,Nested Loop,12,16,0,Nested Loop,2
98,Original,Nested Loop,13,16,0,Nested Loop,2
98,Original,Parallel Hash Join,14,16,0,Nested Loop,2
98,Original,Parallel Seq Scan,15,0,827,Parallel Hash Join,0
98,Original,Parallel Hash,15,16,0,Parallel Hash Join,1
98,Original,Hash Join,16,16,0,Parallel Hash,2
98,Original,Parallel Seq Scan,17,0,826,Hash Join,0
98,Original,Hash,17,16,0,Hash Join,1
98,Original,Hash Join,18,16,0,Hash,2
98,Original,Seq Scan,19,0,824,Hash Join,0
98,Original,Hash,19,1,832,Hash Join,1
98,Original,Seq Scan,20,0,825,Hash,0
98,Original,Memoize,14,16,0,Nested Loop,1
98,Original,Index Scan,15,16,0,Memoize,0
98,Original,Index Scan,13,16,0,Nested Loop,0
98,Original,Index Scan,12,16,0,Nested Loop,0
98,Original,Index Scan,11,16,0,Nested Loop,0
98,Original,Index Only Scan,8,0,829,Nested Loop,0
98,Original,Index Scan,5,16,0,Nested Loop,0
98,Original,Index Scan,3,0,823,Nested Loop,0
98,Original,Index Scan,2,0,822,Nested Loop,0
98,Synthetic,Sort,0,0,831,,1
98,Synthetic,GroupAggregate,1,16,0,Sort,1
98,Synthetic,Nested Loop,2,16,0,GroupAggregate,2
98,Synthetic,Nested Loop Semi Join,3,16,0,Nested Loop,2
98,Synthetic,Nested Loop,4,16,0,Nested Loop Semi Join,2
98,Synthetic,Gather Merge,5,16,0,Nested Loop,1
98,Synthetic,Sort,6,16,0,Gather Merge,1
98,Synthetic,Nested Loop,7,16,0,Sort,2
98,Synthetic,Nested Loop,8,16,0,Nested Loop,2
98,Synthetic,Parallel Hash Join,9,16,0,Nested Loop,2
98,Synthetic,Parallel Seq Scan,10,0,830,Parallel Hash Join,0
98,Synthetic,Parallel Hash,10,16,0,Parallel Hash Join,1
98,Synthetic,Hash Join,11,16,0,Parallel Hash,2
98,Synthetic,Parallel Hash Join,12,16,0,Hash Join,2
98,Synthetic,Hash Join,13,16,0,Parallel Hash Join,2
98,Synthetic,Parallel Seq Scan,14,0,828,Hash Join,0
98,Synthetic,Hash,14,16,0,Hash Join,1
98,Synthetic,Seq Scan,15,16,0,Hash,0
98,Synthetic,Parallel Hash,13,16,0,Parallel Hash Join,1
98,Synthetic,Parallel Hash Join,14,16,0,Parallel Hash,2
98,Synthetic,Parallel Seq Scan,15,0,827,Parallel Hash Join,0
98,Synthetic,Parallel Hash,15,16,0,Parallel Hash Join,1
98,Synthetic,Merge Join,16,16,0,Parallel Hash,2
98,Synthetic,Parallel Index Scan,17,16,0,Merge Join,0
98,Synthetic,Sort,17,16,0,Merge Join,1
98,Synthetic,Seq Scan,18,16,0,Sort,0
98,Synthetic,Hash,12,16,0,Hash Join,1
98,Synthetic,Seq Scan,13,16,0,Hash,0
98,Synthetic,Index Scan,9,0,822,Nested Loop,0
98,Synthetic,Memoize,8,16,0,Nested Loop,1
98,Synthetic,Index Scan,9,0,823,Memoize,0
98,Synthetic,Materialize,5,16,0,Nested Loop,1
98,Synthetic,Gather,6,16,0,Materialize,1
98,Synthetic,Hash Join,7,16,0,Gather,2
98,Synthetic,Parallel Seq Scan,8,0,826,Hash Join,0
98,Synthetic,Hash,8,16,0,Hash Join,1
98,Synthetic,Seq Scan,9,16,0,Hash,0
98,Synthetic,Hash Join,4,16,0,Nested Loop Semi Join,2
98,Synthetic,Seq Scan,5,0,824,Hash Join,0
98,Synthetic,Hash,5,1,832,Hash Join,1
98,Synthetic,Seq Scan,6,0,825,Hash,0
98,Synthetic,Index Only Scan,3,0,829,Nested Loop,0
99,Original,Aggregate,0,0,842,,1
99,Original,Nested Loop,1,16,0,Aggregate,2
99,Original,Nested Loop,2,16,0,Nested Loop,2
99,Original,Gather,3,16,0,Nested Loop,1
99,Original,Nested Loop,4,16,0,Gather,2
99,Original,Parallel Hash Join,5,16,0,Nested Loop,2
99,Original,Parallel Seq Scan,6,0,841,Parallel Hash Join,0
99,Original,Parallel Hash,6,16,0,Parallel Hash Join,1
99,Original,Nested Loop,7,16,0,Parallel Hash,2
99,Original,Parallel Hash Join,8,16,0,Nested Loop,2
99,Original,Parallel Seq Scan,9,0,839,Parallel Hash Join,0
99,Original,Parallel Hash,9,16,0,Parallel Hash Join,1
99,Original,Nested Loop,10,16,0,Parallel Hash,2
99,Original,Nested Loop,11,16,0,Nested Loop,2
99,Original,Nested Loop,12,16,0,Nested Loop,2
99,Original,Nested Loop,13,16,0,Nested Loop,2
99,Original,Parallel Hash Join,14,16,0,Nested Loop,2
99,Original,Parallel Seq Scan,15,0,838,Parallel Hash Join,0
99,Original,Parallel Hash,15,16,0,Parallel Hash Join,1
99,Original,Hash Join,16,16,0,Parallel Hash,2
99,Original,Parallel Seq Scan,17,0,837,Hash Join,0
99,Original,Hash,17,16,0,Hash Join,1
99,Original,Hash Join,18,16,0,Hash,2
99,Original,Seq Scan,19,0,835,Hash Join,0
99,Original,Hash,19,1,843,Hash Join,1
99,Original,Seq Scan,20,0,836,Hash,0
99,Original,Memoize,14,16,0,Nested Loop,1
99,Original,Index Scan,15,16,0,Memoize,0
99,Original,Index Scan,13,16,0,Nested Loop,0
99,Original,Index Scan,12,16,0,Nested Loop,0
99,Original,Index Scan,11,16,0,Nested Loop,0
99,Original,Index Only Scan,8,0,840,Nested Loop,0
99,Original,Index Scan,5,16,0,Nested Loop,0
99,Original,Index Scan,3,0,834,Nested Loop,0
99,Original,Index Scan,2,0,833,Nested Loop,0
99,Synthetic,Sort,0,0,842,,1
99,Synthetic,GroupAggregate,1,16,0,Sort,1
99,Synthetic,Nested Loop,2,16,0,GroupAggregate,2
99,Synthetic,Nested Loop Semi Join,3,16,0,Nested Loop,2
99,Synthetic,Nested Loop,4,16,0,Nested Loop Semi Join,2
99,Synthetic,Gather Merge,5,16,0,Nested Loop,1
99,Synthetic,Sort,6,16,0,Gather Merge,1
99,Synthetic,Nested Loop,7,16,0,Sort,2
99,Synthetic,Nested Loop,8,16,0,Nested Loop,2
99,Synthetic,Parallel Hash Join,9,16,0,Nested Loop,2
99,Synthetic,Parallel Seq Scan,10,0,841,Parallel Hash Join,0
99,Synthetic,Parallel Hash,10,16,0,Parallel Hash Join,1
99,Synthetic,Hash Join,11,16,0,Parallel Hash,2
99,Synthetic,Parallel Hash Join,12,16,0,Hash Join,2
99,Synthetic,Hash Join,13,16,0,Parallel Hash Join,2
99,Synthetic,Parallel Seq Scan,14,0,839,Hash Join,0
99,Synthetic,Hash,14,16,0,Hash Join,1
99,Synthetic,Seq Scan,15,16,0,Hash,0
99,Synthetic,Parallel Hash,13,16,0,Parallel Hash Join,1
99,Synthetic,Parallel Hash Join,14,16,0,Parallel Hash,2
99,Synthetic,Parallel Seq Scan,15,0,838,Parallel Hash Join,0
99,Synthetic,Parallel Hash,15,16,0,Parallel Hash Join,1
99,Synthetic,Merge Join,16,16,0,Parallel Hash,2
99,Synthetic,Parallel Index Scan,17,16,0,Merge Join,0
99,Synthetic,Sort,17,16,0,Merge Join,1
99,Synthetic,Seq Scan,18,16,0,Sort,0
99,Synthetic,Hash,12,16,0,Hash Join,1
99,Synthetic,Seq Scan,13,16,0,Hash,0
99,Synthetic,Index Scan,9,0,833,Nested Loop,0
99,Synthetic,Memoize,8,16,0,Nested Loop,1
99,Synthetic,Index Scan,9,0,834,Memoize,0
99,Synthetic,Materialize,5,16,0,Nested Loop,1
99,Synthetic,Gather,6,16,0,Materialize,1
99,Synthetic,Hash Join,7,16,0,Gather,2
99,Synthetic,Parallel Seq Scan,8,0,837,Hash Join,0
99,Synthetic,Hash,8,16,0,Hash Join,1
99,Synthetic,Seq Scan,9,16,0,Hash,0
99,Synthetic,Hash Join,4,16,0,Nested Loop Semi Join,2
99,Synthetic,Seq Scan,5,0,835,Hash Join,0
99,Synthetic,Hash,5,1,843,Hash Join,1
99,Synthetic,Seq Scan,6,0,836,Hash,0
99,Synthetic,Index Only Scan,3,0,840,Nested Loop,0
100,Original,Aggregate,0,0,856,,1
100,Original,Nested Loop,1,16,0,Aggregate,2
100,Original,Gather,2,16,0,Nested Loop,1
100,Original,Parallel Hash Join,3,16,0,Gather,2
100,Original,Parallel Seq Scan,4,16,0,Parallel Hash Join,0
100,Original,Parallel Hash,4,16,0,Parallel Hash Join,1
100,Original,Nested Loop,5,16,0,Parallel Hash,2
100,Original,Parallel Hash Join,6,16,0,Nested Loop,2
100,Original,Parallel Seq Scan,7,0,855,Parallel Hash Join,0
100,Original,Parallel Hash,7,16,0,Parallel Hash Join,1
100,Original,Nested Loop,8,16,0,Parallel Hash,2
100,Original,Nested Loop,9,16,0,Nested Loop,2
100,Original,Nested Loop,10,16,0,Nested Loop,2
100,Original,Parallel Hash Join,11,16,0,Nested Loop,2
100,Original,Parallel Seq Scan,12,0,853,Parallel Hash Join,0
100,Original,Parallel Hash,12,16,0,Parallel Hash Join,1
100,Original,Nested Loop,13,16,0,Parallel Hash,2
100,Original,Parallel Hash Join,14,16,0,Nested Loop,2
100,Original,Hash Join,15,16,0,Parallel Hash Join,2
100,Original,Parallel Seq Scan,16,0,852,Hash Join,0
100,Original,Hash,16,1,857,Hash Join,1
100,Original,Seq Scan,17,0,854,Hash,0
100,Original,Parallel Hash,15,16,0,Parallel Hash Join,1
100,Original,Parallel Hash Join,16,16,0,Parallel Hash,2
100,Original,Parallel Seq Scan,17,0,851,Parallel Hash Join,0
100,Original,Parallel Hash,17,16,0,Parallel Hash Join,1
100,Original,Nested Loop,18,16,0,Parallel Hash,2
100,Original,Hash Join,19,16,0,Nested Loop,2
100,Original,Parallel Seq Scan,20,0,850,Hash Join,0
100,Original,Hash,20,16,0,Hash Join,1
100,Original,Nested Loop,21,16,0,Hash,2
100,Original,Hash Join,22,16,0,Nested Loop,2
100,Original,Seq Scan,23,0,848,Hash Join,0
100,Original,Hash,23,1,858,Hash Join,1
100,Original,Seq Scan,24,0,849,Hash,0
100,Original,Memoize,22,16,0,Nested Loop,1
100,Original,Index Scan,23,16,0,Memoize,0
100,Original,Memoize,19,16,0,Nested Loop,1
100,Original,Index Scan,20,16,0,Memoize,0
100,Original,Index Scan,14,16,0,Nested Loop,0
100,Original,Memoize,11,16,0,Nested Loop,1
100,Original,Index Scan,12,16,0,Memoize,0
100,Original,Index Scan,10,0,847,Nested Loop,0
100,Original,Index Scan,9,0,846,Nested Loop,0
100,Original,Index Scan,6,0,845,Nested Loop,0
100,Original,Index Scan,2,0,844,Nested Loop,0
100,Synthetic,Sort,0,0,856,,1
100,Synthetic,GroupAggregate,1,16,0,Sort,1
100,Synthetic,Nested Loop,2,16,0,GroupAggregate,2
100,Synthetic,Nested Loop,3,16,0,Nested Loop,2
100,Synthetic,Gather Merge,4,16,0,Nested Loop,1
100,Synthetic,Sort,5,16,0,Gather Merge,1
100,Synthetic,Parallel Hash Semi Join,6,16,0,Sort,2
100,Synthetic,Nested Loop,7,16,0,Parallel Hash Semi Join,2
100,Synthetic,Parallel Hash Join,8,16,0,Nested Loop,2
100,Synthetic,Parallel Seq Scan,9,0,853,Parallel Hash Join,0
100,Synthetic,Parallel Hash,9,16,0,Parallel Hash Join,1
100,Synthetic,Nested Loop,10,16,0,Parallel Hash,2
100,Synthetic,Parallel Hash Join,11,16,0,Nested Loop,2
100,Synthetic,Parallel Seq Scan,12,0,852,Parallel Hash Join,0
100,Synthetic,Parallel Hash,12,16,0,Parallel Hash Join,1
100,Synthetic,Nested Loop,13,16,0,Parallel Hash,2
100,Synthetic,Parallel Hash Join,14,16,0,Nested Loop,2
100,Synthetic,Hash Join,15,16,0,Parallel Hash Join,2
100,Synthetic,Parallel Seq Scan,16,0,851,Hash Join,0
100,Synthetic,Hash,16,16,0,Hash Join,1
100,Synthetic,Seq Scan,17,16,0,Hash,0
100,Synthetic,Parallel Hash,15,16,0,Parallel Hash Join,1
100,Synthetic,Hash Join,16,16,0,Parallel Hash,2
100,Synthetic,Parallel Seq Scan,17,0,850,Hash Join,0
100,Synthetic,Hash,17,16,0,Hash Join,1
100,Synthetic,Seq Scan,18,16,0,Hash,0
100,Synthetic,Index Scan,14,0,846,Nested Loop,0
100,Synthetic,Index Scan,11,0,845,Nested Loop,0
100,Synthetic,Memoize,8,16,0,Nested Loop,1
100,Synthetic,Index Scan,9,0,847,Memoize,0
100,Synthetic,Parallel Hash,7,16,0,Parallel Hash Semi Join,1
100,Synthetic,Parallel Seq Scan,8,0,855,Parallel Hash,0
100,Synthetic,Hash Join,4,16,0,Nested Loop,2
100,Synthetic,Hash Join,5,16,0,Hash Join,2
100,Synthetic,Seq Scan,6,16,0,Hash Join,0
100,Synthetic,Hash,6,1,857,Hash Join,1
100,Synthetic,Seq Scan,7,0,854,Hash,0
100,Synthetic,Hash,5,16,0,Hash Join,1
100,Synthetic,Hash Join,6,16,0,Hash,2
100,Synthetic,Seq Scan,7,0,848,Hash Join,0
100,Synthetic,Hash,7,1,858,Hash Join,1
100,Synthetic,Seq Scan,8,0,849,Hash,0
100,Synthetic,Index Scan,3,0,844,Nested Loop,0
101,Original,Aggregate,0,0,871,,1
101,Original,Nested Loop,1,16,0,Aggregate,2
101,Original,Gather,2,16,0,Nested Loop,1
101,Original,Parallel Hash Join,3,16,0,Gather,2
101,Original,Parallel Seq Scan,4,16,0,Parallel Hash Join,0
101,Original,Parallel Hash,4,16,0,Parallel Hash Join,1
101,Original,Nested Loop,5,16,0,Parallel Hash,2
101,Original,Nested Loop,6,16,0,Nested Loop,2
101,Original,Nested Loop,7,16,0,Nested Loop,2
101,Original,Nested Loop,8,16,0,Nested Loop,2
101,Original,Parallel Hash Join,9,16,0,Nested Loop,2
101,Original,Parallel Seq Scan,10,0,870,Parallel Hash Join,0
101,Original,Parallel Hash,10,16,0,Parallel Hash Join,1
101,Original,Nested Loop,11,16,0,Parallel Hash,2
101,Original,Parallel Hash Join,12,16,0,Nested Loop,2
101,Original,Parallel Seq Scan,13,0,869,Parallel Hash Join,0
101,Original,Parallel Hash,13,16,0,Parallel Hash Join,1
101,Original,Parallel Hash Join,14,16,0,Parallel Hash,2
101,Original,Parallel Seq Scan,15,0,868,Parallel Hash Join,0
101,Original,Parallel Hash,15,16,0,Parallel Hash Join,1
101,Original,Nested Loop,16,16,0,Parallel Hash,2
101,Original,Parallel Hash Join,17,16,0,Nested Loop,2
101,Original,Hash Join,18,16,0,Parallel Hash Join,2
101,Original,Parallel Seq Scan,19,0,867,Hash Join,0
101,Original,Hash,19,0,872,Hash Join,1
101,Original,Seq Scan,20,0,864,Hash,0
101,Original,Parallel Hash,18,16,0,Parallel Hash Join,1
101,Original,Hash Join,19,16,0,Parallel Hash,2
101,Original,Parallel Seq Scan,20,0,866,Hash Join,0
101,Original,Hash,20,16,0,Hash Join,1
101,Original,Nested Loop,21,16,0,Hash,2
101,Original,Hash Join,22,16,0,Nested Loop,2
101,Original,Seq Scan,23,0,863,Hash Join,0
101,Original,Hash,23,1,873,Hash Join,1
101,Original,Seq Scan,24,0,865,Hash,0
101,Original,Memoize,22,16,0,Nested Loop,1
101,Original,Index Scan,23,16,0,Memoize,0
101,Original,Index Scan,17,16,0,Nested Loop,0
101,Original,Memoize,12,16,0,Nested Loop,1
101,Original,Index Scan,13,16,0,Memoize,0
101,Original,Index Scan,9,16,0,Nested Loop,0
101,Original,Index Scan,8,0,862,Nested Loop,0
101,Original,Index Scan,7,0,861,Nested Loop,0
101,Original,Index Scan,6,0,860,Nested Loop,0
101,Original,Index Scan,2,0,859,Nested Loop,0
101,Synthetic,Sort,0,0,871,,1
101,Synthetic,GroupAggregate,1,16,0,Sort,1
101,Synthetic,Nested Loop,2,16,0,GroupAggregate,2
101,Synthetic,Nested Loop,3,16,0,Nested Loop,2
101,Synthetic,Gather Merge,4,16,0,Nested Loop,1
101,Synthetic,Sort,5,16,0,Gather Merge,1
101,Synthetic,Parallel Hash Semi Join,6,16,0,Sort,2
101,Synthetic,Nested Loop,7,16,0,Parallel Hash Semi Join,2
101,Synthetic,Parallel Hash Join,8,16,0,Nested Loop,2
101,Synthetic,Parallel Seq Scan,9,0,869,Parallel Hash Join,0
101,Synthetic,Parallel Hash,9,16,0,Parallel Hash Join,1
101,Synthetic,Nested Loop,10,16,0,Parallel Hash,2
101,Synthetic,Parallel Hash Join,11,16,0,Nested Loop,2
101,Synthetic,Parallel Seq Scan,12,0,868,Parallel Hash Join,0
101,Synthetic,Parallel Hash,12,16,0,Parallel Hash Join,1
101,Synthetic,Nested Loop,13,16,0,Parallel Hash,2
101,Synthetic,Parallel Hash Join,14,16,0,Nested Loop,2
101,Synthetic,Hash Join,15,16,0,Parallel Hash Join,2
101,Synthetic,Parallel Seq Scan,16,0,867,Hash Join,0
101,Synthetic,Hash,16,16,0,Hash Join,1
101,Synthetic,Seq Scan,17,16,0,Hash,0
101,Synthetic,Parallel Hash,15,16,0,Parallel Hash Join,1
101,Synthetic,Hash Join,16,16,0,Parallel Hash,2
101,Synthetic,Parallel Seq Scan,17,0,866,Hash Join,0
101,Synthetic,Hash,17,0,872,Hash Join,1
101,Synthetic,Seq Scan,18,0,864,Hash,0
101,Synthetic,Index Scan,14,0,861,Nested Loop,0
101,Synthetic,Index Scan,11,0,860,Nested Loop,0
101,Synthetic,Memoize,8,16,0,Nested Loop,1
101,Synthetic,Index Scan,9,0,862,Memoize,0
101,Synthetic,Parallel Hash,7,16,0,Parallel Hash Semi Join,1
101,Synthetic,Parallel Seq Scan,8,0,870,Parallel Hash,0
101,Synthetic,Hash Join,4,16,0,Nested Loop,2
101,Synthetic,Hash Join,5,16,0,Hash Join,2
101,Synthetic,Seq Scan,6,16,0,Hash Join,0
101,Synthetic,Hash,6,16,0,Hash Join,1
101,Synthetic,Seq Scan,7,16,0,Hash,0
101,Synthetic,Hash,5,16,0,Hash Join,1
101,Synthetic,Hash Join,6,16,0,Hash,2
101,Synthetic,Seq Scan,7,0,863,Hash Join,0
101,Synthetic,Hash,7,1,873,Hash Join,1
101,Synthetic,Seq Scan,8,0,865,Hash,0
101,Synthetic,Index Scan,3,0,859,Nested Loop,0
102,Original,Aggregate,0,0,886,,1
102,Original,Nested Loop,1,16,0,Aggregate,2
102,Original,Gather,2,16,0,Nested Loop,1
102,Original,Parallel Hash Join,3,16,0,Gather,2
102,Original,Parallel Seq Scan,4,16,0,Parallel Hash Join,0
102,Original,Parallel Hash,4,16,0,Parallel Hash Join,1
102,Original,Parallel Hash Join,5,16,0,Parallel Hash,2
102,Original,Parallel Seq Scan,6,0,885,Parallel Hash Join,0
102,Original,Parallel Hash,6,16,0,Parallel Hash Join,1
102,Original,Nested Loop,7,16,0,Parallel Hash,2
102,Original,Parallel Hash Join,8,16,0,Nested Loop,2
102,Original,Parallel Seq Scan,9,0,883,Parallel Hash Join,0
102,Original,Parallel Hash,9,16,0,Parallel Hash Join,1
102,Original,Nested Loop,10,16,0,Parallel Hash,2
102,Original,Nested Loop,11,16,0,Nested Loop,2
102,Original,Parallel Hash Join,12,16,0,Nested Loop,2
102,Original,Parallel Seq Scan,13,0,882,Parallel Hash Join,0
102,Original,Parallel Hash,13,16,0,Parallel Hash Join,1
102,Original,Nested Loop,14,16,0,Parallel Hash,2
102,Original,Nested Loop,15,16,0,Nested Loop,2
102,Original,Parallel Hash Join,16,16,0,Nested Loop,2
102,Original,Hash Join,17,16,0,Parallel Hash Join,2
102,Original,Parallel Seq Scan,18,0,881,Hash Join,0
102,Original,Hash,18,1,888,Hash Join,1
102,Original,Seq Scan,19,0,884,Hash,0
102,Original,Parallel Hash,17,16,0,Parallel Hash Join,1
102,Original,Hash Join,18,16,0,Parallel Hash,2
102,Original,Parallel Seq Scan,19,0,880,Hash Join,0
102,Original,Hash,19,16,0,Hash Join,1
102,Original,Nested Loop,20,16,0,Hash,2
102,Original,Nested Loop,21,16,0,Nested Loop,2
102,Original,Hash Join,22,16,0,Nested Loop,2
102,Original,Seq Scan,23,0,878,Hash Join,0
102,Original,Hash,23,1,889,Hash Join,1
102,Original,Seq Scan,24,0,879,Hash,0
102,Original,Memoize,22,16,0,Nested Loop,1
102,Original,Index Scan,23,16,0,Memoize,0
102,Original,Index Scan,21,16,0,Nested Loop,0
102,Original,Index Scan,16,16,0,Nested Loop,0
102,Original,Index Scan,15,16,0,Nested Loop,0
102,Original,Memoize,12,1,887,Nested Loop,1
102,Original,Index Scan,13,0,877,Memoize,0
102,Original,Index Scan,11,0,876,Nested Loop,0
102,Original,Index Scan,8,0,875,Nested Loop,0
102,Original,Index Scan,2,0,874,Nested Loop,0
102,Synthetic,Sort,0,0,886,,1
102,Synthetic,GroupAggregate,1,16,0,Sort,1
102,Synthetic,Nested Loop,2,16,0,GroupAggregate,2
102,Synthetic,Nested Loop,3,16,0,Nested Loop,2
102,Synthetic,Gather Merge,4,16,0,Nested Loop,1
102,Synthetic,Sort,5,16,0,Gather Merge,1
102,Synthetic,Parallel Hash Semi Join,6,16,0,Sort,2
102,Synthetic,Nested Loop,7,16,0,Parallel Hash Semi Join,2
102,Synthetic,Parallel Hash Join,8,16,0,Nested Loop,2
102,Synthetic,Parallel Seq Scan,9,0,883,Parallel Hash Join,0
102,Synthetic,Parallel Hash,9,16,0,Parallel Hash Join,1
102,Synthetic,Nested Loop,10,16,0,Parallel Hash,2
102,Synthetic,Parallel Hash Join,11,16,0,Nested Loop,2
102,Synthetic,Parallel Seq Scan,12,0,882,Parallel Hash Join,0
102,Synthetic,Parallel Hash,12,16,0,Parallel Hash Join,1
102,Synthetic,Nested Loop,13,16,0,Parallel Hash,2
102,Synthetic,Parallel Hash Join,14,16,0,Nested Loop,2
102,Synthetic,Hash Join,15,16,0,Parallel Hash Join,2
102,Synthetic,Parallel Seq Scan,16,0,881,Hash Join,0
102,Synthetic,Hash,16,16,0,Hash Join,1
102,Synthetic,Seq Scan,17,16,0,Hash,0
102,Synthetic,Parallel Hash,15,16,0,Parallel Hash Join,1
102,Synthetic,Hash Join,16,16,0,Parallel Hash,2
102,Synthetic,Parallel Seq Scan,17,0,880,Hash Join,0
102,Synthetic,Hash,17,16,0,Hash Join,1
102,Synthetic,Seq Scan,18,16,0,Hash,0
102,Synthetic,Index Scan,14,0,876,Nested Loop,0
102,Synthetic,Index Scan,11,0,875,Nested Loop,0
102,Synthetic,Memoize,8,1,887,Nested Loop,1
102,Synthetic,Index Scan,9,0,877,Memoize,0
102,Synthetic,Parallel Hash,7,16,0,Parallel Hash Semi Join,1
102,Synthetic,Parallel Seq Scan,8,0,885,Parallel Hash,0
102,Synthetic,Hash Join,4,16,0,Nested Loop,2
102,Synthetic,Hash Join,5,16,0,Hash Join,2
102,Synthetic,Seq Scan,6,16,0,Hash Join,0
102,Synthetic,Hash,6,1,888,Hash Join,1
102,Synthetic,Seq Scan,7,0,884,Hash,0
102,Synthetic,Hash,5,16,0,Hash Join,1
102,Synthetic,Hash Join,6,16,0,Hash,2
102,Synthetic,Seq Scan,7,0,878,Hash Join,0
102,Synthetic,Hash,7,1,889,Hash Join,1
102,Synthetic,Seq Scan,8,0,879,Hash,0
102,Synthetic,Index Scan,3,0,874,Nested Loop,0
103,Original,Aggregate,0,0,900,,1
103,Original,Nested Loop,1,16,0,Aggregate,2
103,Original,Nested Loop,2,16,0,Nested Loop,2
103,Original,Nested Loop,3,16,0,Nested Loop,2
103,Original,Gather,4,16,0,Nested Loop,1
103,Original,Nested Loop,5,16,0,Gather,2
103,Original,Parallel Hash Join,6,16,0,Nested Loop,2
103,Original,Parallel Seq Scan,7,0,899,Parallel Hash Join,0
103,Original,Parallel Hash,7,16,0,Parallel Hash Join,1
103,Original,Nested Loop,8,16,0,Parallel Hash,2
103,Original,Parallel Hash Join,9,16,0,Nested Loop,2
103,Original,Parallel Seq Scan,10,0,898,Parallel Hash Join,0
103,Original,Parallel Hash,10,16,0,Parallel Hash Join,1
103,Original,Parallel Hash Join,11,16,0,Parallel Hash,2
103,Original,Parallel Seq Scan,12,0,897,Parallel Hash Join,0
103,Original,Parallel Hash,12,16,0,Parallel Hash Join,1
103,Original,Hash Join,13,16,0,Parallel Hash,2
103,Original,Parallel Seq Scan,14,0,896,Hash Join,0
103,Original,Hash,14,16,0,Hash Join,1
103,Original,Nested Loop,15,16,0,Hash,2
103,Original,Hash Join,16,16,0,Nested Loop,2
103,Original,Seq Scan,17,0,894,Hash Join,0
103,Original,Hash,17,1,901,Hash Join,1
103,Original,Seq Scan,18,0,895,Hash,0
103,Original,Memoize,16,16,0,Nested Loop,1
103,Original,Index Scan,17,16,0,Memoize,0
103,Original,Memoize,9,16,0,Nested Loop,1
103,Original,Index Scan,10,16,0,Memoize,0
103,Original,Index Scan,6,0,893,Nested Loop,0
103,Original,Index Scan,4,0,892,Nested Loop,0
103,Original,Index Scan,3,0,891,Nested Loop,0
103,Original,Index Scan,2,0,890,Nested Loop,0
103,Synthetic,Sort,0,0,900,,1
103,Synthetic,GroupAggregate,1,16,0,Sort,1
103,Synthetic,Nested Loop Semi Join,2,16,0,GroupAggregate,2
103,Synthetic,Nested Loop,3,16,0,Nested Loop Semi Join,2
103,Synthetic,Gather Merge,4,16,0,Nested Loop,1
103,Synthetic,Sort,5,16,0,Gather Merge,1
103,Synthetic,Merge Join,6,16,0,Sort,2
103,Synthetic,Sort,7,16,0,Merge Join,1
103,Synthetic,Nested Loop,8,16,0,Sort,2
103,Synthetic,Parallel Hash Join,9,16,0,Nested Loop,2
103,Synthetic,Parallel Seq Scan,10,0,899,Parallel Hash Join,0
103,Synthetic,Parallel Hash,10,16,0,Parallel Hash Join,1
103,Synthetic,Nested Loop,11,16,0,Parallel Hash,2
103,Synthetic,Parallel Hash Join,12,16,0,Nested Loop,2
103,Synthetic,Parallel Seq Scan,13,0,898,Parallel Hash Join,0
103,Synthetic,Parallel Hash,13,16,0,Parallel Hash Join,1
103,Synthetic,Nested Loop,14,16,0,Parallel Hash,2
103,Synthetic,Parallel Hash Join,15,16,0,Nested Loop,2
103,Synthetic,Hash Join,16,16,0,Parallel Hash Join,2
103,Synthetic,Parallel Seq Scan,17,0,897,Hash Join,0
103,Synthetic,Hash,17,16,0,Hash Join,1
103,Synthetic,Seq Scan,18,16,0,Hash,0
103,Synthetic,Parallel Hash,16,16,0,Parallel Hash Join,1
103,Synthetic,Hash Join,17,16,0,Parallel Hash,2
103,Synthetic,Parallel Seq Scan,18,0,896,Hash Join,0
103,Synthetic,Hash,18,16,0,Hash Join,1
103,Synthetic,Seq Scan,19,16,0,Hash,0
103,Synthetic,Index Scan,15,0,892,Nested Loop,0
103,Synthetic,Index Scan,12,0,891,Nested Loop,0
103,Synthetic,Memoize,9,16,0,Nested Loop,1
103,Synthetic,Index Scan,10,0,893,Memoize,0
103,Synthetic,Sort,7,16,0,Merge Join,1
103,Synthetic,Hash Join,8,16,0,Sort,2
103,Synthetic,Hash Join,9,16,0,Hash Join,2
103,Synthetic,Seq Scan,10,16,0,Hash Join,0
103,Synthetic,Hash,10,16,0,Hash Join,1
103,Synthetic,Seq Scan,11,16,0,Hash,0
103,Synthetic,Hash,9,16,0,Hash Join,1
103,Synthetic,Hash Join,10,16,0,Hash,2
103,Synthetic,Seq Scan,11,0,894,Hash Join,0
103,Synthetic,Hash,11,1,901,Hash Join,1
103,Synthetic,Seq Scan,12,0,895,Hash,0
103,Synthetic,Index Scan,4,0,890,Nested Loop,0
103,Synthetic,Gather,3,16,0,Nested Loop Semi Join,1
103,Synthetic,Parallel Seq Scan,4,16,0,Gather,0
104,Original,Aggregate,0,0,913,,1
104,Original,Nested Loop,1,16,0,Aggregate,2
104,Original,Nested Loop,2,16,0,Nested Loop,2
104,Original,Gather,3,16,0,Nested Loop,1
104,Original,Parallel Hash Join,4,16,0,Gather,2
104,Original,Parallel Seq Scan,5,0,911,Parallel Hash Join,0
104,Original,Parallel Hash,5,16,0,Parallel Hash Join,1
104,Original,Nested Loop,6,16,0,Parallel Hash,2
104,Original,Parallel Hash Join,7,16,0,Nested Loop,2
104,Original,Parallel Seq Scan,8,0,910,Parallel Hash Join,0
104,Original,Parallel Hash,8,16,0,Parallel Hash Join,1
104,Original,Nested Loop,9,16,0,Parallel Hash,2
104,Original,Parallel Hash Join,10,16,0,Nested Loop,2
104,Original,Parallel Seq Scan,11,0,909,Parallel Hash Join,0
104,Original,Parallel Hash,11,16,0,Parallel Hash Join,1
104,Original,Nested Loop,12,16,0,Parallel Hash,2
104,Original,Hash Join,13,16,0,Nested Loop,2
104,Original,Hash Join,14,16,0,Hash Join,2
104,Original,Parallel Seq Scan,15,0,908,Hash Join,0
104,Original,Hash,15,16,0,Hash Join,1
104,Original,Hash Join,16,16,0,Hash,2
104,Original,Seq Scan,17,0,905,Hash Join,0
104,Original,Hash,17,1,915,Hash Join,1
104,Original,Seq Scan,18,0,907,Hash,0
104,Original,Hash,14,1,914,Hash Join,1
104,Original,Seq Scan,15,0,906,Hash,0
104,Original,Memoize,13,16,0,Nested Loop,1
104,Original,Index Scan,14,16,0,Memoize,0
104,Original,Index Scan,10,0,912,Nested Loop,0
104,Original,Index Scan,7,0,904,Nested Loop,0
104,Original,Index Scan,3,0,903,Nested Loop,0
104,Original,Index Scan,2,0,902,Nested Loop,0
104,Synthetic,Sort,0,0,913,,1
104,Synthetic,GroupAggregate,1,16,0,Sort,1
104,Synthetic,Nested Loop Semi Join,2,16,0,GroupAggregate,2
104,Synthetic,Nested Loop,3,16,0,Nested Loop Semi Join,2
104,Synthetic,Gather Merge,4,16,0,Nested Loop,1
104,Synthetic,Sort,5,16,0,Gather Merge,1
104,Synthetic,Merge Join,6,16,0,Sort,2
104,Synthetic,Sort,7,16,0,Merge Join,1
104,Synthetic,Nested Loop,8,16,0,Sort,2
104,Synthetic,Parallel Hash Join,9,16,0,Nested Loop,2
104,Synthetic,Parallel Seq Scan,10,0,911,Parallel Hash Join,0
104,Synthetic,Parallel Hash,10,16,0,Parallel Hash Join,1
104,Synthetic,Nested Loop,11,16,0,Parallel Hash,2
104,Synthetic,Parallel Hash Join,12,16,0,Nested Loop,2
104,Synthetic,Parallel Seq Scan,13,0,910,Parallel Hash Join,0
104,Synthetic,Parallel Hash,13,16,0,Parallel Hash Join,1
104,Synthetic,Nested Loop,14,16,0,Parallel Hash,2
104,Synthetic,Parallel Hash Join,15,16,0,Nested Loop,2
104,Synthetic,Hash Join,16,16,0,Parallel Hash Join,2
104,Synthetic,Parallel Seq Scan,17,0,909,Hash Join,0
104,Synthetic,Hash,17,16,0,Hash Join,1
104,Synthetic,Seq Scan,18,16,0,Hash,0
104,Synthetic,Parallel Hash,16,16,0,Parallel Hash Join,1
104,Synthetic,Hash Join,17,16,0,Parallel Hash,2
104,Synthetic,Parallel Seq Scan,18,0,908,Hash Join,0
104,Synthetic,Hash,18,16,0,Hash Join,1
104,Synthetic,Seq Scan,19,16,0,Hash,0
104,Synthetic,Index Scan,15,0,904,Nested Loop,0
104,Synthetic,Index Scan,12,0,903,Nested Loop,0
104,Synthetic,Memoize,9,16,0,Nested Loop,1
104,Synthetic,Index Scan,10,0,912,Memoize,0
104,Synthetic,Sort,7,16,0,Merge Join,1
104,Synthetic,Hash Join,8,16,0,Sort,2
104,Synthetic,Hash Join,9,16,0,Hash Join,2
104,Synthetic,Seq Scan,10,16,0,Hash Join,0
104,Synthetic,Hash,10,1,915,Hash Join,1
104,Synthetic,Seq Scan,11,0,907,Hash,0
104,Synthetic,Hash,9,16,0,Hash Join,1
104,Synthetic,Hash Join,10,16,0,Hash,2
104,Synthetic,Seq Scan,11,0,905,Hash Join,0
104,Synthetic,Hash,11,1,914,Hash Join,1
104,Synthetic,Seq Scan,12,0,906,Hash,0
104,Synthetic,Index Scan,4,0,902,Nested Loop,0
104,Synthetic,Gather,3,16,0,Nested Loop Semi Join,1
104,Synthetic,Parallel Seq Scan,4,16,0,Gather,0
105,Original,Aggregate,0,0,926,,1
105,Original,Nested Loop,1,16,0,Aggregate,2
105,Original,Gather,2,16,0,Nested Loop,1
105,Original,Parallel Hash Join,3,16,0,Gather,2
105,Original,Parallel Seq Scan,4,16,0,Parallel Hash Join,0
105,Original,Parallel Hash,4,16,0,Parallel Hash Join,1
105,Original,Nested Loop,5,16,0,Parallel Hash,2
105,Original,Parallel Hash Join,6,16,0,Nested Loop,2
105,Original,Parallel Seq Scan,7,0,924,Parallel Hash Join,0
105,Original,Parallel Hash,7,16,0,Parallel Hash Join,1
105,Original,Nested Loop,8,16,0,Parallel Hash,2
105,Original,Nested Loop,9,16,0,Nested Loop,2
105,Original,Parallel Hash Join,10,16,0,Nested Loop,2
105,Original,Parallel Seq Scan,11,0,923,Parallel Hash Join,0
105,Original,Parallel Hash,11,16,0,Parallel Hash Join,1
105,Original,Nested Loop,12,16,0,Parallel Hash,2
105,Original,Hash Join,13,16,0,Nested Loop,2
105,Original,Hash Join,14,16,0,Hash Join,2
105,Original,Parallel Seq Scan,15,0,922,Hash Join,0
105,Original,Hash,15,16,0,Hash Join,1
105,Original,Hash Join,16,16,0,Hash,2
105,Original,Seq Scan,17,0,919,Hash Join,0
105,Original,Hash,17,1,927,Hash Join,1
105,Original,Seq Scan,18,0,921,Hash,0
105,Original,Hash,14,1,928,Hash Join,1
105,Original,Seq Scan,15,0,920,Hash,0
105,Original,Index Scan,13,16,0,Nested Loop,0
105,Original,Memoize,10,16,0,Nested Loop,1
105,Original,Index Scan,11,0,925,Memoize,0
105,Original,Index Scan,9,0,918,Nested Loop,0
105,Original,Index Scan,6,0,917,Nested Loop,0
105,Original,Index Scan,2,0,916,Nested Loop,0
105,Synthetic,Sort,0,0,926,,1
105,Synthetic,GroupAggregate,1,16,0,Sort,1
105,Synthetic,Sort,2,16,0,GroupAggregate,1
105,Synthetic,Nested Loop,3,16,0,Sort,2
105,Synthetic,Nested Loop,4,16,0,Nested Loop,2
105,Synthetic,Nested Loop,5,16,0,Nested Loop,2
105,Synthetic,Hash Join,6,16,0,Nested Loop,2
105,Synthetic,Seq Scan,7,16,0,Hash Join,0
105,Synthetic,Hash,7,16,0,Hash Join,1
105,Synthetic,Nested Loop,8,16,0,Hash,2
105,Synthetic,Nested Loop,9,16,0,Nested Loop,2
105,Synthetic,Gather,10,16,0,Nested Loop,1
105,Synthetic,Parallel Hash Join,11,16,0,Gather,2
105,Synthetic,Parallel Seq Scan,12,0,924,Parallel Hash Join,0
105,Synthetic,Parallel Hash,12,16,0,Parallel Hash Join,1
105,Synthetic,Nested Loop,13,16,0,Parallel Hash,2
105,Synthetic,Parallel Hash Join,14,16,0,Nested Loop,2
105,Synthetic,Hash Join,15,16,0,Parallel Hash Join,2
105,Synthetic,Parallel Seq Scan,16,0,923,Hash Join,0
105,Synthetic,Hash,16,1,927,Hash Join,1
105,Synthetic,Seq Scan,17,0,921,Hash,0
105,Synthetic,Parallel Hash,15,16,0,Parallel Hash Join,1
105,Synthetic,Hash Join,16,16,0,Parallel Hash,2
105,Synthetic,Parallel Seq Scan,17,0,922,Hash Join,0
105,Synthetic,Hash,17,1,928,Hash Join,1
105,Synthetic,Seq Scan,18,0,920,Hash,0
105,Synthetic,Index Scan,14,0,925,Nested Loop,0
105,Synthetic,Index Scan,10,0,918,Nested Loop,0
105,Synthetic,Seq Scan,9,0,919,Nested Loop,0
105,Synthetic,Index Scan,6,0,917,Nested Loop,0
105,Synthetic,Index Only Scan,5,16,0,Nested Loop,0
105,Synthetic,Index Scan,4,0,916,Nested Loop,0
106,Original,Aggregate,0,0,938,,1
106,Original,Gather,1,16,0,Aggregate,1
106,Original,Nested Loop,2,16,0,Gather,2
106,Original,Parallel Hash Join,3,16,0,Nested Loop,2
106,Original,Parallel Seq Scan,4,16,0,Parallel Hash Join,0
106,Original,Parallel Hash,4,16,0,Parallel Hash Join,1
106,Original,Nested Loop,5,16,0,Parallel Hash,2
106,Original,Nested Loop,6,16,0,Nested Loop,2
106,Original,Parallel Hash Join,7,16,0,Nested Loop,2
106,Original,Parallel Seq Scan,8,16,0,Parallel Hash Join,0
106,Original,Parallel Hash,8,16,0,Parallel Hash Join,1
106,Original,Nested Loop,9,16,0,Parallel Hash,2
106,Original,Parallel Hash Join,10,16,0,Nested Loop,2
106,Original,Parallel Seq Scan,11,0,936,Parallel Hash Join,0
106,Original,Parallel Hash,11,16,0,Parallel Hash Join,1
106,Original,Parallel Hash Join,12,16,0,Parallel Hash,2
106,Original,Hash Join,13,16,0,Parallel Hash Join,2
106,Original,Parallel Seq Scan,14,0,935,Hash Join,0
106,Original,Hash,14,1,939,Hash Join,1
106,Original,Seq Scan,15,0,933,Hash,0
106,Original,Parallel Hash,13,16,0,Parallel Hash Join,1
106,Original,Hash Join,14,16,0,Parallel Hash,2
106,Original,Parallel Seq Scan,15,0,934,Hash Join,0
106,Original,Hash,15,16,0,Hash Join,1
106,Original,Seq Scan,16,0,932,Hash,0
106,Original,Index Scan,10,0,937,Nested Loop,0
106,Original,Index Scan,7,0,930,Nested Loop,0
106,Original,Index Scan,6,0,929,Nested Loop,0
106,Original,Memoize,3,16,0,Nested Loop,1
106,Original,Index Scan,4,0,931,Memoize,0
106,Synthetic,Sort,0,0,938,,1
106,Synthetic,GroupAggregate,1,16,0,Sort,1
106,Synthetic,Sort,2,16,0,GroupAggregate,1
106,Synthetic,Nested Loop,3,16,0,Sort,2
106,Synthetic,Nested Loop,4,16,0,Nested Loop,2
106,Synthetic,Nested Loop,5,16,0,Nested Loop,2
106,Synthetic,Hash Join,6,16,0,Nested Loop,2
106,Synthetic,Seq Scan,7,16,0,Hash Join,0
106,Synthetic,Hash,7,16,0,Hash Join,1
106,Synthetic,Nested Loop,8,16,0,Hash,2
106,Synthetic,Nested Loop,9,16,0,Nested Loop,2
106,Synthetic,Gather,10,16,0,Nested Loop,1
106,Synthetic,Parallel Hash Join,11,16,0,Gather,2
106,Synthetic,Parallel Seq Scan,12,0,936,Parallel Hash Join,0
106,Synthetic,Parallel Hash,12,16,0,Parallel Hash Join,1
106,Synthetic,Nested Loop,13,16,0,Parallel Hash,2
106,Synthetic,Parallel Hash Join,14,16,0,Nested Loop,2
106,Synthetic,Hash Join,15,16,0,Parallel Hash Join,2
106,Synthetic,Parallel Seq Scan,16,0,935,Hash Join,0
106,Synthetic,Hash,16,16,0,Hash Join,1
106,Synthetic,Seq Scan,17,16,0,Hash,0
106,Synthetic,Parallel Hash,15,16,0,Parallel Hash Join,1
106,Synthetic,Hash Join,16,16,0,Parallel Hash,2
106,Synthetic,Parallel Seq Scan,17,0,934,Hash Join,0
106,Synthetic,Hash,17,1,939,Hash Join,1
106,Synthetic,Seq Scan,18,0,933,Hash,0
106,Synthetic,Index Scan,14,0,937,Nested Loop,0
106,Synthetic,Index Scan,10,0,931,Nested Loop,0
106,Synthetic,Seq Scan,9,0,932,Nested Loop,0
106,Synthetic,Index Scan,6,0,930,Nested Loop,0
106,Synthetic,Index Only Scan,5,16,0,Nested Loop,0
106,Synthetic,Index Scan,4,0,929,Nested Loop,0
107,Original,Finalize Aggregate,0,0,949,,1
107,Original,Gather,1,16,0,Finalize Aggregate,1
107,Original,Partial Aggregate,2,16,0,Gather,1
107,Original,Nested Loop,3,16,0,Partial Aggregate,2
107,Original,Nested Loop,4,16,0,Nested Loop,2
107,Original,Parallel Hash Join,5,16,0,Nested Loop,2
107,Original,Parallel Seq Scan,6,16,0,Parallel Hash Join,0
107,Original,Parallel Hash,6,16,0,Parallel Hash Join,1
107,Original,Nested Loop,7,16,0,Parallel Hash,2
107,Original,Nested Loop,8,16,0,Nested Loop,2
107,Original,Parallel Hash Join,9,16,0,Nested Loop,2
107,Original,Parallel Seq Scan,10,0,945,Parallel Hash Join,0
107,Original,Parallel Hash,10,16,0,Parallel Hash Join,1
107,Original,Parallel Hash Join,11,16,0,Parallel Hash,2
107,Original,Hash Join,12,16,0,Parallel Hash Join,2
107,Original,Parallel Seq Scan,13,0,944,Hash Join,0
107,Original,Hash,13,1,950,Hash Join,1
107,Original,Seq Scan,14,0,947,Hash,0
107,Original,Parallel Hash,12,16,0,Parallel Hash Join,1
107,Original,Parallel Hash Join,13,16,0,Parallel Hash,2
107,Original,Hash Join,14,16,0,Parallel Hash Join,2
107,Original,Parallel Seq Scan,15,0,943,Hash Join,0
107,Original,Hash,15,16,0,Hash Join,1
107,Original,Seq Scan,16,0,946,Hash,0
107,Original,Parallel Hash,14,16,0,Parallel Hash Join,1
107,Original,Parallel Seq Scan,15,16,0,Parallel Hash,0
107,Original,Index Scan,9,0,948,Nested Loop,0
107,Original,Index Scan,8,0,942,Nested Loop,0
107,Original,Index Scan,5,0,941,Nested Loop,0
107,Original,Index Scan,4,0,940,Nested Loop,0
107,Synthetic,Sort,0,0,949,,1
107,Synthetic,GroupAggregate,1,16,0,Sort,1
107,Synthetic,Sort,2,16,0,GroupAggregate,1
107,Synthetic,Nested Loop,3,16,0,Sort,2
107,Synthetic,Nested Loop,4,16,0,Nested Loop,2
107,Synthetic,Nested Loop,5,16,0,Nested Loop,2
107,Synthetic,Hash Join,6,16,0,Nested Loop,2
107,Synthetic,Seq Scan,7,16,0,Hash Join,0
107,Synthetic,Hash,7,16,0,Hash Join,1
107,Synthetic,Nested Loop,8,16,0,Hash,2
107,Synthetic,Nested Loop,9,16,0,Nested Loop,2
107,Synthetic,Gather,10,16,0,Nested Loop,1
107,Synthetic,Parallel Hash Join,11,16,0,Gather,2
107,Synthetic,Parallel Seq Scan,12,0,945,Parallel Hash Join,0
107,Synthetic,Parallel Hash,12,16,0,Parallel Hash Join,1
107,Synthetic,Nested Loop,13,16,0,Parallel Hash,2
107,Synthetic,Parallel Hash Join,14,16,0,Nested Loop,2
107,Synthetic,Hash Join,15,16,0,Parallel Hash Join,2
107,Synthetic,Parallel Seq Scan,16,0,944,Hash Join,0
107,Synthetic,Hash,16,16,0,Hash Join,1
107,Synthetic,Seq Scan,17,16,0,Hash,0
107,Synthetic,Parallel Hash,15,16,0,Parallel Hash Join,1
107,Synthetic,Hash Join,16,16,0,Parallel Hash,2
107,Synthetic,Parallel Seq Scan,17,0,943,Hash Join,0
107,Synthetic,Hash,17,1,950,Hash Join,1
107,Synthetic,Seq Scan,18,0,947,Hash,0
107,Synthetic,Index Scan,14,0,948,Nested Loop,0
107,Synthetic,Index Scan,10,0,942,Nested Loop,0
107,Synthetic,Seq Scan,9,0,946,Nested Loop,0
107,Synthetic,Index Scan,6,0,941,Nested Loop,0
107,Synthetic,Index Only Scan,5,16,0,Nested Loop,0
107,Synthetic,Index Scan,4,0,940,Nested Loop,0
108,Original,Aggregate,0,0,959,,1
108,Original,Gather,1,16,0,Aggregate,1
108,Original,Nested Loop,2,16,0,Gather,2
108,Original,Nested Loop,3,16,0,Nested Loop,2
108,Original,Parallel Hash Join,4,16,0,Nested Loop,2
108,Original,Parallel Seq Scan,5,16,0,Parallel Hash Join,0
108,Original,Parallel Hash,5,16,0,Parallel Hash Join,1
108,Original,Nested Loop,6,16,0,Parallel Hash,2
108,Original,Nested Loop,7,16,0,Nested Loop,2
108,Original,Parallel Hash Join,8,16,0,Nested Loop,2
108,Original,Parallel Seq Scan,9,16,0,Parallel Hash Join,0
108,Original,Parallel Hash,9,16,0,Parallel Hash Join,1
108,Original,Parallel Hash Join,10,16,0,Parallel Hash,2
108,Original,Parallel Seq Scan,11,0,958,Parallel Hash Join,0
108,Original,Parallel Hash,11,16,0,Parallel Hash Join,1
108,Original,Parallel Hash Join,12,16,0,Parallel Hash,2
108,Original,Hash Join,13,16,0,Parallel Hash Join,2
108,Original,Parallel Seq Scan,14,0,957,Hash Join,0
108,Original,Hash,14,1,961,Hash Join,1
108,Original,Seq Scan,15,0,955,Hash,0
108,Original,Parallel Hash,13,16,0,Parallel Hash Join,1
108,Original,Hash Join,14,16,0,Parallel Hash,2
108,Original,Parallel Seq Scan,15,0,956,Hash Join,0
108,Original,Hash,15,1,960,Hash Join,1
108,Original,Seq Scan,16,0,954,Hash,0
108,Original,Index Scan,8,16,0,Nested Loop,0
108,Original,Index Scan,7,0,952,Nested Loop,0
108,Original,Memoize,4,16,0,Nested Loop,1
108,Original,Index Scan,5,0,953,Memoize,0
108,Original,Index Scan,3,0,951,Nested Loop,0
108,Synthetic,Sort,0,0,959,,1
108,Synthetic,GroupAggregate,1,16,0,Sort,1
108,Synthetic,Sort,2,16,0,GroupAggregate,1
108,Synthetic,Nested Loop,3,16,0,Sort,2
108,Synthetic,Nested Loop,4,16,0,Nested Loop,2
108,Synthetic,Hash Join,5,16,0,Nested Loop,2
108,Synthetic,Nested Loop,6,16,0,Hash Join,2
108,Synthetic,Hash Join,7,16,0,Nested Loop,2
108,Synthetic,Gather,8,16,0,Hash Join,1
108,Synthetic,Parallel Hash Join,9,16,0,Gather,2
108,Synthetic,Parallel Seq Scan,10,0,958,Parallel Hash Join,0
108,Synthetic,Parallel Hash,10,16,0,Parallel Hash Join,1
108,Synthetic,Nested Loop,11,16,0,Parallel Hash,2
108,Synthetic,Parallel Hash Join,12,16,0,Nested Loop,2
108,Synthetic,Hash Join,13,16,0,Parallel Hash Join,2
108,Synthetic,Parallel Seq Scan,14,0,957,Hash Join,0
108,Synthetic,Hash,14,16,0,Hash Join,1
108,Synthetic,Seq Scan,15,16,0,Hash,0
108,Synthetic,Parallel Hash,13,16,0,Parallel Hash Join,1
108,Synthetic,Hash Join,14,16,0,Parallel Hash,2
108,Synthetic,Parallel Seq Scan,15,0,956,Hash Join,0
108,Synthetic,Hash,15,16,0,Hash Join,1
108,Synthetic,Seq Scan,16,16,0,Hash,0
108,Synthetic,Index Scan,12,0,953,Nested Loop,0
108,Synthetic,Hash,8,1,961,Hash Join,1
108,Synthetic,Seq Scan,9,0,955,Hash,0
108,Synthetic,Index Scan,7,0,952,Nested Loop,0
108,Synthetic,Hash,6,1,960,Hash Join,1
108,Synthetic,Seq Scan,7,0,954,Hash,0
108,Synthetic,Index Scan,5,0,951,Nested Loop,0
108,Synthetic,Index Only Scan,4,16,0,Nested Loop,0
109,Original,Finalize Aggregate,0,0,968,,1
109,Original,Gather,1,16,0,Finalize Aggregate,1
109,Original,Partial Aggregate,2,16,0,Gather,1
109,Original,Nested Loop,3,16,0,Partial Aggregate,2
109,Original,Nested Loop,4,16,0,Nested Loop,2
109,Original,Nested Loop,5,16,0,Nested Loop,2
109,Original,Hash Join,6,16,0,Nested Loop,2
109,Original,Hash Join,7,16,0,Hash Join,2
109,Original,Parallel Seq Scan,8,0,966,Hash Join,0
109,Original,Hash,8,1,970,Hash Join,1
109,Original,Seq Scan,9,0,965,Hash,0
109,Original,Hash,7,1,969,Hash Join,1
109,Original,Seq Scan,8,0,964,Hash,0
109,Original,Index Scan,6,0,967,Nested Loop,0
109,Original,Index Scan,5,0,963,Nested Loop,0
109,Original,Index Scan,4,0,962,Nested Loop,0
109,Synthetic,Sort,0,0,968,,1
109,Synthetic,GroupAggregate,1,16,0,Sort,1
109,Synthetic,Sort,2,16,0,GroupAggregate,1
109,Synthetic,Nested Loop,3,16,0,Sort,2
109,Synthetic,Nested Loop,4,16,0,Nested Loop,2
109,Synthetic,Hash Join,5,16,0,Nested Loop,2
109,Synthetic,Nested Loop,6,16,0,Hash Join,2
109,Synthetic,Hash Join,7,16,0,Nested Loop,2
109,Synthetic,Gather,8,16,0,Hash Join,1
109,Synthetic,Parallel Hash Join,9,16,0,Gather,2
109,Synthetic,Parallel Seq Scan,10,16,0,Parallel Hash Join,0
109,Synthetic,Parallel Hash,10,16,0,Parallel Hash Join,1
109,Synthetic,Nested Loop,11,16,0,Parallel Hash,2
109,Synthetic,Parallel Hash Join,12,16,0,Nested Loop,2
109,Synthetic,Hash Join,13,16,0,Parallel Hash Join,2
109,Synthetic,Parallel Seq Scan,14,16,0,Hash Join,0
109,Synthetic,Hash,14,16,0,Hash Join,1
109,Synthetic,Seq Scan,15,16,0,Hash,0
109,Synthetic,Parallel Hash,13,16,0,Parallel Hash Join,1
109,Synthetic,Hash Join,14,16,0,Parallel Hash,2
109,Synthetic,Parallel Seq Scan,15,0,966,Hash Join,0
109,Synthetic,Hash,15,16,0,Hash Join,1
109,Synthetic,Seq Scan,16,16,0,Hash,0
109,Synthetic,Index Scan,12,0,967,Nested Loop,0
109,Synthetic,Hash,8,1,970,Hash Join,1
109,Synthetic,Seq Scan,9,0,965,Hash,0
109,Synthetic,Index Scan,7,0,963,Nested Loop,0
109,Synthetic,Hash,6,1,969,Hash Join,1
109,Synthetic,Seq Scan,7,0,964,Hash,0
109,Synthetic,Index Scan,5,0,962,Nested Loop,0
109,Synthetic,Index Only Scan,4,16,0,Nested Loop,0
110,Original,Finalize Aggregate,0,0,977,,1
110,Original,Gather,1,16,0,Finalize Aggregate,1
110,Original,Partial Aggregate,2,16,0,Gather,1
110,Original,Nested Loop,3,16,0,Partial Aggregate,2
110,Original,Nested Loop,4,16,0,Nested Loop,2
110,Original,Nested Loop,5,16,0,Nested Loop,2
110,Original,Hash Join,6,16,0,Nested Loop,2
110,Original,Hash Join,7,16,0,Hash Join,2
110,Original,Parallel Seq Scan,8,0,975,Hash Join,0
110,Original,Hash,8,1,979,Hash Join,1
110,Original,Seq Scan,9,0,974,Hash,0
110,Original,Hash,7,1,978,Hash Join,1
110,Original,Seq Scan,8,0,973,Hash,0
110,Original,Index Scan,6,0,976,Nested Loop,0
110,Original,Index Scan,5,0,972,Nested Loop,0
110,Original,Index Scan,4,0,971,Nested Loop,0
110,Synthetic,Sort,0,0,977,,1
110,Synthetic,GroupAggregate,1,16,0,Sort,1
110,Synthetic,Sort,2,16,0,GroupAggregate,1
110,Synthetic,Nested Loop,3,16,0,Sort,2
110,Synthetic,Nested Loop,4,16,0,Nested Loop,2
110,Synthetic,Hash Join,5,16,0,Nested Loop,2
110,Synthetic,Nested Loop,6,16,0,Hash Join,2
110,Synthetic,Hash Join,7,16,0,Nested Loop,2
110,Synthetic,Gather,8,16,0,Hash Join,1
110,Synthetic,Parallel Hash Join,9,16,0,Gather,2
110,Synthetic,Parallel Seq Scan,10,16,0,Parallel Hash Join,0
110,Synthetic,Parallel Hash,10,16,0,Parallel Hash Join,1
110,Synthetic,Nested Loop,11,16,0,Parallel Hash,2
110,Synthetic,Parallel Hash Join,12,16,0,Nested Loop,2
110,Synthetic,Hash Join,13,16,0,Parallel Hash Join,2
110,Synthetic,Parallel Seq Scan,14,16,0,Hash Join,0
110,Synthetic,Hash,14,16,0,Hash Join,1
110,Synthetic,Seq Scan,15,16,0,Hash,0
110,Synthetic,Parallel Hash,13,16,0,Parallel Hash Join,1
110,Synthetic,Hash Join,14,16,0,Parallel Hash,2
110,Synthetic,Parallel Seq Scan,15,0,975,Hash Join,0
110,Synthetic,Hash,15,16,0,Hash Join,1
110,Synthetic,Seq Scan,16,16,0,Hash,0
110,Synthetic,Index Scan,12,0,976,Nested Loop,0
110,Synthetic,Hash,8,1,979,Hash Join,1
110,Synthetic,Seq Scan,9,0,974,Hash,0
110,Synthetic,Index Scan,7,0,972,Nested Loop,0
110,Synthetic,Hash,6,1,978,Hash Join,1
110,Synthetic,Seq Scan,7,0,973,Hash,0
110,Synthetic,Index Scan,5,0,971,Nested Loop,0
110,Synthetic,Index Only Scan,4,16,0,Nested Loop,0
111,Original,Aggregate,0,0,988,,1
111,Original,Nested Loop,1,16,0,Aggregate,2
111,Original,Nested Loop,2,16,0,Nested Loop,2
111,Original,Gather,3,16,0,Nested Loop,1
111,Original,Parallel Hash Join,4,16,0,Gather,2
111,Original,Parallel Seq Scan,5,16,0,Parallel Hash Join,0
111,Original,Parallel Hash,5,16,0,Parallel Hash Join,1
111,Original,Nested Loop,6,16,0,Parallel Hash,2
111,Original,Parallel Hash Join,7,16,0,Nested Loop,2
111,Original,Parallel Seq Scan,8,0,987,Parallel Hash Join,0
111,Original,Parallel Hash,8,16,0,Parallel Hash Join,1
111,Original,Nested Loop,9,16,0,Parallel Hash,2
111,Original,Nested Loop,10,16,0,Nested Loop,2
111,Original,Nested Loop,11,16,0,Nested Loop,2
111,Original,Parallel Hash Join,12,16,0,Nested Loop,2
111,Original,Parallel Seq Scan,13,0,986,Parallel Hash Join,0
111,Original,Parallel Hash,13,16,0,Parallel Hash Join,1
111,Original,Nested Loop,14,16,0,Parallel Hash,2
111,Original,Hash Join,15,16,0,Nested Loop,2
111,Original,Hash Join,16,16,0,Hash Join,2
111,Original,Parallel Seq Scan,17,0,985,Hash Join,0
111,Original,Hash,17,16,0,Hash Join,1
111,Original,Hash Join,18,16,0,Hash,2
111,Original,Seq Scan,19,0,982,Hash Join,0
111,Original,Hash,19,1,989,Hash Join,1
111,Original,Seq Scan,20,0,984,Hash,0
111,Original,Hash,16,1,990,Hash Join,1
111,Original,Seq Scan,17,0,983,Hash,0
111,Original,Index Scan,15,16,0,Nested Loop,0
111,Original,Index Scan,12,16,0,Nested Loop,0
111,Original,Index Scan,11,16,0,Nested Loop,0
111,Original,Index Scan,10,16,0,Nested Loop,0
111,Original,Index Scan,7,16,0,Nested Loop,0
111,Original,Index Scan,3,0,981,Nested Loop,0
111,Original,Index Scan,2,0,980,Nested Loop,0
111,Synthetic,Sort,0,0,988,,1
111,Synthetic,GroupAggregate,1,16,0,Sort,1
111,Synthetic,Sort,2,16,0,GroupAggregate,1
111,Synthetic,Gather,3,16,0,Sort,1
111,Synthetic,Parallel Hash Join,4,16,0,Gather,2
111,Synthetic,Parallel Seq Scan,5,0,987,Parallel Hash Join,0
111,Synthetic,Parallel Hash,5,16,0,Parallel Hash Join,1
111,Synthetic,Nested Loop,6,16,0,Parallel Hash,2
111,Synthetic,Parallel Hash Join,7,16,0,Nested Loop,2
111,Synthetic,Parallel Seq Scan,8,0,986,Parallel Hash Join,0
111,Synthetic,Parallel Hash,8,16,0,Parallel Hash Join,1
111,Synthetic,Nested Loop,9,16,0,Parallel Hash,2
111,Synthetic,Hash Join,10,16,0,Nested Loop,2
111,Synthetic,Hash Join,11,16,0,Hash Join,2
111,Synthetic,Parallel Seq Scan,12,0,985,Hash Join,0
111,Synthetic,Hash,12,1,989,Hash Join,1
111,Synthetic,Seq Scan,13,0,984,Hash,0
111,Synthetic,Hash,11,16,0,Hash Join,1
111,Synthetic,Hash Join,12,16,0,Hash,2
111,Synthetic,Seq Scan,13,0,982,Hash Join,0
111,Synthetic,Hash,13,1,990,Hash Join,1
111,Synthetic,Seq Scan,14,0,983,Hash,0
111,Synthetic,Index Scan,10,0,981,Nested Loop,0
111,Synthetic,Index Scan,7,0,980,Nested Loop,0
112,Original,Aggregate,0,0,999,,1
112,Original,Nested Loop,1,16,0,Aggregate,2
112,Original,Gather,2,16,0,Nested Loop,1
112,Original,Nested Loop,3,16,0,Gather,2
112,Original,Parallel Hash Join,4,16,0,Nested Loop,2
112,Original,Parallel Seq Scan,5,16,0,Parallel Hash Join,0
112,Original,Parallel Hash,5,16,0,Parallel Hash Join,1
112,Original,Nested Loop,6,16,0,Parallel Hash,2
112,Original,Nested Loop,7,16,0,Nested Loop,2
112,Original,Parallel Hash Join,8,16,0,Nested Loop,2
112,Original,Parallel Seq Scan,9,0,998,Parallel Hash Join,0
112,Original,Parallel Hash,9,16,0,Parallel Hash Join,1
112,Original,Nested Loop,10,16,0,Parallel Hash,2
112,Original,Parallel Hash Join,11,16,0,Nested Loop,2
112,Original,Parallel Seq Scan,12,0,997,Parallel Hash Join,0
112,Original,Parallel Hash,12,16,0,Parallel Hash Join,1
112,Original,Nested Loop,13,16,0,Parallel Hash,2
112,Original,Nested Loop,14,16,0,Nested Loop,2
112,Original,Hash Join,15,16,0,Nested Loop,2
112,Original,Parallel Seq Scan,16,0,996,Hash Join,0
112,Original,Hash,16,16,0,Hash Join,1
112,Original,Hash Join,17,16,0,Hash,2
112,Original,Seq Scan,18,16,0,Hash Join,0
112,Original,Hash,18,1,1000,Hash Join,1
112,Original,Seq Scan,19,0,995,Hash,0
112,Original,Index Scan,15,16,0,Nested Loop,0
112,Original,Nested Loop,14,16,0,Nested Loop,2
112,Original,Seq Scan,15,0,993,Nested Loop,0
112,Original,Materialize,15,16,0,Nested Loop,1
112,Original,Seq Scan,16,0,994,Materialize,0
112,Original,Index Scan,11,16,0,Nested Loop,0
112,Original,Memoize,8,16,0,Nested Loop,1
112,Original,Index Scan,9,16,0,Memoize,0
112,Original,Index Scan,7,16,0,Nested Loop,0
112,Original,Index Scan,4,0,992,Nested Loop,0
112,Original,Index Scan,2,0,991,Nested Loop,0
112,Synthetic,Sort,0,0,999,,1
112,Synthetic,GroupAggregate,1,16,0,Sort,1
112,Synthetic,Sort,2,16,0,GroupAggregate,1
112,Synthetic,Gather,3,16,0,Sort,1
112,Synthetic,Parallel Hash Join,4,16,0,Gather,2
112,Synthetic,Parallel Seq Scan,5,0,998,Parallel Hash Join,0
112,Synthetic,Parallel Hash,5,16,0,Parallel Hash Join,1
112,Synthetic,Nested Loop,6,16,0,Parallel Hash,2
112,Synthetic,Parallel Hash Join,7,16,0,Nested Loop,2
112,Synthetic,Parallel Seq Scan,8,0,997,Parallel Hash Join,0
112,Synthetic,Parallel Hash,8,16,0,Parallel Hash Join,1
112,Synthetic,Nested Loop,9,16,0,Parallel Hash,2
112,Synthetic,Hash Join,10,16,0,Nested Loop,2
112,Synthetic,Hash Join,11,16,0,Hash Join,2
112,Synthetic,Parallel Seq Scan,12,0,996,Hash Join,0
112,Synthetic,Hash,12,1,1000,Hash Join,1
112,Synthetic,Seq Scan,13,0,995,Hash,0
112,Synthetic,Hash,11,16,0,Hash Join,1
112,Synthetic,Hash Join,12,16,0,Hash,2
112,Synthetic,Seq Scan,13,0,993,Hash Join,0
112,Synthetic,Hash,13,16,0,Hash Join,1
112,Synthetic,Seq Scan,14,0,994,Hash,0
112,Synthetic,Index Scan,10,0,992,Nested Loop,0
112,Synthetic,Index Scan,7,0,991,Nested Loop,0
113,Original,Aggregate,0,0,1008,,1
113,Original,Gather,1,16,0,Aggregate,1
113,Original,Nested Loop,2,16,0,Gather,2
113,Original,Nested Loop,3,16,0,Nested Loop,2
113,Original,Nested Loop,4,16,0,Nested Loop,2
113,Original,Parallel Hash Join,5,16,0,Nested Loop,2
113,Original,Parallel Seq Scan,6,16,0,Parallel Hash Join,0
113,Original,Parallel Hash,6,16,0,Parallel Hash Join,1
113,Original,Nested Loop,7,16,0,Parallel Hash,2
113,Original,Parallel Hash Join,8,16,0,Nested Loop,2
113,Original,Parallel Seq Scan,9,0,1007,Parallel Hash Join,0
113,Original,Parallel Hash,9,16,0,Parallel Hash Join,1
113,Original,Nested Loop,10,16,0,Parallel Hash,2
113,Original,Parallel Hash Join,11,16,0,Nested Loop,2
113,Original,Parallel Seq Scan,12,0,1006,Parallel Hash Join,0
113,Original,Parallel Hash,12,16,0,Parallel Hash Join,1
113,Original,Nested Loop,13,16,0,Parallel Hash,2
113,Original,Nested Loop,14,16,0,Nested Loop,2
113,Original,Hash Join,15,16,0,Nested Loop,2
113,Original,Parallel Seq Scan,16,0,1005,Hash Join,0
113,Original,Hash,16,16,0,Hash Join,1
113,Original,Nested Loop,17,16,0,Hash,2
113,Original,Hash Join,18,16,0,Nested Loop,2
113,Original,Seq Scan,19,0,1003,Hash Join,0
113,Original,Hash,19,1,1009,Hash Join,1
113,Original,Seq Scan,20,0,1004,Hash,0
113,Original,Index Scan,18,16,0,Nested Loop,0
113,Original,Memoize,15,16,0,Nested Loop,1
113,Original,Index Scan,16,16,0,Memoize,0
113,Original,Index Scan,14,16,0,Nested Loop,0
113,Original,Memoize,11,16,0,Nested Loop,1
113,Original,Index Scan,12,16,0,Memoize,0
113,Original,Index Scan,8,16,0,Nested Loop,0
113,Original,Index Scan,5,16,0,Nested Loop,0
113,Original,Index Scan,4,0,1002,Nested Loop,0
113,Original,Index Scan,3,0,1001,Nested Loop,0
113,Synthetic,Sort,0,0,1008,,1
113,Synthetic,GroupAggregate,1,16,0,Sort,1
113,Synthetic,Sort,2,16,0,GroupAggregate,1
113,Synthetic,Nested Loop,3,16,0,Sort,2
113,Synthetic,Gather,4,16,0,Nested Loop,1
113,Synthetic,Parallel Hash Join,5,16,0,Gather,2
113,Synthetic,Parallel Seq Scan,6,0,1007,Parallel Hash Join,0
113,Synthetic,Parallel Hash,6,16,0,Parallel Hash Join,1
113,Synthetic,Parallel Hash Join,7,16,0,Parallel Hash,2
113,Synthetic,Parallel Seq Scan,8,0,1006,Parallel Hash Join,0
113,Synthetic,Parallel Hash,8,16,0,Parallel Hash Join,1
113,Synthetic,Nested Loop,9,16,0,Parallel Hash,2
113,Synthetic,Hash Join,10,16,0,Nested Loop,2
113,Synthetic,Hash Join,11,16,0,Hash Join,2
113,Synthetic,Parallel Seq Scan,12,0,1005,Hash Join,0
113,Synthetic,Hash,12,16,0,Hash Join,1
113,Synthetic,Seq Scan,13,16,0,Hash,0
113,Synthetic,Hash,11,16,0,Hash Join,1
113,Synthetic,Hash Join,12,16,0,Hash,2
113,Synthetic,Seq Scan,13,0,1003,Hash Join,0
113,Synthetic,Hash,13,1,1009,Hash Join,1
113,Synthetic,Seq Scan,14,0,1004,Hash,0
113,Synthetic,Index Scan,10,0,1002,Nested Loop,0
113,Synthetic,Index Scan,4,0,1001,Nested Loop,0
