QueryNumber,OriginalNodePath,SyntheticNodePath,OriginalNodeName,SyntheticNodeName,OriginalDepth,SyntheticDepth,OriginalSimilarityState,SyntheticSimilarityState,OriginalMatchNumber,SyntheticMatchNumber
1,Finalize Aggregate/Gather/Partial Aggregate/Nested Loop/Parallel Hash Join/Parallel Hash/Hash Join/Parallel Seq Scan,Sort/GroupAggregate/Sort/Gather/Nested Loop/Nested Loop/Nested Loop/Hash Join/Parallel Seq Scan,Parallel Seq Scan,Parallel Seq Scan,7,8,0,0,3,3
1,Finalize Aggregate/Gather/Partial Aggregate/Nested Loop/Index Scan,Sort/GroupAggregate/Sort/Gather/Nested Loop/Nested Loop/Index Scan,Index Scan,Index Scan,4,6,0,0,1,1
1,Finalize Aggregate/Gather/Partial Aggregate/Nested Loop/Parallel Hash Join/Parallel Hash/Hash Join/Hash/Seq Scan,Sort/GroupAggregate/Sort/Gather/Nested Loop/Nested Loop/Nested Loop/Hash Join/Hash/Seq Scan,Seq Scan,Seq Scan,8,9,0,0,2,2
1,Finalize Aggregate,Sort,Finalize Aggregate,Sort,0,0,0,0,4,4
2,Finalize Aggregate,Sort,Finalize Aggregate,Sort,0,0,0,0,9,9
2,Finalize Aggregate/Gather/Partial Aggregate/Nested Loop/Parallel Hash Join/Parallel Hash/Hash Join/Hash/Seq Scan,Sort/GroupAggregate/Sort/Gather/Nested Loop/Nested Loop/Nested Loop/Hash Join/Hash/Seq Scan,Seq Scan,Seq Scan,8,9,0,0,7,7
2,Finalize Aggregate/Gather/Partial Aggregate/Nested Loop/Index Scan,Sort/GroupAggregate/Sort/Gather/Nested Loop/Nested Loop/Index Scan,Index Scan,Index Scan,4,6,0,0,6,6
2,Finalize Aggregate/Gather/Partial Aggregate/Nested Loop/Parallel Hash Join/Parallel Hash/Hash Join/Parallel Seq Scan,Sort/GroupAggregate/Sort/Gather/Nested Loop/Nested Loop/Nested Loop/Hash Join/Parallel Seq Scan,Parallel Seq Scan,Parallel Seq Scan,7,8,0,0,8,8
3,Aggregate,Sort,Aggregate,Sort,0,0,0,0,16,16
3,Aggregate/Nested Loop/Gather/Parallel Hash Join/Hash Join/Parallel Seq Scan,Sort/GroupAggregate/Sort/Gather/Parallel Hash Join/Parallel Hash/Nested Loop/Nested Loop/Merge Join/Sort/Parallel Hash Join/Hash Join/Parallel Seq Scan,Parallel Seq Scan,Parallel Seq Scan,5,12,0,0,14,14
3,Aggregate/Nested Loop/Gather/Parallel Hash Join/Parallel Hash/Hash Join/Parallel Seq Scan,Sort/GroupAggregate/Sort/Gather/Parallel Hash Join/Parallel Hash/Nested Loop/Nested Loop/Merge Join/Sort/Parallel Hash Join/Parallel Hash/Hash Join/Parallel Seq Scan,Parallel Seq Scan,Parallel Seq Scan,6,13,0,0,13,13
3,Aggregate/Nested Loop/Index Scan,Sort/GroupAggregate/Sort/Gather/Parallel Hash Join/Parallel Hash/Nested Loop/Nested Loop/Index Scan,Index Scan,Index Scan,2,8,0,0,15,15
3,Aggregate/Nested Loop/Gather/Parallel Hash Join/Hash Join/Hash/Seq Scan,Sort/GroupAggregate/Sort/Gather/Parallel Hash Join/Parallel Hash/Nested Loop/Nested Loop/Merge Join/Sort/Hash Join/Seq Scan,Seq Scan,Seq Scan,6,11,0,0,12,12
3,Aggregate/Nested Loop/Gather/Parallel Hash Join/Parallel Hash/Hash Join/Hash/Seq Scan,Sort/GroupAggregate/Sort/Gather/Parallel Hash Join/Parallel Hash/Nested Loop/Nested Loop/Merge Join/Sort/Hash Join/Hash/Seq Scan,Seq Scan,Seq Scan,7,12,0,0,11,11
4,Finalize Aggregate,Sort,Finalize Aggregate,Sort,0,0,0,0,23,23
4,Finalize Aggregate/Gather/Partial Aggregate/Nested Loop/Parallel Hash Join/Hash Join/Parallel Seq Scan,Sort/GroupAggregate/Sort/Gather/Parallel Hash Join/Parallel Hash/Nested Loop/Nested Loop/Merge Join/Sort/Parallel Hash Join/Hash Join/Parallel Seq Scan,Parallel Seq Scan,Parallel Seq Scan,6,12,0,0,21,21
4,Finalize Aggregate/Gather/Partial Aggregate/Nested Loop/Index Scan,Sort/GroupAggregate/Sort/Gather/Parallel Hash Join/Parallel Hash/Nested Loop/Nested Loop/Index Scan,Index Scan,Index Scan,4,8,0,0,22,22
4,Finalize Aggregate/Gather/Partial Aggregate/Nested Loop/Parallel Hash Join/Parallel Hash/Hash Join/Hash/Seq Scan,Sort/GroupAggregate/Sort/Gather/Parallel Hash Join/Parallel Hash/Nested Loop/Nested Loop/Merge Join/Sort/Hash Join/Hash/Seq Scan,Seq Scan,Seq Scan,8,12,0,0,18,18
4,Finalize Aggregate/Gather/Partial Aggregate/Nested Loop/Parallel Hash Join/Hash Join/Hash/Seq Scan,Sort/GroupAggregate/Sort/Gather/Parallel Hash Join/Parallel Hash/Nested Loop/Nested Loop/Merge Join/Sort/Hash Join/Seq Scan,Seq Scan,Seq Scan,7,11,0,0,19,19
4,Finalize Aggregate/Gather/Partial Aggregate/Nested Loop/Parallel Hash Join/Parallel Hash/Hash Join/Parallel Seq Scan,Sort/GroupAggregate/Sort/Gather/Parallel Hash Join/Parallel Hash/Nested Loop/Nested Loop/Merge Join/Sort/Parallel Hash Join/Parallel Hash/Hash Join/Parallel Seq Scan,Parallel Seq Scan,Parallel Seq Scan,7,13,0,0,20,20
5,Finalize Aggregate/Gather/Partial Aggregate/Nested Loop/Nested Loop/Parallel Hash Join/Parallel Hash/Hash Join/Parallel Seq Scan,Sort/GroupAggregate/Sort/Gather/Parallel Hash Join/Parallel Hash/Nested Loop/Nested Loop/Merge Join/Sort/Parallel Hash Join/Parallel Hash/Hash Join/Parallel Seq Scan,Parallel Seq Scan,Parallel Seq Scan,8,13,0,0,26,26
5,Finalize Aggregate/Gather/Partial Aggregate/Nested Loop/Nested Loop/Parallel Hash Join/Parallel Seq Scan,Sort/GroupAggregate/Sort/Gather/Parallel Hash Join/Parallel Hash/Nested Loop/Nested Loop/Merge Join/Sort/Parallel Hash Join/Hash Join/Parallel Seq Scan,Parallel Seq Scan,Parallel Seq Scan,6,12,0,0,27,27
5,Finalize Aggregate/Gather/Partial Aggregate/Nested Loop/Index Scan,Sort/GroupAggregate/Sort/Gather/Parallel Hash Join/Parallel Hash/Nested Loop/Nested Loop/Index Scan,Index Scan,Index Scan,4,8,0,0,28,28
5,Finalize Aggregate,Sort,Finalize Aggregate,Sort,0,0,0,0,29,29
5,Finalize Aggregate/Gather/Partial Aggregate/Nested Loop/Nested Loop/Parallel Hash Join/Parallel Hash/Hash Join/Hash/Seq Scan,Sort/GroupAggregate/Sort/Gather/Parallel Hash Join/Parallel Hash/Nested Loop/Nested Loop/Merge Join/Sort/Hash Join/Hash/Seq Scan,Seq Scan,Seq Scan,9,12,0,0,25,25
6,Aggregate/Gather/Nested Loop/Nested Loop/Parallel Hash Join/Parallel Hash/Hash Join/Hash/Seq Scan,Sort/GroupAggregate/Sort/Gather/Parallel Hash Join/Parallel Hash/Nested Loop/Nested Loop/Merge Join/Sort/Hash Join/Hash/Seq Scan,Seq Scan,Seq Scan,8,12,0,0,31,31
6,Aggregate,Sort,Aggregate,Sort,0,0,0,0,35,35
6,Aggregate/Gather/Nested Loop/Nested Loop/Parallel Hash Join/Parallel Hash/Hash Join/Parallel Seq Scan,Sort/GroupAggregate/Sort/Gather/Parallel Hash Join/Parallel Hash/Nested Loop/Nested Loop/Merge Join/Sort/Parallel Hash Join/Parallel Hash/Hash Join/Parallel Seq Scan,Parallel Seq Scan,Parallel Seq Scan,7,13,0,0,32,32
6,Aggregate/Gather/Nested Loop/Index Scan,Sort/GroupAggregate/Sort/Gather/Parallel Hash Join/Parallel Hash/Nested Loop/Nested Loop/Index Scan,Index Scan,Index Scan,3,8,0,0,34,34
6,Aggregate/Gather/Nested Loop/Nested Loop/Parallel Hash Join/Parallel Seq Scan,Sort/GroupAggregate/Sort/Gather/Parallel Hash Join/Parallel Hash/Nested Loop/Nested Loop/Merge Join/Sort/Parallel Hash Join/Hash Join/Parallel Seq Scan,Parallel Seq Scan,Parallel Seq Scan,5,12,0,0,33,33
7,Aggregate/Nested Loop/Index Scan,Sort/GroupAggregate/Sort/Gather/Parallel Hash Join/Parallel Hash/Nested Loop/Nested Loop/Index Scan,Index Scan,Index Scan,2,8,0,0,40,40
7,Aggregate/Nested Loop/Gather/Nested Loop/Parallel Hash Join/Parallel Seq Scan,Sort/GroupAggregate/Sort/Gather/Parallel Hash Join/Parallel Hash/Nested Loop/Nested Loop/Merge Join/Sort/Parallel Hash Join/Hash Join/Parallel Seq Scan,Parallel Seq Scan,Parallel Seq Scan,5,12,0,0,39,39
7,Aggregate,Sort,Aggregate,Sort,0,0,0,0,41,41
7,Aggregate/Nested Loop/Gather/Nested Loop/Parallel Hash Join/Parallel Hash/Hash Join/Parallel Seq Scan,Sort/GroupAggregate/Sort/Gather/Parallel Hash Join/Parallel Hash/Nested Loop/Nested Loop/Merge Join/Sort/Parallel Hash Join/Parallel Hash/Hash Join/Parallel Seq Scan,Parallel Seq Scan,Parallel Seq Scan,7,13,0,0,38,38
7,Aggregate/Nested Loop/Gather/Nested Loop/Parallel Hash Join/Parallel Hash/Hash Join/Hash/Seq Scan,Sort/GroupAggregate/Sort/Gather/Parallel Hash Join/Parallel Hash/Nested Loop/Nested Loop/Merge Join/Sort/Hash Join/Hash/Seq Scan,Seq Scan,Seq Scan,8,12,0,0,37,37
8,Finalize Aggregate/Gather/Partial Aggregate/Nested Loop/Parallel Hash Join/Parallel Seq Scan,Sort/GroupAggregate/Sort/Gather/Parallel Hash Join/Parallel Hash/Nested Loop/Nested Loop/Merge Join/Sort/Parallel Hash Join/Hash Join/Parallel Seq Scan,Parallel Seq Scan,Parallel Seq Scan,5,12,0,0,45,45
8,Finalize Aggregate/Gather/Partial Aggregate/Nested Loop/Index Scan,Sort/GroupAggregate/Sort/Gather/Parallel Hash Join/Parallel Hash/Nested Loop/Nested Loop/Index Scan,Index Scan,Index Scan,4,8,0,0,46,46
8,Finalize Aggregate/Gather/Partial Aggregate/Nested Loop/Parallel Hash Join/Parallel Hash/Nested Loop/Hash Join/Hash/Seq Scan,Sort/GroupAggregate/Sort/Gather/Parallel Hash Join/Parallel Hash/Nested Loop/Nested Loop/Merge Join/Sort/Hash Join/Hash/Seq Scan,Seq Scan,Seq Scan,9,12,0,0,43,43
8,Finalize Aggregate,Sort,Finalize Aggregate,Sort,0,0,0,0,47,47
8,Finalize Aggregate/Gather/Partial Aggregate/Nested Loop/Parallel Hash Join/Parallel Hash/Nested Loop/Hash Join/Parallel Seq Scan,Sort/GroupAggregate/Sort/Gather/Parallel Hash Join/Parallel Hash/Nested Loop/Nested Loop/Merge Join/Sort/Parallel Hash Join/Parallel Hash/Hash Join/Parallel Seq Scan,Parallel Seq Scan,Parallel Seq Scan,8,13,0,0,44,44
9,Finalize Aggregate,Sort,Finalize Aggregate,Sort,0,0,0,0,53,53
9,Finalize Aggregate/Gather/Partial Aggregate/Nested Loop/Parallel Hash Join/Parallel Hash/Hash Join/Parallel Seq Scan,Sort/GroupAggregate/Sort/Gather/Parallel Hash Join/Parallel Hash/Nested Loop/Nested Loop/Merge Join/Sort/Parallel Hash Join/Parallel Hash/Hash Join/Parallel Seq Scan,Parallel Seq Scan,Parallel Seq Scan,7,13,0,0,50,50
9,Finalize Aggregate/Gather/Partial Aggregate/Nested Loop/Index Scan,Sort/GroupAggregate/Sort/Gather/Parallel Hash Join/Parallel Hash/Nested Loop/Nested Loop/Index Scan,Index Scan,Index Scan,4,8,0,0,52,52
9,Finalize Aggregate/Gather/Partial Aggregate/Nested Loop/Parallel Hash Join/Parallel Seq Scan,Sort/GroupAggregate/Sort/Gather/Parallel Hash Join/Parallel Hash/Nested Loop/Nested Loop/Merge Join/Sort/Parallel Hash Join/Hash Join/Parallel Seq Scan,Parallel Seq Scan,Parallel Seq Scan,5,12,0,0,51,51
9,Finalize Aggregate/Gather/Partial Aggregate/Nested Loop/Parallel Hash Join/Parallel Hash/Hash Join/Hash/Seq Scan,Sort/GroupAggregate/Sort/Gather/Parallel Hash Join/Parallel Hash/Nested Loop/Nested Loop/Merge Join/Sort/Hash Join/Hash/Seq Scan,Seq Scan,Seq Scan,8,12,0,0,49,49
10,Finalize Aggregate/Gather/Partial Aggregate/Nested Loop/Parallel Hash Join/Parallel Hash/Hash Join/Hash/Seq Scan,Sort/GroupAggregate/Sort/Gather/Parallel Hash Join/Parallel Hash/Nested Loop/Nested Loop/Merge Join/Sort/Hash Join/Hash/Seq Scan,Seq Scan,Seq Scan,8,12,0,0,55,55
10,Finalize Aggregate/Gather/Partial Aggregate/Nested Loop/Parallel Hash Join/Parallel Seq Scan,Sort/GroupAggregate/Sort/Gather/Parallel Hash Join/Parallel Hash/Nested Loop/Nested Loop/Merge Join/Sort/Parallel Hash Join/Hash Join/Parallel Seq Scan,Parallel Seq Scan,Parallel Seq Scan,5,12,0,0,57,57
10,Finalize Aggregate/Gather/Partial Aggregate/Nested Loop/Index Scan,Sort/GroupAggregate/Sort/Gather/Parallel Hash Join/Parallel Hash/Nested Loop/Nested Loop/Index Scan,Index Scan,Index Scan,4,8,0,0,58,58
10,Finalize Aggregate,Sort,Finalize Aggregate,Sort,0,0,0,0,59,59
10,Finalize Aggregate/Gather/Partial Aggregate/Nested Loop/Parallel Hash Join/Parallel Hash/Hash Join/Parallel Seq Scan,Sort/GroupAggregate/Sort/Gather/Parallel Hash Join/Parallel Hash/Nested Loop/Nested Loop/Merge Join/Sort/Parallel Hash Join/Parallel Hash/Hash Join/Parallel Seq Scan,Parallel Seq Scan,Parallel Seq Scan,7,13,0,0,56,56
11,Finalize Aggregate/Gather/Partial Aggregate/Parallel Hash Join/Parallel Hash/Nested Loop/Hash Join/Hash/Seq Scan,Sort/GroupAggregate/Sort/Gather/Parallel Hash Join/Parallel Hash/Nested Loop/Nested Loop/Merge Join/Sort/Hash Join/Hash/Seq Scan,Seq Scan,Seq Scan,8,12,0,0,61,61
11,Finalize Aggregate/Gather/Partial Aggregate/Parallel Hash Join/Parallel Seq Scan,Sort/GroupAggregate/Sort/Gather/Parallel Hash Join/Parallel Hash/Nested Loop/Nested Loop/Merge Join/Sort/Parallel Hash Join/Hash Join/Parallel Seq Scan,Parallel Seq Scan,Parallel Seq Scan,4,12,0,0,63,63
11,Finalize Aggregate/Gather/Partial Aggregate/Parallel Hash Join/Parallel Hash/Nested Loop/Hash Join/Parallel Seq Scan,Sort/GroupAggregate/Sort/Gather/Parallel Hash Join/Parallel Hash/Nested Loop/Nested Loop/Merge Join/Sort/Parallel Hash Join/Parallel Hash/Hash Join/Parallel Seq Scan,Parallel Seq Scan,Parallel Seq Scan,7,13,0,0,62,62
11,Finalize Aggregate,Sort,Finalize Aggregate,Sort,0,0,0,0,65,65
11,Finalize Aggregate/Gather/Partial Aggregate/Parallel Hash Join/Parallel Hash/Nested Loop/Index Scan,Sort/GroupAggregate/Sort/Gather/Parallel Hash Join/Parallel Hash/Nested Loop/Nested Loop/Index Scan,Index Scan,Index Scan,6,8,0,0,64,64
12,Aggregate,Sort,Aggregate,Sort,0,0,0,0,72,72
12,Aggregate/Gather/Nested Loop/Parallel Hash Join/Hash Join/Hash/Seq Scan,Sort/GroupAggregate/Sort/Gather/Parallel Hash Join/Parallel Hash/Nested Loop/Nested Loop/Merge Join/Sort/Hash Join/Seq Scan,Seq Scan,Seq Scan,6,11,0,0,68,68
12,Aggregate/Gather/Nested Loop/Index Scan,Sort/GroupAggregate/Sort/Gather/Parallel Hash Join/Parallel Hash/Nested Loop/Nested Loop/Index Scan,Index Scan,Index Scan,3,8,0,0,71,71
12,Aggregate/Gather/Nested Loop/Parallel Hash Join/Hash Join/Parallel Seq Scan,Sort/GroupAggregate/Sort/Gather/Parallel Hash Join/Parallel Hash/Nested Loop/Nested Loop/Merge Join/Sort/Parallel Hash Join/Hash Join/Parallel Seq Scan,Parallel Seq Scan,Parallel Seq Scan,5,12,0,0,70,70
12,Aggregate/Gather/Nested Loop/Parallel Hash Join/Parallel Hash/Hash Join/Hash/Seq Scan,Sort/GroupAggregate/Sort/Gather/Parallel Hash Join/Parallel Hash/Nested Loop/Nested Loop/Merge Join/Sort/Hash Join/Hash/Seq Scan,Seq Scan,Seq Scan,7,12,0,0,67,67
12,Aggregate/Gather/Nested Loop/Parallel Hash Join/Parallel Hash/Hash Join/Parallel Seq Scan,Sort/GroupAggregate/Sort/Gather/Parallel Hash Join/Parallel Hash/Nested Loop/Nested Loop/Merge Join/Sort/Parallel Hash Join/Parallel Hash/Hash Join/Parallel Seq Scan,Parallel Seq Scan,Parallel Seq Scan,6,13,0,0,69,69
13,Aggregate,Sort,Aggregate,Sort,0,0,0,0,78,78
13,Aggregate/Nested Loop/Gather/Nested Loop/Parallel Hash Join/Parallel Seq Scan,Sort/GroupAggregate/Gather Merge/Sort/Parallel Hash Join/Parallel Seq Scan,Parallel Seq Scan,Parallel Seq Scan,5,5,0,0,76,76
13,Aggregate/Nested Loop/Index Scan,Sort/GroupAggregate/Gather Merge/Sort/Parallel Hash Join/Parallel Hash/Hash Join/Nested Loop/Index Scan,Index Scan,Index Scan,2,8,0,0,77,77
13,Aggregate/Nested Loop/Gather/Nested Loop/Parallel Hash Join/Parallel Hash/Hash Join/Hash/Seq Scan,Sort/GroupAggregate/Gather Merge/Sort/Parallel Hash Join/Parallel Hash/Hash Join/Hash/Seq Scan,Seq Scan,Seq Scan,8,8,0,0,74,74
13,Aggregate/Nested Loop/Gather/Nested Loop/Parallel Hash Join/Parallel Hash/Hash Join/Parallel Seq Scan,Sort/GroupAggregate/Gather Merge/Sort/Parallel Hash Join/Parallel Hash/Hash Join/Nested Loop/Hash Join/Parallel Seq Scan,Parallel Seq Scan,Parallel Seq Scan,7,9,0,0,75,75
14,Finalize Aggregate,Sort,Finalize Aggregate,Sort,0,0,0,0,85,85
14,Finalize Aggregate/Gather/Partial Aggregate/Nested Loop/Parallel Hash Join/Hash Join/Parallel Seq Scan,Sort/GroupAggregate/Gather Merge/Sort/Parallel Hash Join/Parallel Seq Scan,Parallel Seq Scan,Parallel Seq Scan,6,5,0,0,83,83
14,Finalize Aggregate/Gather/Partial Aggregate/Nested Loop/Parallel Hash Join/Parallel Hash/Hash Join/Parallel Seq Scan,Sort/GroupAggregate/Gather Merge/Sort/Parallel Hash Join/Parallel Hash/Hash Join/Nested Loop/Hash Join/Parallel Seq Scan,Parallel Seq Scan,Parallel Seq Scan,7,9,0,0,82,82
14,Finalize Aggregate/Gather/Partial Aggregate/Nested Loop/Parallel Hash Join/Hash Join/Hash/Seq Scan,Sort/GroupAggregate/Gather Merge/Sort/Parallel Hash Join/Parallel Hash/Hash Join/Nested Loop/Hash Join/Hash/Seq Scan,Seq Scan,Seq Scan,7,10,0,0,81,81
14,Finalize Aggregate/Gather/Partial Aggregate/Nested Loop/Parallel Hash Join/Parallel Hash/Hash Join/Hash/Seq Scan,Sort/GroupAggregate/Gather Merge/Sort/Parallel Hash Join/Parallel Hash/Hash Join/Hash/Seq Scan,Seq Scan,Seq Scan,8,8,0,0,80,80
14,Finalize Aggregate/Gather/Partial Aggregate/Nested Loop/Index Scan,Sort/GroupAggregate/Gather Merge/Sort/Parallel Hash Join/Parallel Hash/Hash Join/Nested Loop/Index Scan,Index Scan,Index Scan,4,8,0,0,84,84
15,Aggregate/Gather/Nested Loop/Nested Loop/Index Scan,Sort/GroupAggregate/Gather Merge/Sort/Parallel Hash Join/Parallel Hash/Hash Join/Nested Loop/Index Scan,Index Scan,Index Scan,4,8,0,0,91,91
15,Aggregate/Gather/Nested Loop/Nested Loop/Parallel Hash Join/Parallel Seq Scan,Sort/GroupAggregate/Gather Merge/Sort/Parallel Hash Join/Parallel Seq Scan,Parallel Seq Scan,Parallel Seq Scan,5,5,0,0,90,90
15,Aggregate/Gather/Nested Loop/Nested Loop/Parallel Hash Join/Parallel Hash/Hash Join/Hash/Seq Scan,Sort/GroupAggregate/Gather Merge/Sort/Parallel Hash Join/Parallel Hash/Hash Join/Hash/Seq Scan,Seq Scan,Seq Scan,8,8,0,0,88,88
15,Aggregate/Gather/Nested Loop/Nested Loop/Parallel Hash Join/Parallel Hash/Hash Join/Parallel Seq Scan,Sort/GroupAggregate/Gather Merge/Sort/Parallel Hash Join/Parallel Hash/Hash Join/Nested Loop/Hash Join/Parallel Seq Scan,Parallel Seq Scan,Parallel Seq Scan,7,9,0,0,89,89
15,Aggregate,Sort,Aggregate,Sort,0,0,0,0,92,92
16,Aggregate/Nested Loop/Index Scan,Sort/GroupAggregate/Gather Merge/Sort/Parallel Hash Join/Parallel Hash/Hash Join/Nested Loop/Index Scan,Index Scan,Index Scan,2,8,0,0,96,96
16,Aggregate,Sort,Aggregate,Sort,0,0,0,0,97,97
16,Aggregate/Nested Loop/Nested Loop/Gather/Parallel Hash Join/Parallel Seq Scan,Sort/GroupAggregate/Gather Merge/Sort/Parallel Hash Join/Parallel Seq Scan,Parallel Seq Scan,Parallel Seq Scan,5,5,0,0,95,95
16,Aggregate/Nested Loop/Nested Loop/Gather/Parallel Hash Join/Parallel Hash/Nested Loop/Parallel Seq Scan,Sort/GroupAggregate/Gather Merge/Sort/Parallel Hash Join/Parallel Hash/Hash Join/Nested Loop/Hash Join/Parallel Seq Scan,Parallel Seq Scan,Parallel Seq Scan,7,9,0,0,94,94
17,Finalize Aggregate/Gather/Partial Aggregate/Hash Join/Nested Loop/Index Scan,Sort/GroupAggregate/Gather Merge/Sort/Parallel Hash Join/Parallel Hash/Hash Join/Nested Loop/Index Scan,Index Scan,Index Scan,5,8,0,0,102,102
17,Finalize Aggregate/Gather/Partial Aggregate/Hash Join/Nested Loop/Parallel Hash Join/Parallel Seq Scan,Sort/GroupAggregate/Gather Merge/Sort/Parallel Hash Join/Parallel Seq Scan,Parallel Seq Scan,Parallel Seq Scan,6,5,0,0,101,101
17,Finalize Aggregate/Gather/Partial Aggregate/Hash Join/Nested Loop/Parallel Hash Join/Parallel Hash/Hash Join/Hash/Seq Scan,Sort/GroupAggregate/Gather Merge/Sort/Parallel Hash Join/Parallel Hash/Hash Join/Nested Loop/Hash Join/Hash/Seq Scan,Seq Scan,Seq Scan,9,10,0,0,99,99
17,Finalize Aggregate,Sort,Finalize Aggregate,Sort,0,0,0,0,103,103
17,Finalize Aggregate/Gather/Partial Aggregate/Hash Join/Nested Loop/Parallel Hash Join/Parallel Hash/Hash Join/Parallel Seq Scan,Sort/GroupAggregate/Gather Merge/Sort/Parallel Hash Join/Parallel Hash/Hash Join/Nested Loop/Hash Join/Parallel Seq Scan,Parallel Seq Scan,Parallel Seq Scan,8,9,0,0,100,100
17,Finalize Aggregate/Gather/Partial Aggregate/Hash Join/Hash/Seq Scan,Sort/GroupAggregate/Gather Merge/Sort/Parallel Hash Join/Parallel Hash/Hash Join/Hash/Seq Scan,Seq Scan,Seq Scan,5,8,0,0,98,98
18,Aggregate,Sort,Aggregate,Sort,0,0,0,0,110,110
18,Aggregate/Gather/Nested Loop/Index Scan,Sort/GroupAggregate/Gather Merge/Sort/Nested Loop/Index Scan,Index Scan,Index Scan,3,5,0,0,108,108
18,Aggregate/Gather/Nested Loop/Parallel Hash Join/Parallel Seq Scan,Sort/GroupAggregate/Gather Merge/Sort/Nested Loop/Parallel Hash Join/Parallel Hash Join/Parallel Seq Scan,Parallel Seq Scan,Parallel Seq Scan,4,7,0,0,107,107
18,Aggregate/Gather/Nested Loop/Parallel Hash Join/Parallel Hash/Nested Loop/Hash Join/Parallel Seq Scan,Sort/GroupAggregate/Gather Merge/Sort/Nested Loop/Parallel Hash Join/Parallel Hash/Hash Join/Parallel Seq Scan,Parallel Seq Scan,Parallel Seq Scan,7,8,0,0,106,106
18,Aggregate/Gather/Nested Loop/Parallel Hash Join/Parallel Hash/Nested Loop/Hash Join/Hash/Seq Scan,Sort/GroupAggregate/Gather Merge/Sort/Nested Loop/Parallel Hash Join/Parallel Hash/Hash Join/Hash/Seq Scan,Seq Scan,Seq Scan,8,9,0,0,109,109
19,Aggregate,Sort,Aggregate,Sort,0,0,0,0,116,116
19,Aggregate/Nested Loop/Gather/Parallel Hash Join/Parallel Seq Scan,Sort/GroupAggregate/Gather Merge/Sort/Nested Loop/Parallel Hash Join/Hash Join/Parallel Seq Scan,Parallel Seq Scan,Parallel Seq Scan,4,7,0,0,113,113
19,Aggregate/Nested Loop/Gather/Parallel Hash Join/Parallel Hash/Nested Loop/Hash Join/Parallel Seq Scan,Sort/GroupAggregate/Gather Merge/Sort/Nested Loop/Parallel Hash Join/Parallel Hash/Parallel Hash Join/Parallel Seq Scan,Parallel Seq Scan,Parallel Seq Scan,7,8,0,0,112,112
19,Aggregate/Nested Loop/Index Scan,Sort/GroupAggregate/Gather Merge/Sort/Nested Loop/Index Scan,Index Scan,Index Scan,2,5,0,0,114,114
19,Aggregate/Nested Loop/Gather/Parallel Hash Join/Parallel Hash/Nested Loop/Hash Join/Hash/Seq Scan,Sort/GroupAggregate/Gather Merge/Sort/Nested Loop/Parallel Hash Join/Hash Join/Hash/Seq Scan,Seq Scan,Seq Scan,8,8,0,0,115,115
20,Aggregate/Nested Loop/Gather/Parallel Hash Join/Parallel Hash/Nested Loop/Hash Join/Hash/Seq Scan,Sort/GroupAggregate/Gather Merge/Sort/Nested Loop/Parallel Hash Join/Hash Join/Hash/Seq Scan,Seq Scan,Seq Scan,8,8,0,0,121,121
20,Aggregate/Nested Loop/Gather/Parallel Hash Join/Parallel Seq Scan,Sort/GroupAggregate/Gather Merge/Sort/Nested Loop/Parallel Hash Join/Hash Join/Parallel Seq Scan,Parallel Seq Scan,Parallel Seq Scan,4,7,0,0,119,119
20,Aggregate/Nested Loop/Index Scan,Sort/GroupAggregate/Gather Merge/Sort/Nested Loop/Index Scan,Index Scan,Index Scan,2,5,0,0,120,120
20,Aggregate/Nested Loop/Gather/Parallel Hash Join/Parallel Hash/Nested Loop/Hash Join/Parallel Seq Scan,Sort/GroupAggregate/Gather Merge/Sort/Nested Loop/Parallel Hash Join/Parallel Hash/Parallel Hash Join/Parallel Seq Scan,Parallel Seq Scan,Parallel Seq Scan,7,8,0,0,118,118
20,Aggregate,Sort,Aggregate,Sort,0,0,0,0,122,122
21,Aggregate/Gather/Nested Loop/Parallel Hash Join/Parallel Hash/Nested Loop/Hash Join/Parallel Seq Scan,Sort/GroupAggregate/Gather Merge/Sort/Parallel Hash Join/Parallel Hash/Hash Join/Nested Loop/Hash Join/Parallel Seq Scan,Parallel Seq Scan,Parallel Seq Scan,7,9,0,0,125,125
21,Aggregate/Gather/Nested Loop/Parallel Hash Join/Parallel Seq Scan,Sort/GroupAggregate/Gather Merge/Sort/Parallel Hash Join/Parallel Seq Scan,Parallel Seq Scan,Parallel Seq Scan,4,5,0,0,126,126
21,Aggregate,Sort,Aggregate,Sort,0,0,0,0,128,128
21,Aggregate/Gather/Nested Loop/Index Scan,Sort/GroupAggregate/Gather Merge/Sort/Parallel Hash Join/Parallel Hash/Hash Join/Nested Loop/Index Scan,Index Scan,Index Scan,3,8,0,0,127,127
21,Aggregate/Gather/Nested Loop/Parallel Hash Join/Parallel Hash/Nested Loop/Hash Join/Hash/Seq Scan,Sort/GroupAggregate/Gather Merge/Sort/Parallel Hash Join/Parallel Hash/Hash Join/Hash/Seq Scan,Seq Scan,Seq Scan,8,8,0,0,124,124
22,Aggregate,Sort,Aggregate,Sort,0,0,0,0,134,134
22,Aggregate/Gather/Nested Loop/Index Scan,Sort/GroupAggregate/Gather Merge/Sort/Parallel Hash Join/Parallel Hash/Hash Join/Nested Loop/Index Scan,Index Scan,Index Scan,3,8,0,0,133,133
22,Aggregate/Gather/Nested Loop/Parallel Hash Join/Parallel Hash/Nested Loop/Hash Join/Parallel Seq Scan,Sort/GroupAggregate/Gather Merge/Sort/Parallel Hash Join/Parallel Hash/Hash Join/Nested Loop/Hash Join/Parallel Seq Scan,Parallel Seq Scan,Parallel Seq Scan,7,9,0,0,131,131
22,Aggregate/Gather/Nested Loop/Parallel Hash Join/Parallel Seq Scan,Sort/GroupAggregate/Gather Merge/Sort/Parallel Hash Join/Parallel Seq Scan,Parallel Seq Scan,Parallel Seq Scan,4,5,0,0,132,132
22,Aggregate/Gather/Nested Loop/Parallel Hash Join/Parallel Hash/Nested Loop/Hash Join/Hash/Seq Scan,Sort/GroupAggregate/Gather Merge/Sort/Parallel Hash Join/Parallel Hash/Hash Join/Hash/Seq Scan,Seq Scan,Seq Scan,8,8,0,0,130,130
23,Finalize Aggregate/Gather/Partial Aggregate/Nested Loop/Parallel Hash Join/Parallel Seq Scan,Sort/GroupAggregate/Sort/Gather/Nested Loop/Nested Loop/Parallel Hash Join/Parallel Seq Scan,Parallel Seq Scan,Parallel Seq Scan,5,7,0,0,140,140
23,Finalize Aggregate/Gather/Partial Aggregate/Nested Loop/Index Scan,Sort/GroupAggregate/Sort/Gather/Nested Loop/Nested Loop/Index Scan,Index Scan,Index Scan,4,6,0,0,136,136
23,Finalize Aggregate,Sort,Finalize Aggregate,Sort,0,0,0,0,141,141
23,Finalize Aggregate/Gather/Partial Aggregate/Nested Loop/Parallel Hash Join/Parallel Hash/Nested Loop/Hash Join/Hash/Seq Scan,Sort/GroupAggregate/Sort/Gather/Nested Loop/Nested Loop/Parallel Hash Join/Parallel Hash/Hash Join/Hash/Seq Scan,Seq Scan,Seq Scan,9,10,0,0,138,138
23,Finalize Aggregate/Gather/Partial Aggregate/Nested Loop/Parallel Hash Join/Parallel Hash/Nested Loop/Hash Join/Parallel Seq Scan,Sort/GroupAggregate/Sort/Gather/Nested Loop/Nested Loop/Parallel Hash Join/Parallel Hash/Hash Join/Nested Loop/Hash Join/Hash Join/Parallel Seq Scan,Parallel Seq Scan,Parallel Seq Scan,8,12,0,0,139,139
23,Finalize Aggregate/Gather/Partial Aggregate/Nested Loop/Parallel Hash Join/Parallel Hash/Nested Loop/Index Scan,Sort/GroupAggregate/Sort/Gather/Nested Loop/Nested Loop/Parallel Hash Join/Parallel Hash/Hash Join/Nested Loop/Index Scan,Index Scan,Index Scan,7,10,0,0,137,137
24,Finalize Aggregate/Gather/Partial Aggregate/Nested Loop/Nested Loop/Parallel Hash Join/Parallel Seq Scan,Sort/GroupAggregate/Sort/Gather/Nested Loop/Parallel Hash Join/Parallel Seq Scan,Parallel Seq Scan,Parallel Seq Scan,6,6,0,0,149,149
24,Finalize Aggregate/Gather/Partial Aggregate/Nested Loop/Nested Loop/Parallel Hash Join/Parallel Hash/Nested Loop/Index Scan,Sort/GroupAggregate/Sort/Gather/Nested Loop/Parallel Hash Join/Parallel Hash/Parallel Hash Semi Join/Nested Loop/Index Scan,Index Scan,Index Scan,8,9,0,0,146,146
24,Finalize Aggregate/Gather/Partial Aggregate/Nested Loop/Nested Loop/Parallel Hash Join/Parallel Hash/Nested Loop/Parallel Hash Join/Parallel Hash/Hash Join/Parallel Seq Scan,Sort/GroupAggregate/Sort/Gather/Nested Loop/Parallel Hash Join/Parallel Hash/Parallel Hash Semi Join/Parallel Hash/Hash Join/Parallel Seq Scan,Parallel Seq Scan,Parallel Seq Scan,11,10,0,0,147,147
24,Finalize Aggregate,Sort,Finalize Aggregate,Sort,0,0,0,0,150,150
24,Finalize Aggregate/Gather/Partial Aggregate/Nested Loop/Nested Loop/Parallel Hash Join/Parallel Hash/Nested Loop/Parallel Hash Join/Parallel Seq Scan,Sort/GroupAggregate/Sort/Gather/Nested Loop/Parallel Hash Join/Parallel Hash/Parallel Hash Semi Join/Nested Loop/Hash Join/Parallel Seq Scan,Parallel Seq Scan,Parallel Seq Scan,9,10,0,0,148,148
24,Finalize Aggregate/Gather/Partial Aggregate/Nested Loop/Nested Loop/Index Scan,Sort/GroupAggregate/Sort/Gather/Nested Loop/Index Scan,Index Scan,Index Scan,5,5,0,0,145,145
24,Finalize Aggregate/Gather/Partial Aggregate/Nested Loop/Hash Join/Hash/Seq Scan,Sort/GroupAggregate/Sort/Gather/Nested Loop/Parallel Hash Join/Parallel Hash/Parallel Hash Semi Join/Parallel Hash/Hash Join/Hash/Seq Scan,Seq Scan,Seq Scan,6,11,0,0,143,143
24,Finalize Aggregate/Gather/Partial Aggregate/Nested Loop/Hash Join/Seq Scan,Sort/GroupAggregate/Sort/Gather/Nested Loop/Parallel Hash Join/Parallel Hash/Parallel Hash Semi Join/Nested Loop/Hash Join/Hash/Seq Scan,Seq Scan,Seq Scan,5,11,0,0,144,144
25,Finalize Aggregate/Gather/Partial Aggregate/Nested Loop/Hash Join/Hash/Seq Scan,Sort/GroupAggregate/Sort/Gather/Nested Loop/Parallel Hash Join/Parallel Hash/Parallel Hash Semi Join/Parallel Hash/Hash Join/Hash/Seq Scan,Seq Scan,Seq Scan,6,11,0,0,152,152
25,Finalize Aggregate/Gather/Partial Aggregate/Nested Loop/Nested Loop/Index Scan,Sort/GroupAggregate/Sort/Gather/Nested Loop/Index Scan,Index Scan,Index Scan,5,5,0,0,154,154
25,Finalize Aggregate/Gather/Partial Aggregate/Nested Loop/Nested Loop/Parallel Hash Join/Parallel Hash/Nested Loop/Parallel Hash Join/Parallel Hash/Hash Join/Parallel Seq Scan,Sort/GroupAggregate/Sort/Gather/Nested Loop/Parallel Hash Join/Parallel Hash/Parallel Hash Semi Join/Parallel Hash/Hash Join/Parallel Seq Scan,Parallel Seq Scan,Parallel Seq Scan,11,10,0,0,156,156
25,Finalize Aggregate/Gather/Partial Aggregate/Nested Loop/Nested Loop/Parallel Hash Join/Parallel Hash/Nested Loop/Index Scan,Sort/GroupAggregate/Sort/Gather/Nested Loop/Parallel Hash Join/Parallel Hash/Parallel Hash Semi Join/Nested Loop/Index Scan,Index Scan,Index Scan,8,9,0,0,155,155
25,Finalize Aggregate/Gather/Partial Aggregate/Nested Loop/Nested Loop/Parallel Hash Join/Parallel Hash/Nested Loop/Parallel Hash Join/Parallel Seq Scan,Sort/GroupAggregate/Sort/Gather/Nested Loop/Parallel Hash Join/Parallel Hash/Parallel Hash Semi Join/Nested Loop/Hash Join/Parallel Seq Scan,Parallel Seq Scan,Parallel Seq Scan,9,10,0,0,157,157
25,Finalize Aggregate,Sort,Finalize Aggregate,Sort,0,0,0,0,159,159
25,Finalize Aggregate/Gather/Partial Aggregate/Nested Loop/Nested Loop/Parallel Hash Join/Parallel Seq Scan,Sort/GroupAggregate/Sort/Gather/Nested Loop/Parallel Hash Join/Parallel Seq Scan,Parallel Seq Scan,Parallel Seq Scan,6,6,0,0,158,158
25,Finalize Aggregate/Gather/Partial Aggregate/Nested Loop/Hash Join/Seq Scan,Sort/GroupAggregate/Sort/Gather/Nested Loop/Parallel Hash Join/Parallel Hash/Parallel Hash Semi Join/Nested Loop/Hash Join/Hash/Seq Scan,Seq Scan,Seq Scan,5,11,0,0,153,153
26,Finalize Aggregate/Gather/Partial Aggregate/Parallel Hash Join/Parallel Hash/Nested Loop/Merge Join/Sort/Hash Join/Seq Scan,Sort/GroupAggregate/Sort/Gather/Nested Loop/Parallel Hash Join/Parallel Hash/Parallel Hash Semi Join/Nested Loop/Hash Join/Hash/Seq Scan,Seq Scan,Seq Scan,9,11,0,0,164,164
26,Finalize Aggregate/Gather/Partial Aggregate/Parallel Hash Join/Parallel Hash/Nested Loop/Index Scan,Sort/GroupAggregate/Sort/Gather/Nested Loop/Index Scan,Index Scan,Index Scan,6,5,0,0,161,161
26,Finalize Aggregate/Gather/Partial Aggregate/Parallel Hash Join/Parallel Seq Scan,Sort/GroupAggregate/Sort/Gather/Nested Loop/Parallel Hash Join/Parallel Seq Scan,Parallel Seq Scan,Parallel Seq Scan,4,6,0,0,167,167
26,Finalize Aggregate/Gather/Partial Aggregate/Parallel Hash Join/Parallel Hash/Nested Loop/Merge Join/Sort/Parallel Hash Join/Parallel Hash/Nested Loop/Hash Join/Parallel Seq Scan,Sort/GroupAggregate/Sort/Gather/Nested Loop/Parallel Hash Join/Parallel Hash/Parallel Hash Semi Join/Parallel Hash/Hash Join/Parallel Seq Scan,Parallel Seq Scan,Parallel Seq Scan,12,10,0,0,165,165
26,Finalize Aggregate,Sort,Finalize Aggregate,Sort,0,0,0,0,168,168
26,Finalize Aggregate/Gather/Partial Aggregate/Parallel Hash Join/Parallel Hash/Nested Loop/Merge Join/Sort/Hash Join/Hash/Seq Scan,Sort/GroupAggregate/Sort/Gather/Nested Loop/Parallel Hash Join/Parallel Hash/Parallel Hash Semi Join/Parallel Hash/Hash Join/Hash/Seq Scan,Seq Scan,Seq Scan,10,11,0,0,163,163
26,Finalize Aggregate/Gather/Partial Aggregate/Parallel Hash Join/Parallel Hash/Nested Loop/Merge Join/Sort/Parallel Hash Join/Parallel Seq Scan,Sort/GroupAggregate/Sort/Gather/Nested Loop/Parallel Hash Join/Parallel Hash/Parallel Hash Semi Join/Nested Loop/Hash Join/Parallel Seq Scan,Parallel Seq Scan,Parallel Seq Scan,9,10,0,0,166,166
26,Finalize Aggregate/Gather/Partial Aggregate/Parallel Hash Join/Parallel Hash/Nested Loop/Merge Join/Sort/Parallel Hash Join/Parallel Hash/Nested Loop/Index Scan,Sort/GroupAggregate/Sort/Gather/Nested Loop/Parallel Hash Join/Parallel Hash/Parallel Hash Semi Join/Nested Loop/Index Scan,Index Scan,Index Scan,11,9,0,0,162,162
27,Finalize Aggregate/Gather/Partial Aggregate/Nested Loop/Nested Loop/Parallel Hash Join/Parallel Hash/Nested Loop/Parallel Hash Join/Parallel Hash/Hash Join/Parallel Seq Scan,Sort/GroupAggregate/Sort/Gather/Nested Loop/Parallel Hash Join/Parallel Hash/Parallel Hash Semi Join/Parallel Hash/Hash Join/Parallel Seq Scan,Parallel Seq Scan,Parallel Seq Scan,11,10,0,0,173,173
27,Finalize Aggregate/Gather/Partial Aggregate/Nested Loop/Nested Loop/Parallel Hash Join/Parallel Hash/Nested Loop/Parallel Hash Join/Parallel Hash/Hash Join/Hash/Seq Scan,Sort/GroupAggregate/Sort/Gather/Nested Loop/Parallel Hash Join/Parallel Hash/Parallel Hash Semi Join/Parallel Hash/Hash Join/Hash/Seq Scan,Seq Scan,Seq Scan,12,11,0,0,172,172
27,Finalize Aggregate/Gather/Partial Aggregate/Nested Loop/Nested Loop/Parallel Hash Join/Parallel Seq Scan,Sort/GroupAggregate/Sort/Gather/Nested Loop/Parallel Hash Join/Parallel Seq Scan,Parallel Seq Scan,Parallel Seq Scan,6,6,0,0,175,175
27,Finalize Aggregate/Gather/Partial Aggregate/Nested Loop/Nested Loop/Parallel Hash Join/Parallel Hash/Nested Loop/Parallel Hash Join/Parallel Seq Scan,Sort/GroupAggregate/Sort/Gather/Nested Loop/Parallel Hash Join/Parallel Hash/Parallel Hash Semi Join/Nested Loop/Hash Join/Parallel Seq Scan,Parallel Seq Scan,Parallel Seq Scan,9,10,0,0,174,174
27,Finalize Aggregate/Gather/Partial Aggregate/Nested Loop/Index Scan,Sort/GroupAggregate/Sort/Gather/Nested Loop/Index Scan,Index Scan,Index Scan,4,5,0,0,170,170
27,Finalize Aggregate,Sort,Finalize Aggregate,Sort,0,0,0,0,176,176
27,Finalize Aggregate/Gather/Partial Aggregate/Nested Loop/Nested Loop/Index Scan,Sort/GroupAggregate/Sort/Gather/Nested Loop/Parallel Hash Join/Parallel Hash/Parallel Hash Semi Join/Nested Loop/Index Scan,Index Scan,Index Scan,5,9,0,0,171,171
28,Finalize Aggregate/Gather/Partial Aggregate/Nested Loop/Nested Loop/Nested Loop/Parallel Hash Join/Parallel Seq Scan,Sort/GroupAggregate/Sort/Gather/Nested Loop/Parallel Hash Join/Parallel Seq Scan,Parallel Seq Scan,Parallel Seq Scan,7,6,0,0,183,183
28,Finalize Aggregate/Gather/Partial Aggregate/Nested Loop/Nested Loop/Nested Loop/Parallel Hash Join/Parallel Hash/Parallel Hash Join/Parallel Seq Scan,Sort/GroupAggregate/Sort/Gather/Nested Loop/Parallel Hash Join/Parallel Hash/Parallel Hash Semi Join/Nested Loop/Hash Join/Parallel Seq Scan,Parallel Seq Scan,Parallel Seq Scan,9,10,0,0,182,182
28,Finalize Aggregate,Sort,Finalize Aggregate,Sort,0,0,0,0,184,184
28,Finalize Aggregate/Gather/Partial Aggregate/Nested Loop/Nested Loop/Nested Loop/Parallel Hash Join/Parallel Hash/Parallel Hash Join/Parallel Hash/Hash Join/Hash/Seq Scan,Sort/GroupAggregate/Sort/Gather/Nested Loop/Parallel Hash Join/Parallel Hash/Parallel Hash Semi Join/Parallel Hash/Hash Join/Hash/Seq Scan,Seq Scan,Seq Scan,12,11,0,0,180,180
28,Finalize Aggregate/Gather/Partial Aggregate/Nested Loop/Nested Loop/Nested Loop/Parallel Hash Join/Parallel Hash/Parallel Hash Join/Parallel Hash/Hash Join/Parallel Seq Scan,Sort/GroupAggregate/Sort/Gather/Nested Loop/Parallel Hash Join/Parallel Hash/Parallel Hash Semi Join/Parallel Hash/Hash Join/Parallel Seq Scan,Parallel Seq Scan,Parallel Seq Scan,11,10,0,0,181,181
28,Finalize Aggregate/Gather/Partial Aggregate/Nested Loop/Nested Loop/Index Scan,Sort/GroupAggregate/Sort/Gather/Nested Loop/Parallel Hash Join/Parallel Hash/Parallel Hash Semi Join/Nested Loop/Index Scan,Index Scan,Index Scan,5,9,0,0,179,179
28,Finalize Aggregate/Gather/Partial Aggregate/Nested Loop/Index Scan,Sort/GroupAggregate/Sort/Gather/Nested Loop/Index Scan,Index Scan,Index Scan,4,5,0,0,178,178
29,Finalize Aggregate/Gather/Partial Aggregate/Parallel Hash Join/Parallel Hash/Nested Loop/Nested Loop/Parallel Hash Join/Parallel Hash/Hash Join/Parallel Seq Scan,Sort/GroupAggregate/Sort/Gather/Nested Loop/Parallel Hash Join/Parallel Hash/Parallel Hash Semi Join/Parallel Hash/Hash Join/Parallel Seq Scan,Parallel Seq Scan,Parallel Seq Scan,10,10,0,0,188,188
29,Finalize Aggregate,Sort,Finalize Aggregate,Sort,0,0,0,0,191,191
29,Finalize Aggregate/Gather/Partial Aggregate/Parallel Hash Join/Parallel Hash/Nested Loop/Nested Loop/Parallel Hash Join/Parallel Hash Join/Parallel Seq Scan,Sort/GroupAggregate/Sort/Gather/Nested Loop/Parallel Hash Join/Parallel Hash/Parallel Hash Semi Join/Nested Loop/Hash Join/Parallel Seq Scan,Parallel Seq Scan,Parallel Seq Scan,9,10,0,0,189,189
29,Finalize Aggregate/Gather/Partial Aggregate/Parallel Hash Join/Parallel Hash/Nested Loop/Index Scan,Sort/GroupAggregate/Sort/Gather/Nested Loop/Index Scan,Index Scan,Index Scan,6,5,0,0,186,186
29,Finalize Aggregate/Gather/Partial Aggregate/Parallel Hash Join/Parallel Hash/Nested Loop/Nested Loop/Parallel Hash Join/Parallel Hash Join/Parallel Hash/Parallel Seq Scan,Sort/GroupAggregate/Sort/Gather/Nested Loop/Parallel Hash Join/Parallel Seq Scan,Parallel Seq Scan,Parallel Seq Scan,10,6,0,0,190,190
29,Finalize Aggregate/Gather/Partial Aggregate/Parallel Hash Join/Parallel Hash/Nested Loop/Nested Loop/Parallel Hash Join/Parallel Hash/Hash Join/Hash/Seq Scan,Sort/GroupAggregate/Sort/Gather/Nested Loop/Parallel Hash Join/Parallel Hash/Parallel Hash Semi Join/Parallel Hash/Hash Join/Hash/Seq Scan,Seq Scan,Seq Scan,11,11,0,0,187,187
30,Finalize Aggregate/Gather/Partial Aggregate/Parallel Hash Join/Parallel Hash/Nested Loop/Nested Loop/Parallel Hash Join/Parallel Hash Join/Parallel Seq Scan,Sort/GroupAggregate/Sort/Nested Loop/Nested Loop/Hash Join/Hash/Gather/Parallel Hash Join/Parallel Seq Scan,Parallel Seq Scan,Parallel Seq Scan,9,9,0,0,196,196
30,Finalize Aggregate,Sort,Finalize Aggregate,Sort,0,0,0,0,198,198
30,Finalize Aggregate/Gather/Partial Aggregate/Parallel Hash Join/Parallel Hash/Nested Loop/Nested Loop/Parallel Hash Join/Parallel Hash/Hash Join/Parallel Seq Scan,Sort/GroupAggregate/Sort/Nested Loop/Nested Loop/Hash Join/Hash/Gather/Parallel Hash Join/Parallel Hash/Nested Loop/Nested Loop/Hash Join/Parallel Seq Scan,Parallel Seq Scan,Parallel Seq Scan,10,13,0,0,195,195
30,Finalize Aggregate/Gather/Partial Aggregate/Parallel Hash Join/Parallel Hash/Nested Loop/Nested Loop/Index Only Scan,Sort/GroupAggregate/Sort/Nested Loop/Index Only Scan,Index Only Scan,Index Only Scan,7,4,0,0,197,197
30,Finalize Aggregate/Gather/Partial Aggregate/Parallel Hash Join/Parallel Hash/Nested Loop/Nested Loop/Parallel Hash Join/Parallel Hash/Hash Join/Hash/Seq Scan,Sort/GroupAggregate/Sort/Nested Loop/Nested Loop/Hash Join/Hash/Gather/Parallel Hash Join/Parallel Hash/Nested Loop/Nested Loop/Hash Join/Hash/Seq Scan,Seq Scan,Seq Scan,11,14,0,0,194,194
30,Finalize Aggregate/Gather/Partial Aggregate/Parallel Hash Join/Parallel Hash/Nested Loop/Index Scan,Sort/GroupAggregate/Sort/Nested Loop/Nested Loop/Index Scan,Index Scan,Index Scan,6,5,0,0,193,193
31,Aggregate/Nested Loop/Index Scan,Sort/GroupAggregate/Sort/Nested Loop/Nested Loop/Index Scan,Index Scan,Index Scan,2,5,0,0,200,200
31,Aggregate,Sort,Aggregate,Sort,0,0,0,0,206,206
31,Aggregate/Nested Loop/Nested Loop/Nested Loop/Gather/Parallel Hash Join/Parallel Hash/Nested Loop/Parallel Hash Join/Parallel Hash/Hash Join/Parallel Seq Scan,Sort/GroupAggregate/Sort/Nested Loop/Nested Loop/Hash Join/Hash/Gather/Parallel Hash Join/Parallel Hash/Nested Loop/Nested Loop/Hash Join/Parallel Seq Scan,Parallel Seq Scan,Parallel Seq Scan,11,13,0,0,204,204
31,Aggregate/Nested Loop/Nested Loop/Nested Loop/Gather/Parallel Hash Join/Parallel Hash/Nested Loop/Parallel Hash Join/Parallel Seq Scan,Sort/GroupAggregate/Sort/Nested Loop/Nested Loop/Hash Join/Hash/Gather/Parallel Hash Join/Parallel Seq Scan,Parallel Seq Scan,Parallel Seq Scan,9,9,0,0,205,205
31,Aggregate/Nested Loop/Nested Loop/Nested Loop/Index Scan,Sort/GroupAggregate/Sort/Nested Loop/Nested Loop/Hash Join/Hash/Gather/Parallel Hash Join/Parallel Hash/Nested Loop/Memoize/Index Scan,Index Scan,Index Scan,4,12,0,0,202,202
31,Aggregate/Nested Loop/Nested Loop/Index Scan,Sort/GroupAggregate/Sort/Nested Loop/Nested Loop/Hash Join/Hash/Gather/Parallel Hash Join/Parallel Hash/Nested Loop/Nested Loop/Index Scan,Index Scan,Index Scan,3,12,0,0,201,201
31,Aggregate/Nested Loop/Nested Loop/Nested Loop/Gather/Parallel Hash Join/Parallel Hash/Nested Loop/Parallel Hash Join/Parallel Hash/Hash Join/Hash/Seq Scan,Sort/GroupAggregate/Sort/Nested Loop/Nested Loop/Hash Join/Hash/Gather/Parallel Hash Join/Parallel Hash/Nested Loop/Nested Loop/Hash Join/Hash/Seq Scan,Seq Scan,Seq Scan,12,14,0,0,203,203
32,Aggregate/Nested Loop/Nested Loop/Index Scan,Sort/GroupAggregate/Sort/Nested Loop/Nested Loop/Index Scan,Index Scan,Index Scan,3,5,0,0,209,209
32,Aggregate,Sort,Aggregate,Sort,0,0,0,0,213,213
32,Aggregate/Nested Loop/Nested Loop/Nested Loop/Gather/Parallel Hash Join/Parallel Hash/Nested Loop/Parallel Hash Join/Parallel Hash/Hash Join/Hash/Seq Scan,Sort/GroupAggregate/Sort/Nested Loop/Nested Loop/Nested Loop/Gather/Hash Join/Hash/Nested Loop/Seq Scan,Seq Scan,Seq Scan,12,10,0,0,211,211
32,Aggregate/Nested Loop/Nested Loop/Nested Loop/Gather/Parallel Hash Join/Parallel Hash/Nested Loop/Parallel Hash Join/Parallel Hash/Hash Join/Parallel Seq Scan,Sort/GroupAggregate/Sort/Nested Loop/Nested Loop/Nested Loop/Gather/Hash Join/Parallel Seq Scan,Parallel Seq Scan,Parallel Seq Scan,11,8,0,0,212,212
32,Aggregate/Nested Loop/Nested Loop/Nested Loop/Index Scan,Sort/GroupAggregate/Sort/Nested Loop/Nested Loop/Nested Loop/Index Scan,Index Scan,Index Scan,4,6,0,0,210,210
32,Aggregate/Nested Loop/Index Scan,Sort/GroupAggregate/Sort/Nested Loop/Index Scan,Index Scan,Index Scan,2,4,0,0,208,208
33,Aggregate/Nested Loop/Nested Loop/Nested Loop/Gather/Parallel Hash Join/Parallel Hash/Nested Loop/Parallel Hash Join/Parallel Seq Scan,Sort/GroupAggregate/Nested Loop/Nested Loop/Gather Merge/Sort/Hash Join/Hash Join/Parallel Hash Join/Parallel Hash/Parallel Seq Scan,Parallel Seq Scan,Parallel Seq Scan,9,10,0,0,216,216
33,Aggregate/Nested Loop/Nested Loop/Nested Loop/Gather/Parallel Hash Join/Parallel Hash/Nested Loop/Parallel Hash Join/Parallel Hash/Hash Join/Parallel Seq Scan,Sort/GroupAggregate/Nested Loop/Nested Loop/Gather Merge/Sort/Hash Join/Hash Join/Parallel Hash Join/Parallel Seq Scan,Parallel Seq Scan,Parallel Seq Scan,11,9,0,0,215,215
33,Aggregate,Sort,Aggregate,Sort,0,0,0,0,218,218
33,Aggregate/Nested Loop/Nested Loop/Nested Loop/Gather/Parallel Hash Join/Parallel Hash/Nested Loop/Parallel Hash Join/Parallel Hash/Hash Join/Hash/Seq Scan,Sort/GroupAggregate/Nested Loop/Nested Loop/Materialize/Hash Join/Hash/Seq Scan,Seq Scan,Seq Scan,12,7,0,0,214,214
33,Aggregate/Nested Loop/Index Scan,Sort/GroupAggregate/Nested Loop/Index Scan,Index Scan,Index Scan,2,3,0,0,217,217
34,Finalize Aggregate,Sort,Finalize Aggregate,Sort,0,0,0,0,225,225
34,Finalize Aggregate/Gather/Partial Aggregate/Parallel Hash Join/Parallel Hash/Nested Loop/Nested Loop/Index Scan,Sort/GroupAggregate/Nested Loop/Nested Loop/Index Scan,Index Scan,Index Scan,7,4,0,0,221,221
34,Finalize Aggregate/Gather/Partial Aggregate/Parallel Hash Join/Parallel Hash/Nested Loop/Index Scan,Sort/GroupAggregate/Nested Loop/Index Scan,Index Scan,Index Scan,6,3,0,0,220,220
34,Finalize Aggregate/Gather/Partial Aggregate/Parallel Hash Join/Parallel Hash/Nested Loop/Nested Loop/Parallel Hash Join/Parallel Hash/Nested Loop/Nested Loop/Hash Join/Hash/Seq Scan,Sort/GroupAggregate/Nested Loop/Nested Loop/Gather Merge/Sort/Nested Loop/Hash Join/Hash/Nested Loop/Hash Join/Hash/Seq Scan,Seq Scan,Seq Scan,13,12,0,0,223,223
34,Finalize Aggregate/Gather/Partial Aggregate/Parallel Hash Join/Parallel Hash/Nested Loop/Nested Loop/Parallel Hash Join/Parallel Hash/Nested Loop/Index Scan,Sort/GroupAggregate/Nested Loop/Nested Loop/Gather Merge/Sort/Nested Loop/Index Scan,Index Scan,Index Scan,10,7,0,0,222,222
34,Finalize Aggregate/Gather/Partial Aggregate/Parallel Hash Join/Parallel Hash/Nested Loop/Nested Loop/Parallel Hash Join/Parallel Hash/Nested Loop/Nested Loop/Hash Join/Parallel Seq Scan,Sort/GroupAggregate/Nested Loop/Nested Loop/Gather Merge/Sort/Nested Loop/Hash Join/Parallel Seq Scan,Parallel Seq Scan,Parallel Seq Scan,12,8,0,0,224,224
35,Finalize Aggregate/Gather/Partial Aggregate/Nested Loop/Nested Loop/Nested Loop/Nested Loop/Parallel Hash Join/Parallel Hash/Hash Join/Hash/Seq Scan,Sort/GroupAggregate/Nested Loop/Nested Loop/Gather Merge/Sort/Nested Loop/Hash Join/Hash/Nested Loop/Seq Scan,Seq Scan,Seq Scan,11,10,0,0,229,229
35,Finalize Aggregate/Gather/Partial Aggregate/Nested Loop/Nested Loop/Nested Loop/Nested Loop/Parallel Hash Join/Parallel Hash/Hash Join/Parallel Seq Scan,Sort/GroupAggregate/Nested Loop/Nested Loop/Gather Merge/Sort/Nested Loop/Hash Join/Parallel Seq Scan,Parallel Seq Scan,Parallel Seq Scan,10,8,0,0,231,231
35,Finalize Aggregate/Gather/Partial Aggregate/Nested Loop/Nested Loop/Nested Loop/Nested Loop/Index Scan,Sort/GroupAggregate/Nested Loop/Nested Loop/Gather Merge/Sort/Nested Loop/Index Scan,Index Scan,Index Scan,7,7,0,0,230,230
35,Finalize Aggregate/Gather/Partial Aggregate/Nested Loop/Nested Loop/Nested Loop/Index Scan,Sort/GroupAggregate/Nested Loop/Nested Loop/Index Scan,Index Scan,Index Scan,6,4,0,0,228,228
35,Finalize Aggregate,Sort,Finalize Aggregate,Sort,0,0,0,0,232,232
35,Finalize Aggregate/Gather/Partial Aggregate/Nested Loop/Index Scan,Sort/GroupAggregate/Nested Loop/Index Scan,Index Scan,Index Scan,4,3,0,0,227,227
36,Finalize Aggregate/Gather/Partial Aggregate/Nested Loop/Nested Loop/Parallel Hash Join/Parallel Seq Scan,Sort/GroupAggregate/Nested Loop/Nested Loop/Gather Merge/Sort/Hash Join/Hash Join/Parallel Hash Join/Parallel Hash/Parallel Seq Scan,Parallel Seq Scan,Parallel Seq Scan,6,10,0,0,235,235
36,Finalize Aggregate/Gather/Partial Aggregate/Nested Loop/Nested Loop/Index Scan,Sort/GroupAggregate/Nested Loop/Index Scan,Index Scan,Index Scan,5,3,0,0,236,236
36,Finalize Aggregate/Gather/Partial Aggregate/Nested Loop/Nested Loop/Parallel Hash Join/Parallel Hash/Nested Loop/Nested Loop/Hash Join/Parallel Seq Scan,Sort/GroupAggregate/Nested Loop/Nested Loop/Gather Merge/Sort/Hash Join/Hash Join/Parallel Hash Join/Parallel Seq Scan,Parallel Seq Scan,Parallel Seq Scan,10,9,0,0,234,234
36,Finalize Aggregate/Gather/Partial Aggregate/Nested Loop/Nested Loop/Parallel Hash Join/Parallel Hash/Nested Loop/Nested Loop/Hash Join/Hash/Seq Scan,Sort/GroupAggregate/Nested Loop/Nested Loop/Materialize/Hash Join/Hash/Seq Scan,Seq Scan,Seq Scan,11,7,0,0,233,233
36,Finalize Aggregate,Sort,Finalize Aggregate,Sort,0,0,0,0,237,237
37,Finalize Aggregate/Gather/Partial Aggregate/Hash Join/Hash/Seq Scan,Sort/GroupAggregate/Sort/Gather/Nested Loop/Nested Loop/Parallel Hash Join/Parallel Hash/Hash Join/Hash/Seq Scan,Seq Scan,Seq Scan,5,10,0,0,239,239
37,Finalize Aggregate,Sort,Finalize Aggregate,Sort,0,0,0,0,244,244
37,Finalize Aggregate/Gather/Partial Aggregate/Hash Join/Nested Loop/Parallel Hash Join/Parallel Hash/Parallel Hash Join/Parallel Seq Scan,Sort/GroupAggregate/Sort/Gather/Nested Loop/Nested Loop/Parallel Hash Join/Parallel Seq Scan,Parallel Seq Scan,Parallel Seq Scan,8,7,0,0,243,243
37,Finalize Aggregate/Gather/Partial Aggregate/Hash Join/Nested Loop/Parallel Hash Join/Hash Join/Hash/Seq Scan,Sort/GroupAggregate/Sort/Gather/Nested Loop/Nested Loop/Parallel Hash Join/Parallel Hash/Hash Join/Nested Loop/Hash Join/Hash/Seq Scan,Seq Scan,Seq Scan,8,12,0,0,240,240
37,Finalize Aggregate/Gather/Partial Aggregate/Hash Join/Nested Loop/Parallel Hash Join/Parallel Hash/Parallel Hash Join/Parallel Hash/Parallel Hash Join/Parallel Seq Scan,Sort/GroupAggregate/Sort/Gather/Nested Loop/Nested Loop/Parallel Hash Join/Parallel Hash/Hash Join/Nested Loop/Hash Join/Hash Join/Parallel Seq Scan,Parallel Seq Scan,Parallel Seq Scan,10,12,0,0,242,242
37,Finalize Aggregate/Gather/Partial Aggregate/Hash Join/Nested Loop/Memoize/Index Scan,Sort/GroupAggregate/Sort/Gather/Nested Loop/Nested Loop/Index Scan,Index Scan,Index Scan,6,6,0,0,241,241
38,Aggregate/Nested Loop/Index Scan,Sort/GroupAggregate/Sort/Nested Loop/Gather/Nested Loop/Nested Loop/Index Scan,Index Scan,Index Scan,2,7,0,0,247,247
38,Aggregate/Nested Loop/Gather/Nested Loop/Nested Loop/Parallel Hash Join/Parallel Hash/Hash Join/Hash/Seq Scan,Sort/GroupAggregate/Sort/Nested Loop/Gather/Nested Loop/Nested Loop/Parallel Hash Join/Parallel Hash/Hash Join/Hash/Seq Scan,Seq Scan,Seq Scan,9,11,0,0,249,249
38,Aggregate,Sort,Aggregate,Sort,0,0,0,0,253,253
38,Aggregate/Nested Loop/Gather/Nested Loop/Index Scan,Sort/GroupAggregate/Sort/Nested Loop/Gather/Nested Loop/Memoize/Index Scan,Index Scan,Index Scan,4,7,0,0,248,248
38,Aggregate/Nested Loop/Gather/Nested Loop/Nested Loop/Parallel Hash Join/Hash Join/Hash/Hash Join/Hash/Seq Scan,Sort/GroupAggregate/Sort/Nested Loop/Gather/Nested Loop/Nested Loop/Parallel Hash Join/Hash Join/Hash/Seq Scan,Seq Scan,Seq Scan,10,10,0,0,250,250
38,Aggregate/Nested Loop/Gather/Nested Loop/Nested Loop/Parallel Hash Join/Hash Join/Parallel Seq Scan,Sort/GroupAggregate/Sort/Nested Loop/Gather/Nested Loop/Nested Loop/Parallel Hash Join/Hash Join/Parallel Seq Scan,Parallel Seq Scan,Parallel Seq Scan,7,9,0,0,252,252
38,Aggregate/Nested Loop/Gather/Nested Loop/Nested Loop/Parallel Hash Join/Parallel Hash/Hash Join/Parallel Seq Scan,Sort/GroupAggregate/Sort/Nested Loop/Gather/Nested Loop/Nested Loop/Parallel Hash Join/Parallel Hash/Hash Join/Parallel Hash Join/Parallel Seq Scan,Parallel Seq Scan,Parallel Seq Scan,8,11,0,0,251,251
39,Aggregate/Nested Loop/Nested Loop/Nested Loop/Merge Join/Nested Loop/Materialize/Seq Scan,Sort/GroupAggregate/Gather Merge/Sort/Parallel Hash Semi Join/Nested Loop/Nested Loop/Parallel Hash Join/Parallel Hash/Nested Loop/Parallel Hash Join/Hash Join/Hash/Seq Scan,Seq Scan,Seq Scan,7,13,0,0,260,260
39,Aggregate/Nested Loop/Nested Loop/Index Scan,Sort/GroupAggregate/Gather Merge/Sort/Parallel Hash Semi Join/Nested Loop/Nested Loop/Parallel Hash Join/Parallel Hash/Nested Loop/Index Scan,Index Scan,Index Scan,3,10,0,0,257,257
39,Aggregate,Sort,Aggregate,Sort,0,0,0,0,261,261
39,Aggregate/Nested Loop/Nested Loop/Nested Loop/Merge Join/Sort/Hash Join/Seq Scan,Sort/GroupAggregate/Gather Merge/Sort/Parallel Hash Semi Join/Nested Loop/Nested Loop/Parallel Hash Join/Parallel Hash/Nested Loop/Parallel Hash Join/Parallel Hash/Hash Join/Hash/Seq Scan,Seq Scan,Seq Scan,7,14,0,0,259,259
39,Aggregate/Nested Loop/Index Scan,Sort/GroupAggregate/Gather Merge/Sort/Parallel Hash Semi Join/Nested Loop/Nested Loop/Index Scan,Index Scan,Index Scan,2,7,0,0,256,256
39,Aggregate/Nested Loop/Nested Loop/Nested Loop/Merge Join/Sort/Hash Join/Hash/Seq Scan,Sort/GroupAggregate/Gather Merge/Sort/Parallel Hash Semi Join/Nested Loop/Materialize/Seq Scan,Seq Scan,Seq Scan,8,7,0,0,258,258
40,Finalize Aggregate/Gather/Partial Aggregate/Nested Loop/Nested Loop/Nested Loop/Nested Loop/Parallel Hash Join/Parallel Hash/Hash Join/Hash Join/Hash/Seq Scan,Sort/GroupAggregate/Sort/Gather/Nested Loop/Parallel Hash Join/Parallel Hash/Nested Loop/Parallel Hash Join/Parallel Hash/Nested Loop/Parallel Hash Join/Hash Join/Hash/Seq Scan,Seq Scan,Seq Scan,12,14,0,0,265,265
40,Finalize Aggregate/Gather/Partial Aggregate/Nested Loop/Nested Loop/Nested Loop/Index Scan,Sort/GroupAggregate/Sort/Gather/Nested Loop/Parallel Hash Join/Parallel Hash/Nested Loop/Index Scan,Index Scan,Index Scan,6,8,0,0,263,263
40,Finalize Aggregate,Sort,Finalize Aggregate,Sort,0,0,0,0,269,269
40,Finalize Aggregate/Gather/Partial Aggregate/Nested Loop/Nested Loop/Nested Loop/Nested Loop/Index Scan,Sort/GroupAggregate/Sort/Gather/Nested Loop/Parallel Hash Join/Parallel Hash/Nested Loop/Parallel Hash Join/Parallel Hash/Nested Loop/Index Scan,Index Scan,Index Scan,7,11,0,0,268,268
40,Finalize Aggregate/Gather/Partial Aggregate/Nested Loop/Nested Loop/Nested Loop/Nested Loop/Parallel Hash Join/Parallel Hash/Hash Join/Hash Join/Parallel Seq Scan,Sort/GroupAggregate/Sort/Gather/Nested Loop/Parallel Hash Join/Parallel Hash/Nested Loop/Parallel Hash Join/Parallel Hash/Nested Loop/Parallel Hash Join/Parallel Hash/Hash Join/Parallel Seq Scan,Parallel Seq Scan,Parallel Seq Scan,11,14,0,0,266,266
40,Finalize Aggregate/Gather/Partial Aggregate/Nested Loop/Nested Loop/Nested Loop/Nested Loop/Parallel Hash Join/Parallel Seq Scan,Sort/GroupAggregate/Sort/Gather/Nested Loop/Parallel Hash Join/Parallel Hash/Nested Loop/Parallel Hash Join/Parallel Hash/Nested Loop/Parallel Hash Join/Hash Join/Parallel Seq Scan,Parallel Seq Scan,Parallel Seq Scan,8,13,0,0,267,267
40,Finalize Aggregate/Gather/Partial Aggregate/Nested Loop/Nested Loop/Nested Loop/Nested Loop/Parallel Hash Join/Parallel Hash/Hash Join/Hash/Seq Scan,Sort/GroupAggregate/Sort/Gather/Nested Loop/Parallel Hash Join/Parallel Hash/Nested Loop/Parallel Hash Join/Parallel Hash/Nested Loop/Parallel Hash Join/Parallel Hash/Hash Join/Hash/Seq Scan,Seq Scan,Seq Scan,11,15,0,0,264,264
40,Finalize Aggregate/Gather/Partial Aggregate/Nested Loop/Index Scan,Sort/GroupAggregate/Sort/Gather/Nested Loop/Index Scan,Index Scan,Index Scan,4,5,0,0,262,262
41,Finalize Aggregate,Sort,Finalize Aggregate,Sort,0,0,0,0,279,279
41,Finalize Aggregate/Gather/Partial Aggregate/Nested Loop/Index Scan,Sort/GroupAggregate/Sort/Gather/Nested Loop/Index Scan,Index Scan,Index Scan,4,5,0,0,272,272
41,Finalize Aggregate/Gather/Partial Aggregate/Nested Loop/Nested Loop/Parallel Hash Join/Parallel Hash/Nested Loop/Nested Loop/Hash Join/Hash Join/Parallel Seq Scan,Sort/GroupAggregate/Sort/Gather/Nested Loop/Parallel Hash Join/Parallel Hash/Nested Loop/Parallel Hash Join/Parallel Hash/Nested Loop/Parallel Hash Join/Parallel Hash/Hash Join/Parallel Seq Scan,Parallel Seq Scan,Parallel Seq Scan,11,14,0,0,277,277
41,Finalize Aggregate/Gather/Partial Aggregate/Nested Loop/Nested Loop/Memoize/Index Scan,Sort/GroupAggregate/Sort/Gather/Nested Loop/Parallel Hash Join/Parallel Hash/Nested Loop/Parallel Hash Join/Parallel Hash/Nested Loop/Index Scan,Index Scan,Index Scan,6,11,0,0,274,274
41,Finalize Aggregate/Gather/Partial Aggregate/Nested Loop/Nested Loop/Parallel Hash Join/Parallel Seq Scan,Sort/GroupAggregate/Sort/Gather/Nested Loop/Parallel Hash Join/Parallel Hash/Nested Loop/Parallel Hash Join/Parallel Hash/Nested Loop/Parallel Hash Join/Hash Join/Parallel Seq Scan,Parallel Seq Scan,Parallel Seq Scan,6,13,0,0,278,278
41,Finalize Aggregate/Gather/Partial Aggregate/Nested Loop/Nested Loop/Parallel Hash Join/Parallel Hash/Nested Loop/Nested Loop/Hash Join/Hash/Seq Scan,Sort/GroupAggregate/Sort/Gather/Nested Loop/Parallel Hash Join/Parallel Hash/Nested Loop/Parallel Hash Join/Parallel Hash/Nested Loop/Parallel Hash Join/Parallel Hash/Hash Join/Hash/Seq Scan,Seq Scan,Seq Scan,11,15,0,0,275,275
41,Finalize Aggregate/Gather/Partial Aggregate/Nested Loop/Nested Loop/Parallel Hash Join/Parallel Hash/Nested Loop/Nested Loop/Hash Join/Hash Join/Hash/Seq Scan,Sort/GroupAggregate/Sort/Gather/Nested Loop/Parallel Hash Join/Parallel Hash/Nested Loop/Parallel Hash Join/Parallel Hash/Nested Loop/Parallel Hash Join/Hash Join/Hash/Seq Scan,Seq Scan,Seq Scan,12,14,0,0,276,276
41,Finalize Aggregate/Gather/Partial Aggregate/Nested Loop/Nested Loop/Parallel Hash Join/Parallel Hash/Nested Loop/Nested Loop/Index Scan,Sort/GroupAggregate/Sort/Gather/Nested Loop/Parallel Hash Join/Parallel Hash/Nested Loop/Index Scan,Index Scan,Index Scan,9,8,0,0,273,273
42,Finalize Aggregate/Gather/Partial Aggregate/Nested Loop/Index Scan,Sort/GroupAggregate/Sort/Nested Loop/Index Scan,Index Scan,Index Scan,4,4,0,0,282,282
42,Finalize Aggregate/Gather/Partial Aggregate/Nested Loop/Nested Loop/Index Scan,Sort/GroupAggregate/Sort/Nested Loop/Nested Loop/Index Scan,Index Scan,Index Scan,5,5,0,0,283,283
42,Finalize Aggregate/Gather/Partial Aggregate/Nested Loop/Nested Loop/Parallel Hash Join/Parallel Hash/Parallel Hash Join/Parallel Hash/Hash Join/Hash/Seq Scan,Sort/GroupAggregate/Sort/Nested Loop/Nested Loop/Gather/Parallel Hash Join/Parallel Hash/Nested Loop/Hash Join/Hash/Hash Join/Hash/Seq Scan,Seq Scan,Seq Scan,11,13,0,0,284,284
42,Finalize Aggregate/Gather/Partial Aggregate/Nested Loop/Nested Loop/Parallel Hash Join/Parallel Hash/Parallel Hash Join/Hash Join/Hash/Seq Scan,Sort/GroupAggregate/Sort/Nested Loop/Nested Loop/Gather/Parallel Hash Join/Parallel Hash/Nested Loop/Hash Join/Hash/Hash Join/Seq Scan,Seq Scan,Seq Scan,10,12,0,0,285,285
42,Finalize Aggregate/Gather/Partial Aggregate/Nested Loop/Nested Loop/Parallel Hash Join/Hash Join/Hash/Seq Scan,Sort/GroupAggregate/Sort/Nested Loop/Nested Loop/Gather/Parallel Hash Join/Parallel Hash/Nested Loop/Hash Join/Hash Join/Hash/Seq Scan,Seq Scan,Seq Scan,8,12,0,0,288,288
42,Finalize Aggregate,Sort,Finalize Aggregate,Sort,0,0,0,0,289,289
42,Finalize Aggregate/Gather/Partial Aggregate/Nested Loop/Nested Loop/Parallel Hash Join/Parallel Hash/Parallel Hash Join/Hash Join/Parallel Seq Scan,Sort/GroupAggregate/Sort/Nested Loop/Nested Loop/Gather/Parallel Hash Join/Parallel Seq Scan,Parallel Seq Scan,Parallel Seq Scan,9,7,0,0,287,287
42,Finalize Aggregate/Gather/Partial Aggregate/Nested Loop/Nested Loop/Parallel Hash Join/Parallel Hash/Parallel Hash Join/Parallel Hash/Hash Join/Parallel Seq Scan,Sort/GroupAggregate/Sort/Nested Loop/Nested Loop/Gather/Parallel Hash Join/Parallel Hash/Nested Loop/Hash Join/Hash Join/Parallel Seq Scan,Parallel Seq Scan,Parallel Seq Scan,10,11,0,0,286,286
43,Aggregate/Nested Loop/Gather/Nested Loop/Parallel Hash Join/Hash Join/Hash/Seq Scan,Sort/GroupAggregate/Sort/Nested Loop/Nested Loop/Gather/Parallel Hash Join/Parallel Hash/Nested Loop/Hash Join/Hash/Hash Join/Seq Scan,Seq Scan,Seq Scan,7,12,0,0,298,298
43,Aggregate,Sort,Aggregate,Sort,0,0,0,0,299,299
43,Aggregate/Nested Loop/Gather/Nested Loop/Index Scan,Sort/GroupAggregate/Sort/Nested Loop/Nested Loop/Index Scan,Index Scan,Index Scan,4,5,0,0,293,293
43,Aggregate/Nested Loop/Index Scan,Sort/GroupAggregate/Sort/Nested Loop/Index Scan,Index Scan,Index Scan,2,4,0,0,292,292
43,Aggregate/Nested Loop/Gather/Nested Loop/Parallel Hash Join/Parallel Hash/Parallel Hash Join/Hash Join/Parallel Seq Scan,Sort/GroupAggregate/Sort/Nested Loop/Nested Loop/Gather/Parallel Hash Join/Parallel Seq Scan,Parallel Seq Scan,Parallel Seq Scan,8,7,0,0,297,297
43,Aggregate/Nested Loop/Gather/Nested Loop/Parallel Hash Join/Parallel Hash/Parallel Hash Join/Parallel Hash/Hash Join/Parallel Seq Scan,Sort/GroupAggregate/Sort/Nested Loop/Nested Loop/Gather/Parallel Hash Join/Parallel Hash/Nested Loop/Hash Join/Hash Join/Parallel Seq Scan,Parallel Seq Scan,Parallel Seq Scan,9,11,0,0,296,296
43,Aggregate/Nested Loop/Gather/Nested Loop/Parallel Hash Join/Parallel Hash/Parallel Hash Join/Parallel Hash/Hash Join/Hash/Seq Scan,Sort/GroupAggregate/Sort/Nested Loop/Nested Loop/Gather/Parallel Hash Join/Parallel Hash/Nested Loop/Hash Join/Hash/Hash Join/Hash/Seq Scan,Seq Scan,Seq Scan,10,13,0,0,294,294
43,Aggregate/Nested Loop/Gather/Nested Loop/Parallel Hash Join/Parallel Hash/Parallel Hash Join/Hash Join/Hash/Seq Scan,Sort/GroupAggregate/Sort/Nested Loop/Nested Loop/Gather/Parallel Hash Join/Parallel Hash/Nested Loop/Hash Join/Hash Join/Hash/Seq Scan,Seq Scan,Seq Scan,9,12,0,0,295,295
44,Finalize Aggregate/Gather/Partial Aggregate/Nested Loop/Nested Loop/Parallel Hash Join/Parallel Hash/Parallel Hash Join/Parallel Hash/Hash Join/Parallel Seq Scan,Sort/GroupAggregate/Sort/Nested Loop/Nested Loop/Gather/Parallel Hash Join/Parallel Hash/Nested Loop/Hash Join/Hash Join/Parallel Seq Scan,Parallel Seq Scan,Parallel Seq Scan,10,11,0,0,306,306
44,Finalize Aggregate/Gather/Partial Aggregate/Nested Loop/Index Scan,Sort/GroupAggregate/Sort/Nested Loop/Index Scan,Index Scan,Index Scan,4,4,0,0,302,302
44,Finalize Aggregate,Sort,Finalize Aggregate,Sort,0,0,0,0,309,309
44,Finalize Aggregate/Gather/Partial Aggregate/Nested Loop/Nested Loop/Parallel Hash Join/Hash Join/Hash/Seq Scan,Sort/GroupAggregate/Sort/Nested Loop/Nested Loop/Gather/Parallel Hash Join/Parallel Hash/Nested Loop/Hash Join/Hash Join/Hash/Seq Scan,Seq Scan,Seq Scan,8,12,0,0,308,308
44,Finalize Aggregate/Gather/Partial Aggregate/Nested Loop/Nested Loop/Parallel Hash Join/Parallel Hash/Parallel Hash Join/Hash Join/Hash/Seq Scan,Sort/GroupAggregate/Sort/Nested Loop/Nested Loop/Gather/Parallel Hash Join/Parallel Hash/Nested Loop/Hash Join/Hash/Hash Join/Seq Scan,Seq Scan,Seq Scan,10,12,0,0,305,305
44,Finalize Aggregate/Gather/Partial Aggregate/Nested Loop/Nested Loop/Parallel Hash Join/Parallel Hash/Parallel Hash Join/Parallel Hash/Hash Join/Hash/Seq Scan,Sort/GroupAggregate/Sort/Nested Loop/Nested Loop/Gather/Parallel Hash Join/Parallel Hash/Nested Loop/Hash Join/Hash/Hash Join/Hash/Seq Scan,Seq Scan,Seq Scan,11,13,0,0,304,304
44,Finalize Aggregate/Gather/Partial Aggregate/Nested Loop/Nested Loop/Index Scan,Sort/GroupAggregate/Sort/Nested Loop/Nested Loop/Index Scan,Index Scan,Index Scan,5,5,0,0,303,303
44,Finalize Aggregate/Gather/Partial Aggregate/Nested Loop/Nested Loop/Parallel Hash Join/Parallel Hash/Parallel Hash Join/Hash Join/Parallel Seq Scan,Sort/GroupAggregate/Sort/Nested Loop/Nested Loop/Gather/Parallel Hash Join/Parallel Seq Scan,Parallel Seq Scan,Parallel Seq Scan,9,7,0,0,307,307
45,Aggregate/Gather/Nested Loop/Nested Loop/Index Scan,Sort/GroupAggregate/Sort/Nested Loop/Hash Join/Gather/Nested Loop/Index Scan,Index Scan,Index Scan,4,7,0,0,313,313
45,Aggregate/Gather/Nested Loop/Nested Loop/Nested Loop/Parallel Hash Join/Hash Join/Hash/Seq Scan,Sort/GroupAggregate/Sort/Nested Loop/Hash Join/Hash/Seq Scan,Seq Scan,Seq Scan,8,6,0,0,319,319
45,Aggregate/Gather/Nested Loop/Nested Loop/Nested Loop/Parallel Hash Join/Parallel Hash/Parallel Hash Join/Parallel Hash/Hash Join/Hash/Seq Scan,Sort/GroupAggregate/Sort/Nested Loop/Hash Join/Gather/Nested Loop/Parallel Hash Join/Parallel Hash/Nested Loop/Parallel Hash Join/Parallel Hash/Hash Join/Hash/Seq Scan,Seq Scan,Seq Scan,11,14,0,0,314,314
45,Aggregate,Sort,Aggregate,Sort,0,0,0,0,321,321
45,Aggregate/Gather/Nested Loop/Nested Loop/Nested Loop/Parallel Hash Join/Parallel Hash/Parallel Hash Join/Hash Join/Parallel Seq Scan,Sort/GroupAggregate/Sort/Nested Loop/Hash Join/Gather/Nested Loop/Parallel Hash Join/Parallel Hash/Nested Loop/Parallel Hash Join/Hash Join/Parallel Seq Scan,Parallel Seq Scan,Parallel Seq Scan,9,12,0,0,317,317
45,Aggregate/Gather/Nested Loop/Nested Loop/Nested Loop/Parallel Hash Join/Hash Join/Parallel Seq Scan,Sort/GroupAggregate/Sort/Nested Loop/Hash Join/Gather/Nested Loop/Parallel Hash Join/Parallel Seq Scan,Parallel Seq Scan,Parallel Seq Scan,7,8,0,0,320,320
45,Aggregate/Gather/Nested Loop/Nested Loop/Nested Loop/Parallel Hash Join/Parallel Hash/Parallel Hash Join/Hash Join/Hash/Seq Scan,Sort/GroupAggregate/Sort/Nested Loop/Hash Join/Gather/Nested Loop/Parallel Hash Join/Parallel Hash/Nested Loop/Parallel Hash Join/Hash Join/Hash/Seq Scan,Seq Scan,Seq Scan,10,13,0,0,315,315
45,Aggregate/Gather/Nested Loop/Index Scan,Sort/GroupAggregate/Sort/Nested Loop/Index Scan,Index Scan,Index Scan,3,4,0,0,312,312
45,Aggregate/Gather/Nested Loop/Nested Loop/Nested Loop/Parallel Hash Join/Parallel Hash/Parallel Hash Join/Parallel Hash/Hash Join/Parallel Seq Scan,Sort/GroupAggregate/Sort/Nested Loop/Hash Join/Gather/Nested Loop/Parallel Hash Join/Parallel Hash/Nested Loop/Parallel Hash Join/Parallel Hash/Hash Join/Parallel Seq Scan,Parallel Seq Scan,Parallel Seq Scan,10,13,0,0,316,316
45,Aggregate/Gather/Nested Loop/Nested Loop/Nested Loop/Index Scan,Sort/GroupAggregate/Sort/Nested Loop/Hash Join/Gather/Nested Loop/Parallel Hash Join/Parallel Hash/Nested Loop/Index Scan,Index Scan,Index Scan,5,10,0,0,318,318
46,Aggregate/Nested Loop/Index Scan,Sort/GroupAggregate/Sort/Nested Loop/Index Scan,Index Scan,Index Scan,2,4,0,0,325,325
46,Aggregate/Nested Loop/Nested Loop/Gather/Nested Loop/Parallel Hash Join/Parallel Hash/Parallel Hash Join/Parallel Hash/Hash Join/Hash/Seq Scan,Sort/GroupAggregate/Sort/Nested Loop/Nested Loop/Gather/Parallel Hash Join/Parallel Hash/Nested Loop/Parallel Hash Join/Parallel Hash/Hash Join/Hash/Seq Scan,Seq Scan,Seq Scan,11,13,0,0,327,327
46,Aggregate/Nested Loop/Nested Loop/Gather/Nested Loop/Parallel Hash Join/Parallel Hash/Parallel Hash Join/Parallel Hash/Hash Join/Parallel Seq Scan,Sort/GroupAggregate/Sort/Nested Loop/Nested Loop/Gather/Parallel Hash Join/Parallel Hash/Nested Loop/Parallel Hash Join/Parallel Hash/Hash Join/Parallel Seq Scan,Parallel Seq Scan,Parallel Seq Scan,10,12,0,0,329,329
46,Aggregate/Nested Loop/Nested Loop/Index Scan,Sort/GroupAggregate/Sort/Nested Loop/Nested Loop/Index Scan,Index Scan,Index Scan,3,5,0,0,326,326
46,Aggregate/Nested Loop/Nested Loop/Gather/Nested Loop/Index Scan,Sort/GroupAggregate/Sort/Nested Loop/Nested Loop/Gather/Parallel Hash Join/Parallel Hash/Nested Loop/Index Scan,Index Scan,Index Scan,5,9,0,0,331,331
46,Aggregate/Nested Loop/Nested Loop/Gather/Nested Loop/Parallel Hash Join/Parallel Hash/Parallel Hash Join/Hash Join/Hash/Seq Scan,Sort/GroupAggregate/Sort/Nested Loop/Nested Loop/Gather/Parallel Hash Join/Parallel Hash/Nested Loop/Parallel Hash Join/Hash Join/Hash/Seq Scan,Seq Scan,Seq Scan,10,12,0,0,328,328
46,Aggregate,Sort,Aggregate,Sort,0,0,0,0,333,333
46,Aggregate/Nested Loop/Nested Loop/Gather/Nested Loop/Parallel Hash Join/Hash Join/Parallel Seq Scan,Sort/GroupAggregate/Sort/Nested Loop/Nested Loop/Gather/Parallel Hash Join/Parallel Seq Scan,Parallel Seq Scan,Parallel Seq Scan,7,7,0,0,332,332
46,Aggregate/Nested Loop/Nested Loop/Gather/Nested Loop/Parallel Hash Join/Parallel Hash/Parallel Hash Join/Hash Join/Parallel Seq Scan,Sort/GroupAggregate/Sort/Nested Loop/Nested Loop/Gather/Parallel Hash Join/Parallel Hash/Nested Loop/Parallel Hash Join/Hash Join/Parallel Seq Scan,Parallel Seq Scan,Parallel Seq Scan,9,11,0,0,330,330
47,Aggregate,Sort,Aggregate,Sort,0,0,0,0,344,344
47,Aggregate/Nested Loop/Nested Loop/Gather/Nested Loop/Parallel Hash Join/Parallel Hash/Parallel Hash Join/Hash Join/Hash/Seq Scan,Sort/GroupAggregate/Sort/Nested Loop/Nested Loop/Gather/Parallel Hash Join/Parallel Hash/Nested Loop/Parallel Hash Join/Hash Join/Hash/Seq Scan,Seq Scan,Seq Scan,10,12,0,0,339,339
47,Aggregate/Nested Loop/Nested Loop/Gather/Nested Loop/Parallel Hash Join/Parallel Hash/Parallel Hash Join/Parallel Hash/Hash Join/Hash/Seq Scan,Sort/GroupAggregate/Sort/Nested Loop/Nested Loop/Gather/Parallel Hash Join/Parallel Hash/Nested Loop/Parallel Hash Join/Parallel Hash/Hash Join/Hash/Seq Scan,Seq Scan,Seq Scan,11,13,0,0,338,338
47,Aggregate/Nested Loop/Nested Loop/Gather/Nested Loop/Parallel Hash Join/Parallel Hash/Parallel Hash Join/Hash Join/Parallel Seq Scan,Sort/GroupAggregate/Sort/Nested Loop/Nested Loop/Gather/Parallel Hash Join/Parallel Hash/Nested Loop/Parallel Hash Join/Hash Join/Parallel Seq Scan,Parallel Seq Scan,Parallel Seq Scan,9,11,0,0,341,341
47,Aggregate/Nested Loop/Nested Loop/Gather/Nested Loop/Parallel Hash Join/Parallel Hash/Parallel Hash Join/Parallel Hash/Hash Join/Parallel Seq Scan,Sort/GroupAggregate/Sort/Nested Loop/Nested Loop/Gather/Parallel Hash Join/Parallel Hash/Nested Loop/Parallel Hash Join/Parallel Hash/Hash Join/Parallel Seq Scan,Parallel Seq Scan,Parallel Seq Scan,10,12,0,0,340,340
47,Aggregate/Nested Loop/Nested Loop/Gather/Nested Loop/Parallel Hash Join/Hash Join/Parallel Seq Scan,Sort/GroupAggregate/Sort/Nested Loop/Nested Loop/Gather/Parallel Hash Join/Parallel Seq Scan,Parallel Seq Scan,Parallel Seq Scan,7,7,0,0,343,343
47,Aggregate/Nested Loop/Index Scan,Sort/GroupAggregate/Sort/Nested Loop/Index Scan,Index Scan,Index Scan,2,4,0,0,336,336
47,Aggregate/Nested Loop/Nested Loop/Gather/Nested Loop/Index Scan,Sort/GroupAggregate/Sort/Nested Loop/Nested Loop/Gather/Parallel Hash Join/Parallel Hash/Nested Loop/Index Scan,Index Scan,Index Scan,5,9,0,0,342,342
47,Aggregate/Nested Loop/Nested Loop/Index Scan,Sort/GroupAggregate/Sort/Nested Loop/Nested Loop/Index Scan,Index Scan,Index Scan,3,5,0,0,337,337
48,Aggregate,GroupAggregate,Aggregate,GroupAggregate,0,0,0,0,352,352
48,Aggregate/Nested Loop/Gather/Nested Loop/Nested Loop/Parallel Hash Join/Parallel Hash/Parallel Hash Join/Parallel Hash/Hash Join/Parallel Seq Scan,GroupAggregate/Gather Merge/Sort/Parallel Hash Join/Parallel Hash/Parallel Hash Join/Parallel Hash/Nested Loop/Hash Join/Parallel Seq Scan,Parallel Seq Scan,Parallel Seq Scan,10,9,0,0,349,349
48,Aggregate/Nested Loop/Gather/Nested Loop/Nested Loop/Parallel Hash Join/Parallel Hash/Parallel Hash Join/Parallel Hash/Hash Join/Hash/Seq Scan,GroupAggregate/Gather Merge/Sort/Parallel Hash Join/Parallel Hash/Parallel Hash Join/Parallel Hash/Nested Loop/Hash Join/Hash/Seq Scan,Seq Scan,Seq Scan,11,10,0,0,347,347
48,Aggregate/Nested Loop/Gather/Nested Loop/Nested Loop/Parallel Hash Join/Parallel Hash/Parallel Hash Join/Hash Join/Hash/Seq Scan,GroupAggregate/Gather Merge/Sort/Parallel Hash Join/Parallel Hash/Parallel Hash Join/Hash Join/Hash/Seq Scan,Seq Scan,Seq Scan,10,8,0,0,348,348
48,Aggregate/Nested Loop/Gather/Nested Loop/Nested Loop/Parallel Hash Join/Parallel Hash/Parallel Hash Join/Hash Join/Parallel Seq Scan,GroupAggregate/Gather Merge/Sort/Parallel Hash Join/Parallel Hash/Parallel Hash Join/Hash Join/Parallel Seq Scan,Parallel Seq Scan,Parallel Seq Scan,9,7,0,0,350,350
48,Aggregate/Nested Loop/Gather/Nested Loop/Nested Loop/Parallel Hash Join/Hash Join/Parallel Seq Scan,GroupAggregate/Gather Merge/Sort/Parallel Hash Join/Parallel Seq Scan,Parallel Seq Scan,Parallel Seq Scan,7,4,0,0,351,351
49,Aggregate/Gather/Nested Loop/Parallel Hash Join/Parallel Hash/Nested Loop/Nested Loop/Parallel Hash Join/Parallel Hash/Hash Join/Parallel Seq Scan,GroupAggregate/Gather Merge/Sort/Parallel Hash Join/Parallel Hash/Parallel Hash Join/Parallel Hash/Nested Loop/Hash Join/Parallel Seq Scan,Parallel Seq Scan,Parallel Seq Scan,10,9,0,0,357,357
49,Aggregate/Gather/Nested Loop/Parallel Hash Join/Parallel Hash/Nested Loop/Nested Loop/Parallel Hash Join/Hash Join/Hash/Seq Scan,GroupAggregate/Gather Merge/Sort/Parallel Hash Join/Parallel Hash/Parallel Hash Join/Hash Join/Hash/Seq Scan,Seq Scan,Seq Scan,10,8,0,0,356,356
49,Aggregate,GroupAggregate,Aggregate,GroupAggregate,0,0,0,0,360,360
49,Aggregate/Gather/Nested Loop/Parallel Hash Join/Parallel Hash/Nested Loop/Nested Loop/Parallel Hash Join/Parallel Hash/Hash Join/Hash/Seq Scan,GroupAggregate/Gather Merge/Sort/Parallel Hash Join/Parallel Hash/Parallel Hash Join/Parallel Hash/Nested Loop/Hash Join/Hash/Seq Scan,Seq Scan,Seq Scan,11,10,0,0,355,355
49,Aggregate/Gather/Nested Loop/Parallel Hash Join/Parallel Seq Scan,GroupAggregate/Gather Merge/Sort/Parallel Hash Join/Parallel Seq Scan,Parallel Seq Scan,Parallel Seq Scan,4,4,0,0,359,359
49,Aggregate/Gather/Nested Loop/Parallel Hash Join/Parallel Hash/Nested Loop/Nested Loop/Parallel Hash Join/Hash Join/Parallel Seq Scan,GroupAggregate/Gather Merge/Sort/Parallel Hash Join/Parallel Hash/Parallel Hash Join/Hash Join/Parallel Seq Scan,Parallel Seq Scan,Parallel Seq Scan,9,7,0,0,358,358
50,Aggregate/Gather/Nested Loop/Nested Loop/Parallel Hash Join/Parallel Hash/Nested Loop/Parallel Hash Join/Hash Join/Parallel Seq Scan,GroupAggregate/Gather Merge/Sort/Parallel Hash Join/Parallel Hash/Parallel Hash Join/Hash Join/Parallel Seq Scan,Parallel Seq Scan,Parallel Seq Scan,9,7,0,0,366,366
50,Aggregate/Gather/Nested Loop/Nested Loop/Parallel Hash Join/Parallel Hash/Nested Loop/Parallel Hash Join/Parallel Hash/Hash Join/Parallel Seq Scan,GroupAggregate/Gather Merge/Sort/Parallel Hash Join/Parallel Hash/Parallel Hash Join/Parallel Hash/Nested Loop/Hash Join/Parallel Seq Scan,Parallel Seq Scan,Parallel Seq Scan,10,9,0,0,365,365
50,Aggregate/Gather/Nested Loop/Nested Loop/Parallel Hash Join/Parallel Hash/Nested Loop/Parallel Hash Join/Parallel Hash/Hash Join/Hash/Seq Scan,GroupAggregate/Gather Merge/Sort/Parallel Hash Join/Parallel Hash/Parallel Hash Join/Parallel Hash/Nested Loop/Hash Join/Hash/Seq Scan,Seq Scan,Seq Scan,11,10,0,0,363,363
50,Aggregate/Gather/Nested Loop/Nested Loop/Parallel Hash Join/Parallel Hash/Nested Loop/Parallel Hash Join/Hash Join/Hash/Seq Scan,GroupAggregate/Gather Merge/Sort/Parallel Hash Join/Parallel Hash/Parallel Hash Join/Hash Join/Hash/Seq Scan,Seq Scan,Seq Scan,10,8,0,0,364,364
50,Aggregate,GroupAggregate,Aggregate,GroupAggregate,0,0,0,0,368,368
50,Aggregate/Gather/Nested Loop/Nested Loop/Parallel Hash Join/Parallel Seq Scan,GroupAggregate/Gather Merge/Sort/Parallel Hash Join/Parallel Seq Scan,Parallel Seq Scan,Parallel Seq Scan,5,4,0,0,367,367
51,Aggregate/Gather/Nested Loop/Parallel Hash Join/Parallel Seq Scan,GroupAggregate/Gather Merge/Sort/Parallel Hash Join/Parallel Seq Scan,Parallel Seq Scan,Parallel Seq Scan,4,4,0,0,375,375
51,Aggregate/Gather/Nested Loop/Parallel Hash Join/Parallel Hash/Nested Loop/Nested Loop/Parallel Hash Join/Hash Join/Hash/Seq Scan,GroupAggregate/Gather Merge/Sort/Parallel Hash Join/Parallel Hash/Parallel Hash Join/Hash Join/Hash/Seq Scan,Seq Scan,Seq Scan,10,8,0,0,372,372
51,Aggregate/Gather/Nested Loop/Parallel Hash Join/Parallel Hash/Nested Loop/Nested Loop/Parallel Hash Join/Hash Join/Parallel Seq Scan,GroupAggregate/Gather Merge/Sort/Parallel Hash Join/Parallel Hash/Parallel Hash Join/Hash Join/Parallel Seq Scan,Parallel Seq Scan,Parallel Seq Scan,9,7,0,0,374,374
51,Aggregate/Gather/Nested Loop/Parallel Hash Join/Parallel Hash/Nested Loop/Nested Loop/Parallel Hash Join/Parallel Hash/Hash Join/Parallel Seq Scan,GroupAggregate/Gather Merge/Sort/Parallel Hash Join/Parallel Hash/Parallel Hash Join/Parallel Hash/Nested Loop/Hash Join/Parallel Seq Scan,Parallel Seq Scan,Parallel Seq Scan,10,9,0,0,373,373
51,Aggregate,GroupAggregate,Aggregate,GroupAggregate,0,0,0,0,376,376
51,Aggregate/Gather/Nested Loop/Parallel Hash Join/Parallel Hash/Nested Loop/Nested Loop/Parallel Hash Join/Parallel Hash/Hash Join/Hash/Seq Scan,GroupAggregate/Gather Merge/Sort/Parallel Hash Join/Parallel Hash/Parallel Hash Join/Parallel Hash/Nested Loop/Hash Join/Hash/Seq Scan,Seq Scan,Seq Scan,11,10,0,0,371,371
52,Finalize Aggregate/Gather/Partial Aggregate/Parallel Hash Join/Parallel Hash/Nested Loop/Nested Loop/Parallel Hash Join/Parallel Hash/Nested Loop/Nested Loop/Parallel Hash Join/Parallel Hash/Hash Join/Parallel Seq Scan,GroupAggregate/Gather Merge/Sort/Parallel Hash Join/Parallel Hash/Parallel Hash Join/Parallel Hash/Nested Loop/Hash Join/Parallel Seq Scan,Parallel Seq Scan,Parallel Seq Scan,14,9,0,0,380,380
52,Finalize Aggregate,GroupAggregate,Finalize Aggregate,GroupAggregate,0,0,0,0,384,384
52,Finalize Aggregate/Gather/Partial Aggregate/Parallel Hash Join/Parallel Hash/Nested Loop/Nested Loop/Parallel Hash Join/Parallel Hash/Nested Loop/Nested Loop/Parallel Hash Join/Parallel Seq Scan,GroupAggregate/Gather Merge/Sort/Parallel Hash Join/Parallel Hash/Parallel Hash Join/Hash Join/Parallel Seq Scan,Parallel Seq Scan,Parallel Seq Scan,12,7,0,0,381,381
52,Finalize Aggregate/Gather/Partial Aggregate/Parallel Hash Join/Parallel Hash/Nested Loop/Nested Loop/Parallel Hash Join/Parallel Seq Scan,GroupAggregate/Gather Merge/Sort/Parallel Hash Join/Parallel Seq Scan,Parallel Seq Scan,Parallel Seq Scan,8,4,0,0,382,382
52,Finalize Aggregate/Gather/Partial Aggregate/Parallel Hash Join/Parallel Hash/Nested Loop/Index Only Scan,GroupAggregate/Gather Merge/Sort/Parallel Hash Join/Parallel Hash/Parallel Hash Join/Parallel Hash/Nested Loop/Index Only Scan,Index Only Scan,Index Only Scan,6,8,0,0,383,383
52,Finalize Aggregate/Gather/Partial Aggregate/Parallel Hash Join/Parallel Hash/Nested Loop/Nested Loop/Parallel Hash Join/Parallel Hash/Nested Loop/Nested Loop/Parallel Hash Join/Parallel Hash/Hash Join/Hash/Seq Scan,GroupAggregate/Gather Merge/Sort/Parallel Hash Join/Parallel Hash/Parallel Hash Join/Parallel Hash/Nested Loop/Hash Join/Hash/Seq Scan,Seq Scan,Seq Scan,15,10,0,0,379,379
53,Finalize Aggregate/Gather/Partial Aggregate/Parallel Hash Join/Parallel Hash/Nested Loop/Nested Loop/Nested Loop/Nested Loop/Parallel Hash Join/Parallel Hash/Parallel Hash Join/Parallel Hash/Hash Join/Hash/Seq Scan,GroupAggregate/Gather Merge/Sort/Parallel Hash Join/Parallel Hash/Parallel Hash Join/Parallel Hash/Nested Loop/Hash Join/Hash/Seq Scan,Seq Scan,Seq Scan,15,10,0,0,386,386
53,Finalize Aggregate,GroupAggregate,Finalize Aggregate,GroupAggregate,0,0,0,0,391,391
53,Finalize Aggregate/Gather/Partial Aggregate/Parallel Hash Join/Parallel Hash/Nested Loop/Nested Loop/Nested Loop/Nested Loop/Parallel Hash Join/Parallel Seq Scan,GroupAggregate/Gather Merge/Sort/Parallel Hash Join/Parallel Seq Scan,Parallel Seq Scan,Parallel Seq Scan,10,4,0,0,389,389
53,Finalize Aggregate/Gather/Partial Aggregate/Parallel Hash Join/Parallel Hash/Nested Loop/Index Only Scan,GroupAggregate/Gather Merge/Sort/Parallel Hash Join/Parallel Hash/Parallel Hash Join/Parallel Hash/Nested Loop/Index Only Scan,Index Only Scan,Index Only Scan,6,8,0,0,390,390
53,Finalize Aggregate/Gather/Partial Aggregate/Parallel Hash Join/Parallel Hash/Nested Loop/Nested Loop/Nested Loop/Nested Loop/Parallel Hash Join/Parallel Hash/Parallel Hash Join/Parallel Hash/Hash Join/Parallel Seq Scan,GroupAggregate/Gather Merge/Sort/Parallel Hash Join/Parallel Hash/Parallel Hash Join/Parallel Hash/Nested Loop/Hash Join/Parallel Seq Scan,Parallel Seq Scan,Parallel Seq Scan,14,9,0,0,387,387
53,Finalize Aggregate/Gather/Partial Aggregate/Parallel Hash Join/Parallel Hash/Nested Loop/Nested Loop/Nested Loop/Nested Loop/Parallel Hash Join/Parallel Hash/Parallel Hash Join/Parallel Seq Scan,GroupAggregate/Gather Merge/Sort/Parallel Hash Join/Parallel Hash/Parallel Hash Join/Hash Join/Parallel Seq Scan,Parallel Seq Scan,Parallel Seq Scan,12,7,0,0,388,388
54,Finalize Aggregate/Gather/Partial Aggregate/Parallel Hash Join/Parallel Hash/Nested Loop/Parallel Hash Join/Parallel Hash/Nested Loop/Nested Loop/Nested Loop/Parallel Hash Join/Parallel Seq Scan,GroupAggregate/Gather Merge/Sort/Parallel Hash Join/Parallel Hash/Parallel Hash Join/Hash Join/Parallel Seq Scan,Parallel Seq Scan,Parallel Seq Scan,12,7,0,0,395,395
54,Finalize Aggregate/Gather/Partial Aggregate/Parallel Hash Join/Parallel Hash/Nested Loop/Parallel Hash Join/Parallel Hash/Nested Loop/Nested Loop/Nested Loop/Parallel Hash Join/Parallel Hash/Hash Join/Hash/Seq Scan,GroupAggregate/Gather Merge/Sort/Parallel Hash Join/Parallel Hash/Parallel Hash Join/Parallel Hash/Nested Loop/Hash Join/Hash/Seq Scan,Seq Scan,Seq Scan,15,10,0,0,393,393
54,Finalize Aggregate/Gather/Partial Aggregate/Parallel Hash Join/Parallel Hash/Nested Loop/Parallel Hash Join/Parallel Seq Scan,GroupAggregate/Gather Merge/Sort/Parallel Hash Join/Parallel Seq Scan,Parallel Seq Scan,Parallel Seq Scan,7,4,0,0,396,396
54,Finalize Aggregate/Gather/Partial Aggregate/Parallel Hash Join/Parallel Hash/Nested Loop/Parallel Hash Join/Parallel Hash/Nested Loop/Nested Loop/Nested Loop/Parallel Hash Join/Parallel Hash/Hash Join/Parallel Seq Scan,GroupAggregate/Gather Merge/Sort/Parallel Hash Join/Parallel Hash/Parallel Hash Join/Parallel Hash/Nested Loop/Hash Join/Parallel Seq Scan,Parallel Seq Scan,Parallel Seq Scan,14,9,0,0,394,394
54,Finalize Aggregate/Gather/Partial Aggregate/Parallel Hash Join/Parallel Hash/Nested Loop/Index Only Scan,GroupAggregate/Gather Merge/Sort/Parallel Hash Join/Parallel Hash/Parallel Hash Join/Parallel Hash/Nested Loop/Index Only Scan,Index Only Scan,Index Only Scan,6,8,0,0,397,397
54,Finalize Aggregate,GroupAggregate,Finalize Aggregate,GroupAggregate,0,0,0,0,398,398
55,Finalize Aggregate/Gather/Partial Aggregate/Parallel Hash Join/Parallel Hash/Nested Loop/Parallel Hash Join/Parallel Hash/Nested Loop/Nested Loop/Parallel Hash Join/Parallel Seq Scan,GroupAggregate/Gather Merge/Sort/Parallel Hash Join/Parallel Hash/Parallel Hash Join/Hash Join/Parallel Seq Scan,Parallel Seq Scan,Parallel Seq Scan,11,7,0,0,402,402
55,Finalize Aggregate/Gather/Partial Aggregate/Parallel Hash Join/Parallel Hash/Nested Loop/Parallel Hash Join/Parallel Hash/Nested Loop/Nested Loop/Parallel Hash Join/Parallel Hash/Nested Loop/Hash Join/Hash/Seq Scan,GroupAggregate/Gather Merge/Sort/Parallel Hash Join/Parallel Hash/Parallel Hash Join/Parallel Hash/Nested Loop/Hash Join/Hash/Seq Scan,Seq Scan,Seq Scan,15,10,0,0,400,400
55,Finalize Aggregate/Gather/Partial Aggregate/Parallel Hash Join/Parallel Hash/Nested Loop/Index Only Scan,GroupAggregate/Gather Merge/Sort/Parallel Hash Join/Parallel Hash/Parallel Hash Join/Parallel Hash/Nested Loop/Index Only Scan,Index Only Scan,Index Only Scan,6,8,0,0,404,404
55,Finalize Aggregate/Gather/Partial Aggregate/Parallel Hash Join/Parallel Hash/Nested Loop/Parallel Hash Join/Parallel Hash/Nested Loop/Nested Loop/Parallel Hash Join/Parallel Hash/Nested Loop/Hash Join/Parallel Seq Scan,GroupAggregate/Gather Merge/Sort/Parallel Hash Join/Parallel Hash/Parallel Hash Join/Parallel Hash/Nested Loop/Hash Join/Parallel Seq Scan,Parallel Seq Scan,Parallel Seq Scan,14,9,0,0,401,401
55,Finalize Aggregate,GroupAggregate,Finalize Aggregate,GroupAggregate,0,0,0,0,405,405
55,Finalize Aggregate/Gather/Partial Aggregate/Parallel Hash Join/Parallel Hash/Nested Loop/Parallel Hash Join/Parallel Seq Scan,GroupAggregate/Gather Merge/Sort/Parallel Hash Join/Parallel Seq Scan,Parallel Seq Scan,Parallel Seq Scan,7,4,0,0,403,403
56,Finalize Aggregate/Gather/Partial Aggregate/Parallel Hash Join/Parallel Hash/Nested Loop/Parallel Hash Join/Parallel Hash/Nested Loop/Parallel Hash Join/Parallel Hash/Nested Loop/Hash Join/Hash/Seq Scan,GroupAggregate/Gather Merge/Sort/Parallel Hash Join/Parallel Hash/Parallel Hash Join/Parallel Hash/Nested Loop/Hash Join/Hash/Seq Scan,Seq Scan,Seq Scan,14,10,0,0,407,407
56,Finalize Aggregate/Gather/Partial Aggregate/Parallel Hash Join/Parallel Hash/Nested Loop/Parallel Hash Join/Parallel Seq Scan,GroupAggregate/Gather Merge/Sort/Parallel Hash Join/Parallel Seq Scan,Parallel Seq Scan,Parallel Seq Scan,7,4,0,0,410,410
56,Finalize Aggregate/Gather/Partial Aggregate/Parallel Hash Join/Parallel Hash/Nested Loop/Parallel Hash Join/Parallel Hash/Nested Loop/Parallel Hash Join/Parallel Seq Scan,GroupAggregate/Gather Merge/Sort/Parallel Hash Join/Parallel Hash/Parallel Hash Join/Hash Join/Parallel Seq Scan,Parallel Seq Scan,Parallel Seq Scan,10,7,0,0,409,409
56,Finalize Aggregate/Gather/Partial Aggregate/Parallel Hash Join/Parallel Hash/Nested Loop/Index Only Scan,GroupAggregate/Gather Merge/Sort/Parallel Hash Join/Parallel Hash/Parallel Hash Join/Parallel Hash/Nested Loop/Index Only Scan,Index Only Scan,Index Only Scan,6,8,0,0,411,411
56,Finalize Aggregate,GroupAggregate,Finalize Aggregate,GroupAggregate,0,0,0,0,412,412
56,Finalize Aggregate/Gather/Partial Aggregate/Parallel Hash Join/Parallel Hash/Nested Loop/Parallel Hash Join/Parallel Hash/Nested Loop/Parallel Hash Join/Parallel Hash/Nested Loop/Hash Join/Parallel Seq Scan,GroupAggregate/Gather Merge/Sort/Parallel Hash Join/Parallel Hash/Parallel Hash Join/Parallel Hash/Nested Loop/Hash Join/Parallel Seq Scan,Parallel Seq Scan,Parallel Seq Scan,13,9,0,0,408,408
57,Finalize Aggregate/Gather/Partial Aggregate/Parallel Hash Join/Parallel Hash/Nested Loop/Parallel Hash Join/Parallel Hash/Nested Loop/Parallel Hash Join/Parallel Hash/Nested Loop/Index Scan,Sort/GroupAggregate/Sort/Nested Loop/Gather/Parallel Hash Join/Parallel Hash/Nested Loop/Index Scan,Index Scan,Index Scan,12,8,0,0,415,415
57,Finalize Aggregate/Gather/Partial Aggregate/Parallel Hash Join/Parallel Hash/Nested Loop/Parallel Hash Join/Parallel Hash/Nested Loop/Parallel Hash Join/Parallel Hash/Nested Loop/Hash Join/Hash/Seq Scan,Sort/GroupAggregate/Sort/Nested Loop/Gather/Parallel Hash Join/Parallel Hash/Nested Loop/Hash Join/Hash/Hash Join/Hash/Seq Scan,Seq Scan,Seq Scan,14,12,0,0,416,416
57,Finalize Aggregate/Gather/Partial Aggregate/Parallel Hash Join/Parallel Hash/Nested Loop/Parallel Hash Join/Parallel Hash/Nested Loop/Parallel Hash Join/Parallel Hash/Nested Loop/Hash Join/Parallel Seq Scan,Sort/GroupAggregate/Sort/Nested Loop/Gather/Parallel Hash Join/Parallel Hash/Nested Loop/Hash Join/Hash Join/Parallel Seq Scan,Parallel Seq Scan,Parallel Seq Scan,13,10,0,0,417,417
57,Finalize Aggregate/Gather/Partial Aggregate/Parallel Hash Join/Parallel Hash/Nested Loop/Parallel Hash Join/Parallel Hash/Nested Loop/Parallel Hash Join/Parallel Seq Scan,Sort/GroupAggregate/Sort/Nested Loop/Gather/Parallel Hash Join/Parallel Seq Scan,Parallel Seq Scan,Parallel Seq Scan,10,6,0,0,418,418
57,Finalize Aggregate/Gather/Partial Aggregate/Parallel Hash Join/Parallel Hash/Nested Loop/Parallel Hash Join/Parallel Hash/Nested Loop/Index Scan,Sort/GroupAggregate/Sort/Nested Loop/Index Scan,Index Scan,Index Scan,9,4,0,0,414,414
57,Finalize Aggregate,Sort,Finalize Aggregate,Sort,0,0,0,0,419,419
58,Finalize Aggregate/Gather/Partial Aggregate/Parallel Hash Join/Parallel Hash/Nested Loop/Parallel Hash Join/Parallel Hash/Nested Loop/Parallel Hash Join/Parallel Hash/Nested Loop/Hash Join/Hash/Seq Scan,Sort/GroupAggregate/Sort/Nested Loop/Gather/Parallel Hash Join/Parallel Hash/Nested Loop/Hash Join/Hash/Hash Join/Hash/Seq Scan,Seq Scan,Seq Scan,14,12,0,0,423,423
58,Finalize Aggregate/Gather/Partial Aggregate/Parallel Hash Join/Parallel Hash/Nested Loop/Parallel Hash Join/Parallel Hash/Nested Loop/Parallel Hash Join/Parallel Hash/Nested Loop/Hash Join/Parallel Seq Scan,Sort/GroupAggregate/Sort/Nested Loop/Gather/Parallel Hash Join/Parallel Hash/Nested Loop/Hash Join/Hash Join/Parallel Seq Scan,Parallel Seq Scan,Parallel Seq Scan,13,10,0,0,424,424
58,Finalize Aggregate/Gather/Partial Aggregate/Parallel Hash Join/Parallel Hash/Nested Loop/Parallel Hash Join/Parallel Hash/Nested Loop/Index Scan,Sort/GroupAggregate/Sort/Nested Loop/Index Scan,Index Scan,Index Scan,9,4,0,0,421,421
58,Finalize Aggregate/Gather/Partial Aggregate/Parallel Hash Join/Parallel Hash/Nested Loop/Parallel Hash Join/Parallel Hash/Nested Loop/Parallel Hash Join/Parallel Seq Scan,Sort/GroupAggregate/Sort/Nested Loop/Gather/Parallel Hash Join/Parallel Seq Scan,Parallel Seq Scan,Parallel Seq Scan,10,6,0,0,425,425
58,Finalize Aggregate/Gather/Partial Aggregate/Parallel Hash Join/Parallel Hash/Nested Loop/Parallel Hash Join/Parallel Hash/Nested Loop/Parallel Hash Join/Parallel Hash/Nested Loop/Index Scan,Sort/GroupAggregate/Sort/Nested Loop/Gather/Parallel Hash Join/Parallel Hash/Nested Loop/Index Scan,Index Scan,Index Scan,12,8,0,0,422,422
58,Finalize Aggregate,Sort,Finalize Aggregate,Sort,0,0,0,0,426,426
59,Finalize Aggregate/Gather/Partial Aggregate/Parallel Hash Join/Parallel Hash/Nested Loop/Parallel Hash Join/Parallel Hash/Nested Loop/Parallel Hash Join/Parallel Hash/Nested Loop/Hash Join/Parallel Seq Scan,Sort/GroupAggregate/Sort/Nested Loop/Gather/Parallel Hash Join/Parallel Hash/Nested Loop/Hash Join/Hash Join/Parallel Seq Scan,Parallel Seq Scan,Parallel Seq Scan,13,10,0,0,431,431
59,Finalize Aggregate,Sort,Finalize Aggregate,Sort,0,0,0,0,433,433
59,Finalize Aggregate/Gather/Partial Aggregate/Parallel Hash Join/Parallel Hash/Nested Loop/Parallel Hash Join/Parallel Hash/Nested Loop/Index Scan,Sort/GroupAggregate/Sort/Nested Loop/Index Scan,Index Scan,Index Scan,9,4,0,0,428,428
59,Finalize Aggregate/Gather/Partial Aggregate/Parallel Hash Join/Parallel Hash/Nested Loop/Parallel Hash Join/Parallel Hash/Nested Loop/Parallel Hash Join/Parallel Hash/Nested Loop/Hash Join/Hash/Seq Scan,Sort/GroupAggregate/Sort/Nested Loop/Gather/Parallel Hash Join/Parallel Hash/Nested Loop/Hash Join/Hash/Hash Join/Hash/Seq Scan,Seq Scan,Seq Scan,14,12,0,0,430,430
59,Finalize Aggregate/Gather/Partial Aggregate/Parallel Hash Join/Parallel Hash/Nested Loop/Parallel Hash Join/Parallel Hash/Nested Loop/Parallel Hash Join/Parallel Hash/Nested Loop/Index Scan,Sort/GroupAggregate/Sort/Nested Loop/Gather/Parallel Hash Join/Parallel Hash/Nested Loop/Index Scan,Index Scan,Index Scan,12,8,0,0,429,429
59,Finalize Aggregate/Gather/Partial Aggregate/Parallel Hash Join/Parallel Hash/Nested Loop/Parallel Hash Join/Parallel Hash/Nested Loop/Parallel Hash Join/Parallel Seq Scan,Sort/GroupAggregate/Sort/Nested Loop/Gather/Parallel Hash Join/Parallel Seq Scan,Parallel Seq Scan,Parallel Seq Scan,10,6,0,0,432,432
60,Finalize Aggregate,Sort,Finalize Aggregate,Sort,0,0,0,0,442,442
60,Finalize Aggregate/Gather/Partial Aggregate/Nested Loop/Parallel Hash Join/Parallel Hash/Nested Loop/Parallel Hash Join/Parallel Hash/Nested Loop/Index Only Scan,Sort/GroupAggregate/Sort/Hash Join/Gather/Parallel Hash Semi Join/Nested Loop/Parallel Hash Join/Parallel Hash/Nested Loop/Memoize/Index Only Scan,Index Only Scan,Index Only Scan,10,11,0,0,441,441
60,Finalize Aggregate/Gather/Partial Aggregate/Nested Loop/Parallel Hash Join/Parallel Hash/Nested Loop/Index Scan,Sort/GroupAggregate/Sort/Hash Join/Gather/Parallel Hash Semi Join/Nested Loop/Parallel Hash Join/Parallel Hash/Nested Loop/Hash Join/Nested Loop/Index Scan,Index Scan,Index Scan,7,12,0,0,436,436
60,Finalize Aggregate/Gather/Partial Aggregate/Nested Loop/Parallel Hash Join/Parallel Hash/Nested Loop/Parallel Hash Join/Parallel Hash/Nested Loop/Hash Join/Hash/Seq Scan,Sort/GroupAggregate/Sort/Hash Join/Hash/Seq Scan,Seq Scan,Seq Scan,12,5,0,0,437,437
60,Finalize Aggregate/Gather/Partial Aggregate/Nested Loop/Parallel Hash Join/Parallel Hash/Nested Loop/Parallel Hash Join/Parallel Seq Scan,Sort/GroupAggregate/Sort/Hash Join/Gather/Parallel Hash Semi Join/Nested Loop/Parallel Hash Join/Parallel Hash/Nested Loop/Hash Join/Nested Loop/Hash Join/Parallel Hash Join/Parallel Seq Scan,Parallel Seq Scan,Parallel Seq Scan,8,14,0,0,439,439
60,Finalize Aggregate/Gather/Partial Aggregate/Nested Loop/Parallel Hash Join/Parallel Hash/Nested Loop/Parallel Hash Join/Parallel Hash/Nested Loop/Hash Join/Parallel Seq Scan,Sort/GroupAggregate/Sort/Hash Join/Gather/Parallel Hash Semi Join/Parallel Hash/Hash Join/Parallel Seq Scan,Parallel Seq Scan,Parallel Seq Scan,11,8,0,0,438,438
60,Finalize Aggregate/Gather/Partial Aggregate/Nested Loop/Parallel Hash Join/Parallel Seq Scan,Sort/GroupAggregate/Sort/Hash Join/Gather/Parallel Hash Semi Join/Nested Loop/Parallel Hash Join/Parallel Seq Scan,Parallel Seq Scan,Parallel Seq Scan,5,8,0,0,440,440
60,Finalize Aggregate/Gather/Partial Aggregate/Nested Loop/Index Scan,Sort/GroupAggregate/Sort/Hash Join/Gather/Parallel Hash Semi Join/Nested Loop/Index Scan,Index Scan,Index Scan,4,7,0,0,435,435
61,Finalize Aggregate/Gather/Partial Aggregate/Nested Loop/Index Only Scan,Sort/GroupAggregate/Sort/Hash Join/Gather/Parallel Hash Semi Join/Nested Loop/Parallel Hash Join/Parallel Hash/Nested Loop/Memoize/Index Only Scan,Index Only Scan,Index Only Scan,4,11,0,0,449,449
61,Finalize Aggregate/Gather/Partial Aggregate/Nested Loop/Nested Loop/Parallel Hash Join/Parallel Hash/Nested Loop/Parallel Hash Join/Parallel Seq Scan,Sort/GroupAggregate/Sort/Hash Join/Gather/Parallel Hash Semi Join/Nested Loop/Parallel Hash Join/Parallel Hash/Nested Loop/Nested Loop/Parallel Hash Join/Parallel Hash/Hash Join/Hash Join/Parallel Seq Scan,Parallel Seq Scan,Parallel Seq Scan,9,15,0,0,447,447
61,Finalize Aggregate/Gather/Partial Aggregate/Nested Loop/Nested Loop/Parallel Hash Join/Parallel Hash/Nested Loop/Parallel Hash Join/Parallel Hash/Hash Join/Parallel Seq Scan,Sort/GroupAggregate/Sort/Hash Join/Gather/Parallel Hash Semi Join/Parallel Hash/Hash Join/Parallel Seq Scan,Parallel Seq Scan,Parallel Seq Scan,11,8,0,0,446,446
61,Finalize Aggregate/Gather/Partial Aggregate/Nested Loop/Nested Loop/Parallel Hash Join/Parallel Hash/Nested Loop/Parallel Hash Join/Parallel Hash/Hash Join/Hash/Seq Scan,Sort/GroupAggregate/Sort/Hash Join/Hash/Seq Scan,Seq Scan,Seq Scan,12,5,0,0,445,445
61,Finalize Aggregate/Gather/Partial Aggregate/Nested Loop/Nested Loop/Parallel Hash Join/Parallel Seq Scan,Sort/GroupAggregate/Sort/Hash Join/Gather/Parallel Hash Semi Join/Nested Loop/Parallel Hash Join/Parallel Hash/Nested Loop/Nested Loop/Parallel Hash Join/Parallel Seq Scan,Parallel Seq Scan,Parallel Seq Scan,6,12,0,0,448,448
61,Finalize Aggregate,Sort,Finalize Aggregate,Sort,0,0,0,0,450,450
61,Finalize Aggregate/Gather/Partial Aggregate/Nested Loop/Nested Loop/Parallel Hash Join/Parallel Hash/Nested Loop/Index Scan,Sort/GroupAggregate/Sort/Hash Join/Gather/Parallel Hash Semi Join/Nested Loop/Index Scan,Index Scan,Index Scan,8,7,0,0,444,444
62,Finalize Aggregate/Gather/Partial Aggregate/Nested Loop/Nested Loop/Parallel Hash Join/Parallel Hash/Nested Loop/Index Scan,Sort/GroupAggregate/Sort/Hash Join/Gather/Parallel Hash Semi Join/Nested Loop/Index Scan,Index Scan,Index Scan,8,7,0,0,452,452
62,Finalize Aggregate/Gather/Partial Aggregate/Nested Loop/Nested Loop/Parallel Hash Join/Parallel Hash/Nested Loop/Parallel Hash Join/Parallel Seq Scan,Sort/GroupAggregate/Sort/Hash Join/Gather/Parallel Hash Semi Join/Nested Loop/Parallel Hash Join/Parallel Hash/Nested Loop/Hash Join/Nested Loop/Hash Join/Parallel Hash Join/Parallel Seq Scan,Parallel Seq Scan,Parallel Seq Scan,9,14,0,0,455,455
62,Finalize Aggregate/Gather/Partial Aggregate/Nested Loop/Nested Loop/Parallel Hash Join/Parallel Hash/Nested Loop/Parallel Hash Join/Parallel Hash/Hash Join/Parallel Seq Scan,Sort/GroupAggregate/Sort/Hash Join/Gather/Parallel Hash Semi Join/Parallel Hash/Hash Join/Parallel Seq Scan,Parallel Seq Scan,Parallel Seq Scan,11,8,0,0,454,454
62,Finalize Aggregate/Gather/Partial Aggregate/Nested Loop/Nested Loop/Parallel Hash Join/Parallel Hash/Nested Loop/Parallel Hash Join/Parallel Hash/Hash Join/Hash/Seq Scan,Sort/GroupAggregate/Sort/Hash Join/Hash/Seq Scan,Seq Scan,Seq Scan,12,5,0,0,453,453
62,Finalize Aggregate,Sort,Finalize Aggregate,Sort,0,0,0,0,458,458
62,Finalize Aggregate/Gather/Partial Aggregate/Nested Loop/Index Only Scan,Sort/GroupAggregate/Sort/Hash Join/Gather/Parallel Hash Semi Join/Nested Loop/Parallel Hash Join/Parallel Hash/Nested Loop/Memoize/Index Only Scan,Index Only Scan,Index Only Scan,4,11,0,0,457,457
62,Finalize Aggregate/Gather/Partial Aggregate/Nested Loop/Nested Loop/Parallel Hash Join/Parallel Seq Scan,Sort/GroupAggregate/Sort/Hash Join/Gather/Parallel Hash Semi Join/Nested Loop/Parallel Hash Join/Parallel Seq Scan,Parallel Seq Scan,Parallel Seq Scan,6,8,0,0,456,456
63,Finalize Aggregate/Gather/Partial Aggregate/Nested Loop/Nested Loop/Parallel Hash Join/Parallel Seq Scan,Sort/GroupAggregate/Sort/Hash Join/Gather/Parallel Hash Semi Join/Nested Loop/Parallel Hash Join/Parallel Seq Scan,Parallel Seq Scan,Parallel Seq Scan,6,8,0,0,464,464
63,Finalize Aggregate/Gather/Partial Aggregate/Nested Loop/Nested Loop/Parallel Hash Join/Parallel Hash/Nested Loop/Parallel Hash Join/Parallel Hash/Hash Join/Parallel Seq Scan,Sort/GroupAggregate/Sort/Hash Join/Gather/Parallel Hash Semi Join/Parallel Hash/Hash Join/Parallel Seq Scan,Parallel Seq Scan,Parallel Seq Scan,11,8,0,0,462,462
63,Finalize Aggregate,Sort,Finalize Aggregate,Sort,0,0,0,0,466,466
63,Finalize Aggregate/Gather/Partial Aggregate/Nested Loop/Nested Loop/Parallel Hash Join/Parallel Hash/Nested Loop/Index Scan,Sort/GroupAggregate/Sort/Hash Join/Gather/Parallel Hash Semi Join/Nested Loop/Index Scan,Index Scan,Index Scan,8,7,0,0,460,460
63,Finalize Aggregate/Gather/Partial Aggregate/Nested Loop/Nested Loop/Parallel Hash Join/Parallel Hash/Nested Loop/Parallel Hash Join/Parallel Hash/Hash Join/Hash/Seq Scan,Sort/GroupAggregate/Sort/Hash Join/Hash/Seq Scan,Seq Scan,Seq Scan,12,5,0,0,461,461
63,Finalize Aggregate/Gather/Partial Aggregate/Nested Loop/Index Only Scan,Sort/GroupAggregate/Sort/Hash Join/Gather/Parallel Hash Semi Join/Nested Loop/Parallel Hash Join/Parallel Hash/Nested Loop/Memoize/Index Only Scan,Index Only Scan,Index Only Scan,4,11,0,0,465,465
63,Finalize Aggregate/Gather/Partial Aggregate/Nested Loop/Nested Loop/Parallel Hash Join/Parallel Hash/Nested Loop/Parallel Hash Join/Parallel Seq Scan,Sort/GroupAggregate/Sort/Hash Join/Gather/Parallel Hash Semi Join/Nested Loop/Parallel Hash Join/Parallel Hash/Nested Loop/Hash Join/Nested Loop/Hash Join/Parallel Hash Join/Parallel Seq Scan,Parallel Seq Scan,Parallel Seq Scan,9,14,0,0,463,463
64,Finalize Aggregate,Sort,Finalize Aggregate,Sort,0,0,0,0,475,475
64,Finalize Aggregate/Gather/Partial Aggregate/Nested Loop/Parallel Hash Join/Parallel Hash/Nested Loop/Parallel Hash Join/Parallel Hash/Nested Loop/Index Only Scan,Sort/GroupAggregate/Sort/Hash Join/Gather/Parallel Hash Semi Join/Nested Loop/Parallel Hash Join/Parallel Hash/Nested Loop/Memoize/Index Only Scan,Index Only Scan,Index Only Scan,10,11,0,0,474,474
64,Finalize Aggregate/Gather/Partial Aggregate/Nested Loop/Parallel Hash Join/Parallel Seq Scan,Sort/GroupAggregate/Sort/Hash Join/Gather/Parallel Hash Semi Join/Nested Loop/Parallel Hash Join/Parallel Seq Scan,Parallel Seq Scan,Parallel Seq Scan,5,8,0,0,473,473
64,Finalize Aggregate/Gather/Partial Aggregate/Nested Loop/Parallel Hash Join/Parallel Hash/Nested Loop/Parallel Hash Join/Parallel Seq Scan,Sort/GroupAggregate/Sort/Hash Join/Gather/Parallel Hash Semi Join/Nested Loop/Parallel Hash Join/Parallel Hash/Nested Loop/Hash Join/Nested Loop/Hash Join/Parallel Hash Join/Parallel Seq Scan,Parallel Seq Scan,Parallel Seq Scan,8,14,0,0,472,472
64,Finalize Aggregate/Gather/Partial Aggregate/Nested Loop/Parallel Hash Join/Parallel Hash/Nested Loop/Parallel Hash Join/Parallel Hash/Nested Loop/Hash Join/Parallel Seq Scan,Sort/GroupAggregate/Sort/Hash Join/Gather/Parallel Hash Semi Join/Parallel Hash/Hash Join/Parallel Seq Scan,Parallel Seq Scan,Parallel Seq Scan,11,8,0,0,471,471
64,Finalize Aggregate/Gather/Partial Aggregate/Nested Loop/Parallel Hash Join/Parallel Hash/Nested Loop/Index Scan,Sort/GroupAggregate/Sort/Hash Join/Gather/Parallel Hash Semi Join/Nested Loop/Parallel Hash Join/Parallel Hash/Nested Loop/Hash Join/Nested Loop/Index Scan,Index Scan,Index Scan,7,12,0,0,469,469
64,Finalize Aggregate/Gather/Partial Aggregate/Nested Loop/Index Scan,Sort/GroupAggregate/Sort/Hash Join/Gather/Parallel Hash Semi Join/Nested Loop/Index Scan,Index Scan,Index Scan,4,7,0,0,468,468
64,Finalize Aggregate/Gather/Partial Aggregate/Nested Loop/Parallel Hash Join/Parallel Hash/Nested Loop/Parallel Hash Join/Parallel Hash/Nested Loop/Hash Join/Hash/Seq Scan,Sort/GroupAggregate/Sort/Hash Join/Hash/Seq Scan,Seq Scan,Seq Scan,12,5,0,0,470,470
65,Finalize Aggregate/Gather/Partial Aggregate/Nested Loop/Parallel Hash Join/Parallel Seq Scan,Sort/GroupAggregate/Sort/Nested Loop/Gather/Parallel Hash Semi Join/Nested Loop/Nested Loop/Parallel Hash Join/Parallel Seq Scan,Parallel Seq Scan,Parallel Seq Scan,5,9,0,0,481,481
65,Finalize Aggregate,Sort,Finalize Aggregate,Sort,0,0,0,0,483,483
65,Finalize Aggregate/Gather/Partial Aggregate/Nested Loop/Parallel Hash Join/Parallel Hash/Nested Loop/Parallel Hash Join/Parallel Hash/Nested Loop/Hash Join/Parallel Seq Scan,Sort/GroupAggregate/Sort/Nested Loop/Gather/Parallel Hash Semi Join/Parallel Hash/Hash Join/Parallel Seq Scan,Parallel Seq Scan,Parallel Seq Scan,11,8,0,0,479,479
65,Finalize Aggregate/Gather/Partial Aggregate/Nested Loop/Parallel Hash Join/Parallel Hash/Nested Loop/Parallel Hash Join/Parallel Hash/Nested Loop/Hash Join/Hash/Seq Scan,Sort/GroupAggregate/Sort/Nested Loop/Seq Scan,Seq Scan,Seq Scan,12,4,0,0,478,478
65,Finalize Aggregate/Gather/Partial Aggregate/Nested Loop/Parallel Hash Join/Parallel Hash/Nested Loop/Index Scan,Sort/GroupAggregate/Sort/Nested Loop/Gather/Parallel Hash Semi Join/Nested Loop/Nested Loop/Index Scan,Index Scan,Index Scan,7,8,0,0,477,477
65,Finalize Aggregate/Gather/Partial Aggregate/Nested Loop/Index Only Scan,Sort/GroupAggregate/Sort/Nested Loop/Gather/Parallel Hash Semi Join/Nested Loop/Index Only Scan,Index Only Scan,Index Only Scan,4,7,0,0,482,482
65,Finalize Aggregate/Gather/Partial Aggregate/Nested Loop/Parallel Hash Join/Parallel Hash/Nested Loop/Parallel Hash Join/Parallel Seq Scan,Sort/GroupAggregate/Sort/Nested Loop/Gather/Parallel Hash Semi Join/Nested Loop/Nested Loop/Parallel Hash Join/Parallel Hash/Nested Loop/Nested Loop/Hash Join/Parallel Hash Join/Parallel Seq Scan,Parallel Seq Scan,Parallel Seq Scan,8,14,0,0,480,480
66,Aggregate/Nested Loop/Gather/Nested Loop/Parallel Hash Join/Parallel Hash/Parallel Hash Join/Parallel Hash/Hash Join/Hash/Seq Scan,Sort/GroupAggregate/Nested Loop Semi Join/Gather/Hash Join/Hash/Seq Scan,Seq Scan,Seq Scan,10,6,0,0,486,486
66,Aggregate/Nested Loop/Gather/Nested Loop/Index Scan,Sort/GroupAggregate/Nested Loop Semi Join/Gather Merge/Sort/Parallel Hash Semi Join/Nested Loop/Parallel Hash Join/Parallel Hash/Nested Loop/Parallel Hash Join/Parallel Hash/Nested Loop/Nested Loop/Nested Loop/Index Scan,Index Scan,Index Scan,4,15,0,0,485,485
66,Aggregate,Sort,Aggregate,Sort,0,0,0,0,491,491
66,Aggregate/Nested Loop/Gather/Nested Loop/Parallel Hash Join/Parallel Seq Scan,Sort/GroupAggregate/Nested Loop Semi Join/Gather Merge/Sort/Parallel Hash Semi Join/Parallel Hash/Parallel Hash Join/Parallel Seq Scan,Parallel Seq Scan,Parallel Seq Scan,5,8,0,0,490,490
66,Aggregate/Nested Loop/Gather/Nested Loop/Parallel Hash Join/Parallel Hash/Parallel Hash Join/Hash Join/Hash/Seq Scan,Sort/GroupAggregate/Nested Loop Semi Join/Gather Merge/Sort/Parallel Hash Semi Join/Parallel Hash/Parallel Hash Join/Parallel Hash/Hash Join/Hash/Seq Scan,Seq Scan,Seq Scan,9,11,0,0,487,487
66,Aggregate/Nested Loop/Gather/Nested Loop/Parallel Hash Join/Parallel Hash/Parallel Hash Join/Parallel Hash/Hash Join/Parallel Seq Scan,Sort/GroupAggregate/Nested Loop Semi Join/Gather/Hash Join/Parallel Seq Scan,Parallel Seq Scan,Parallel Seq Scan,9,5,0,0,488,488
66,Aggregate/Nested Loop/Index Scan,Sort/GroupAggregate/Nested Loop Semi Join/Gather Merge/Sort/Parallel Hash Semi Join/Nested Loop/Index Scan,Index Scan,Index Scan,2,7,0,0,484,484
66,Aggregate/Nested Loop/Gather/Nested Loop/Parallel Hash Join/Parallel Hash/Parallel Hash Join/Hash Join/Parallel Seq Scan,Sort/GroupAggregate/Nested Loop Semi Join/Gather Merge/Sort/Parallel Hash Semi Join/Parallel Hash/Parallel Hash Join/Parallel Hash/Hash Join/Parallel Seq Scan,Parallel Seq Scan,Parallel Seq Scan,8,10,0,0,489,489
67,Finalize Aggregate/Gather/Partial Aggregate/Nested Loop/Nested Loop/Parallel Hash Join/Parallel Hash/Parallel Hash Join/Hash Join/Hash/Seq Scan,Sort/GroupAggregate/Nested Loop Semi Join/Gather Merge/Sort/Parallel Hash Semi Join/Parallel Hash/Parallel Hash Join/Parallel Hash/Hash Join/Hash/Seq Scan,Seq Scan,Seq Scan,10,11,0,0,497,497
67,Finalize Aggregate/Gather/Partial Aggregate/Nested Loop/Nested Loop/Parallel Hash Join/Parallel Hash/Parallel Hash Join/Parallel Hash/Hash Join/Hash/Seq Scan,Sort/GroupAggregate/Nested Loop Semi Join/Gather/Hash Join/Hash/Seq Scan,Seq Scan,Seq Scan,11,6,0,0,496,496
67,Finalize Aggregate/Gather/Partial Aggregate/Nested Loop/Nested Loop/Parallel Hash Join/Parallel Seq Scan,Sort/GroupAggregate/Nested Loop Semi Join/Gather Merge/Sort/Parallel Hash Semi Join/Parallel Hash/Parallel Hash Join/Parallel Seq Scan,Parallel Seq Scan,Parallel Seq Scan,6,8,0,0,500,500
67,Finalize Aggregate/Gather/Partial Aggregate/Nested Loop/Nested Loop/Parallel Hash Join/Parallel Hash/Parallel Hash Join/Hash Join/Parallel Seq Scan,Sort/GroupAggregate/Nested Loop Semi Join/Gather Merge/Sort/Parallel Hash Semi Join/Parallel Hash/Parallel Hash Join/Parallel Hash/Hash Join/Parallel Seq Scan,Parallel Seq Scan,Parallel Seq Scan,9,10,0,0,499,499
67,Finalize Aggregate/Gather/Partial Aggregate/Nested Loop/Nested Loop/Index Scan,Sort/GroupAggregate/Nested Loop Semi Join/Gather Merge/Sort/Parallel Hash Semi Join/Nested Loop/Parallel Hash Join/Parallel Hash/Nested Loop/Parallel Hash Join/Parallel Hash/Nested Loop/Nested Loop/Nested Loop/Index Scan,Index Scan,Index Scan,5,15,0,0,495,495
67,Finalize Aggregate,Sort,Finalize Aggregate,Sort,0,0,0,0,501,501
67,Finalize Aggregate/Gather/Partial Aggregate/Nested Loop/Index Scan,Sort/GroupAggregate/Nested Loop Semi Join/Gather Merge/Sort/Parallel Hash Semi Join/Nested Loop/Index Scan,Index Scan,Index Scan,4,7,0,0,494,494
67,Finalize Aggregate/Gather/Partial Aggregate/Nested Loop/Nested Loop/Parallel Hash Join/Parallel Hash/Parallel Hash Join/Parallel Hash/Hash Join/Parallel Seq Scan,Sort/GroupAggregate/Nested Loop Semi Join/Gather/Hash Join/Parallel Seq Scan,Parallel Seq Scan,Parallel Seq Scan,10,5,0,0,498,498
68,Finalize Aggregate/Gather/Partial Aggregate/Nested Loop/Nested Loop/Parallel Hash Join/Parallel Hash/Parallel Hash Join/Hash Join/Parallel Seq Scan,Sort/GroupAggregate/Nested Loop Semi Join/Gather Merge/Sort/Parallel Hash Semi Join/Parallel Hash/Parallel Hash Join/Parallel Hash/Hash Join/Parallel Seq Scan,Parallel Seq Scan,Parallel Seq Scan,9,10,0,0,509,509
68,Finalize Aggregate/Gather/Partial Aggregate/Nested Loop/Nested Loop/Parallel Hash Join/Parallel Hash/Parallel Hash Join/Hash Join/Hash/Seq Scan,Sort/GroupAggregate/Nested Loop Semi Join/Gather Merge/Sort/Parallel Hash Semi Join/Parallel Hash/Parallel Hash Join/Parallel Hash/Hash Join/Hash/Seq Scan,Seq Scan,Seq Scan,10,11,0,0,507,507
68,Finalize Aggregate/Gather/Partial Aggregate/Nested Loop/Nested Loop/Parallel Hash Join/Parallel Hash/Parallel Hash Join/Parallel Hash/Hash Join/Hash/Seq Scan,Sort/GroupAggregate/Nested Loop Semi Join/Gather/Hash Join/Hash/Seq Scan,Seq Scan,Seq Scan,11,6,0,0,506,506
68,Finalize Aggregate,Sort,Finalize Aggregate,Sort,0,0,0,0,511,511
68,Finalize Aggregate/Gather/Partial Aggregate/Nested Loop/Nested Loop/Parallel Hash Join/Parallel Seq Scan,Sort/GroupAggregate/Nested Loop Semi Join/Gather Merge/Sort/Parallel Hash Semi Join/Parallel Hash/Parallel Hash Join/Parallel Seq Scan,Parallel Seq Scan,Parallel Seq Scan,6,8,0,0,510,510
68,Finalize Aggregate/Gather/Partial Aggregate/Nested Loop/Nested Loop/Index Scan,Sort/GroupAggregate/Nested Loop Semi Join/Gather Merge/Sort/Parallel Hash Semi Join/Nested Loop/Parallel Hash Join/Parallel Hash/Nested Loop/Parallel Hash Join/Parallel Hash/Nested Loop/Nested Loop/Nested Loop/Index Scan,Index Scan,Index Scan,5,15,0,0,505,505
68,Finalize Aggregate/Gather/Partial Aggregate/Nested Loop/Index Scan,Sort/GroupAggregate/Nested Loop Semi Join/Gather Merge/Sort/Parallel Hash Semi Join/Nested Loop/Index Scan,Index Scan,Index Scan,4,7,0,0,504,504
68,Finalize Aggregate/Gather/Partial Aggregate/Nested Loop/Nested Loop/Parallel Hash Join/Parallel Hash/Parallel Hash Join/Parallel Hash/Hash Join/Parallel Seq Scan,Sort/GroupAggregate/Nested Loop Semi Join/Gather/Hash Join/Parallel Seq Scan,Parallel Seq Scan,Parallel Seq Scan,10,5,0,0,508,508
69,Finalize Aggregate/Gather/Partial Aggregate/Nested Loop/Parallel Hash Join/Parallel Hash/Nested Loop/Nested Loop/Nested Loop/Parallel Hash Join/Parallel Hash/Parallel Hash Join/Parallel Hash/Hash Join/Hash/Seq Scan,Sort/GroupAggregate/Nested Loop Semi Join/Gather/Hash Join/Hash/Seq Scan,Seq Scan,Seq Scan,15,6,0,0,517,517
69,Finalize Aggregate/Gather/Partial Aggregate/Nested Loop/Parallel Hash Join/Parallel Hash/Nested Loop/Nested Loop/Nested Loop/Parallel Hash Join/Parallel Hash/Parallel Hash Join/Hash Join/Hash/Seq Scan,Sort/GroupAggregate/Nested Loop Semi Join/Gather Merge/Sort/Parallel Hash Semi Join/Parallel Hash/Parallel Hash Join/Parallel Hash/Hash Join/Hash/Seq Scan,Seq Scan,Seq Scan,14,11,0,0,518,518
69,Finalize Aggregate/Gather/Partial Aggregate/Nested Loop/Parallel Hash Join/Parallel Seq Scan,Sort/GroupAggregate/Nested Loop Semi Join/Gather Merge/Sort/Parallel Hash Semi Join/Nested Loop/Parallel Hash Join/Parallel Hash/Nested Loop/Parallel Hash Join/Parallel Hash/Nested Loop/Nested Loop/Nested Loop/Merge Join/Sort/Parallel Hash Join/Parallel Hash/Hash Join/Hash Join/Parallel Seq Scan,Parallel Seq Scan,Parallel Seq Scan,5,21,0,0,522,522
69,Finalize Aggregate/Gather/Partial Aggregate/Nested Loop/Parallel Hash Join/Parallel Hash/Nested Loop/Index Scan,Sort/GroupAggregate/Nested Loop Semi Join/Gather Merge/Sort/Parallel Hash Semi Join/Nested Loop/Parallel Hash Join/Parallel Hash/Nested Loop/Parallel Hash Join/Parallel Hash/Nested Loop/Nested Loop/Nested Loop/Index Scan,Index Scan,Index Scan,7,15,0,0,515,515
69,Finalize Aggregate,Sort,Finalize Aggregate,Sort,0,0,0,0,523,523
69,Finalize Aggregate/Gather/Partial Aggregate/Nested Loop/Parallel Hash Join/Parallel Hash/Nested Loop/Nested Loop/Nested Loop/Parallel Hash Join/Parallel Seq Scan,Sort/GroupAggregate/Nested Loop Semi Join/Gather Merge/Sort/Parallel Hash Semi Join/Parallel Hash/Parallel Hash Join/Parallel Seq Scan,Parallel Seq Scan,Parallel Seq Scan,10,8,0,0,521,521
69,Finalize Aggregate/Gather/Partial Aggregate/Nested Loop/Index Scan,Sort/GroupAggregate/Nested Loop Semi Join/Gather Merge/Sort/Parallel Hash Semi Join/Nested Loop/Index Scan,Index Scan,Index Scan,4,7,0,0,514,514
69,Finalize Aggregate/Gather/Partial Aggregate/Nested Loop/Parallel Hash Join/Parallel Hash/Nested Loop/Nested Loop/Nested Loop/Parallel Hash Join/Parallel Hash/Parallel Hash Join/Hash Join/Parallel Seq Scan,Sort/GroupAggregate/Nested Loop Semi Join/Gather Merge/Sort/Parallel Hash Semi Join/Parallel Hash/Parallel Hash Join/Parallel Hash/Hash Join/Parallel Seq Scan,Parallel Seq Scan,Parallel Seq Scan,13,10,0,0,520,520
69,Finalize Aggregate/Gather/Partial Aggregate/Nested Loop/Parallel Hash Join/Parallel Hash/Nested Loop/Nested Loop/Nested Loop/Index Only Scan,Sort/GroupAggregate/Nested Loop Semi Join/Gather Merge/Sort/Parallel Hash Semi Join/Nested Loop/Parallel Hash Join/Parallel Hash/Nested Loop/Index Only Scan,Index Only Scan,Index Only Scan,9,10,0,0,516,516
69,Finalize Aggregate/Gather/Partial Aggregate/Nested Loop/Parallel Hash Join/Parallel Hash/Nested Loop/Nested Loop/Nested Loop/Parallel Hash Join/Parallel Hash/Parallel Hash Join/Parallel Hash/Hash Join/Parallel Seq Scan,Sort/GroupAggregate/Nested Loop Semi Join/Gather/Hash Join/Parallel Seq Scan,Parallel Seq Scan,Parallel Seq Scan,14,5,0,0,519,519
70,Finalize Aggregate/Gather/Partial Aggregate/Nested Loop/Nested Loop/Index Scan,Sort/GroupAggregate/Nested Loop Semi Join/Gather Merge/Sort/Parallel Hash Semi Join/Nested Loop/Parallel Hash Join/Parallel Hash/Nested Loop/Parallel Hash Join/Parallel Hash/Nested Loop/Nested Loop/Nested Loop/Index Scan,Index Scan,Index Scan,5,15,0,0,527,527
70,Finalize Aggregate,Sort,Finalize Aggregate,Sort,0,0,0,0,535,535
70,Finalize Aggregate/Gather/Partial Aggregate/Nested Loop/Nested Loop/Nested Loop/Parallel Hash Join/Parallel Hash/Nested Loop/Parallel Hash Join/Parallel Seq Scan,Sort/GroupAggregate/Nested Loop Semi Join/Gather Merge/Sort/Parallel Hash Semi Join/Parallel Hash/Parallel Hash Join/Parallel Seq Scan,Parallel Seq Scan,Parallel Seq Scan,10,8,0,0,533,533
70,Finalize Aggregate/Gather/Partial Aggregate/Nested Loop/Nested Loop/Nested Loop/Parallel Hash Join/Parallel Hash/Nested Loop/Index Only Scan,Sort/GroupAggregate/Nested Loop Semi Join/Gather Merge/Sort/Parallel Hash Semi Join/Nested Loop/Parallel Hash Join/Parallel Hash/Nested Loop/Index Only Scan,Index Only Scan,Index Only Scan,9,10,0,0,528,528
70,Finalize Aggregate/Gather/Partial Aggregate/Nested Loop/Index Scan,Sort/GroupAggregate/Nested Loop Semi Join/Gather Merge/Sort/Parallel Hash Semi Join/Nested Loop/Index Scan,Index Scan,Index Scan,4,7,0,0,526,526
70,Finalize Aggregate/Gather/Partial Aggregate/Nested Loop/Nested Loop/Nested Loop/Parallel Hash Join/Parallel Hash/Nested Loop/Parallel Hash Join/Parallel Hash/Parallel Hash Join/Parallel Hash/Hash Join/Hash/Seq Scan,Sort/GroupAggregate/Nested Loop Semi Join/Gather/Hash Join/Hash/Seq Scan,Seq Scan,Seq Scan,15,6,0,0,529,529
70,Finalize Aggregate/Gather/Partial Aggregate/Nested Loop/Nested Loop/Nested Loop/Parallel Hash Join/Parallel Hash/Nested Loop/Parallel Hash Join/Parallel Hash/Parallel Hash Join/Hash Join/Hash/Seq Scan,Sort/GroupAggregate/Nested Loop Semi Join/Gather Merge/Sort/Parallel Hash Semi Join/Parallel Hash/Parallel Hash Join/Parallel Hash/Hash Join/Hash/Seq Scan,Seq Scan,Seq Scan,14,11,0,0,530,530
70,Finalize Aggregate/Gather/Partial Aggregate/Nested Loop/Nested Loop/Nested Loop/Parallel Hash Join/Parallel Seq Scan,Sort/GroupAggregate/Nested Loop Semi Join/Gather Merge/Sort/Parallel Hash Semi Join/Nested Loop/Parallel Hash Join/Parallel Hash/Nested Loop/Parallel Hash Join/Parallel Hash/Nested Loop/Nested Loop/Nested Loop/Merge Join/Sort/Parallel Hash Join/Parallel Hash/Hash Join/Hash Join/Parallel Seq Scan,Parallel Seq Scan,Parallel Seq Scan,7,21,0,0,534,534
70,Finalize Aggregate/Gather/Partial Aggregate/Nested Loop/Nested Loop/Nested Loop/Parallel Hash Join/Parallel Hash/Nested Loop/Parallel Hash Join/Parallel Hash/Parallel Hash Join/Hash Join/Parallel Seq Scan,Sort/GroupAggregate/Nested Loop Semi Join/Gather Merge/Sort/Parallel Hash Semi Join/Parallel Hash/Parallel Hash Join/Parallel Hash/Hash Join/Parallel Seq Scan,Parallel Seq Scan,Parallel Seq Scan,13,10,0,0,532,532
70,Finalize Aggregate/Gather/Partial Aggregate/Nested Loop/Nested Loop/Nested Loop/Parallel Hash Join/Parallel Hash/Nested Loop/Parallel Hash Join/Parallel Hash/Parallel Hash Join/Parallel Hash/Hash Join/Parallel Seq Scan,Sort/GroupAggregate/Nested Loop Semi Join/Gather/Hash Join/Parallel Seq Scan,Parallel Seq Scan,Parallel Seq Scan,14,5,0,0,531,531
71,Finalize Aggregate/Gather/Partial Aggregate/Nested Loop/Nested Loop/Parallel Hash Join/Parallel Hash/Nested Loop/Parallel Hash Join/Parallel Hash/Nested Loop/Parallel Hash Join/Hash Join/Parallel Seq Scan,Sort/GroupAggregate/Nested Loop Semi Join/Gather Merge/Sort/Parallel Hash Semi Join/Parallel Hash/Parallel Hash Join/Parallel Hash/Hash Join/Parallel Seq Scan,Parallel Seq Scan,Parallel Seq Scan,13,10,0,0,544,544
71,Finalize Aggregate/Gather/Partial Aggregate/Nested Loop/Nested Loop/Index Scan,Sort/GroupAggregate/Nested Loop Semi Join/Gather Merge/Sort/Parallel Hash Semi Join/Nested Loop/Parallel Hash Join/Parallel Hash/Nested Loop/Parallel Hash Join/Parallel Hash/Nested Loop/Nested Loop/Nested Loop/Index Scan,Index Scan,Index Scan,5,15,0,0,539,539
71,Finalize Aggregate,Sort,Finalize Aggregate,Sort,0,0,0,0,547,547
71,Finalize Aggregate/Gather/Partial Aggregate/Nested Loop/Index Scan,Sort/GroupAggregate/Nested Loop Semi Join/Gather Merge/Sort/Parallel Hash Semi Join/Nested Loop/Index Scan,Index Scan,Index Scan,4,7,0,0,538,538
71,Finalize Aggregate/Gather/Partial Aggregate/Nested Loop/Nested Loop/Parallel Hash Join/Parallel Hash/Nested Loop/Parallel Hash Join/Parallel Hash/Nested Loop/Parallel Hash Join/Hash Join/Hash/Seq Scan,Sort/GroupAggregate/Nested Loop Semi Join/Gather Merge/Sort/Parallel Hash Semi Join/Parallel Hash/Parallel Hash Join/Parallel Hash/Hash Join/Hash/Seq Scan,Seq Scan,Seq Scan,14,11,0,0,542,542
71,Finalize Aggregate/Gather/Partial Aggregate/Nested Loop/Nested Loop/Parallel Hash Join/Parallel Hash/Nested Loop/Parallel Hash Join/Parallel Seq Scan,Sort/GroupAggregate/Nested Loop Semi Join/Gather Merge/Sort/Parallel Hash Semi Join/Parallel Hash/Parallel Hash Join/Parallel Seq Scan,Parallel Seq Scan,Parallel Seq Scan,9,8,0,0,545,545
71,Finalize Aggregate/Gather/Partial Aggregate/Nested Loop/Nested Loop/Parallel Hash Join/Parallel Hash/Nested Loop/Parallel Hash Join/Parallel Hash/Nested Loop/Parallel Hash Join/Parallel Hash/Hash Join/Parallel Seq Scan,Sort/GroupAggregate/Nested Loop Semi Join/Gather/Hash Join/Parallel Seq Scan,Parallel Seq Scan,Parallel Seq Scan,14,5,0,0,543,543
71,Finalize Aggregate/Gather/Partial Aggregate/Nested Loop/Nested Loop/Parallel Hash Join/Parallel Seq Scan,Sort/GroupAggregate/Nested Loop Semi Join/Gather Merge/Sort/Parallel Hash Semi Join/Nested Loop/Parallel Hash Join/Parallel Hash/Nested Loop/Parallel Hash Join/Parallel Hash/Nested Loop/Nested Loop/Nested Loop/Merge Join/Sort/Parallel Hash Join/Parallel Hash/Hash Join/Hash Join/Parallel Seq Scan,Parallel Seq Scan,Parallel Seq Scan,6,21,0,0,546,546
71,Finalize Aggregate/Gather/Partial Aggregate/Nested Loop/Nested Loop/Parallel Hash Join/Parallel Hash/Nested Loop/Index Only Scan,Sort/GroupAggregate/Nested Loop Semi Join/Gather Merge/Sort/Parallel Hash Semi Join/Nested Loop/Parallel Hash Join/Parallel Hash/Nested Loop/Index Only Scan,Index Only Scan,Index Only Scan,8,10,0,0,540,540
71,Finalize Aggregate/Gather/Partial Aggregate/Nested Loop/Nested Loop/Parallel Hash Join/Parallel Hash/Nested Loop/Parallel Hash Join/Parallel Hash/Nested Loop/Parallel Hash Join/Parallel Hash/Hash Join/Hash/Seq Scan,Sort/GroupAggregate/Nested Loop Semi Join/Gather/Hash Join/Hash/Seq Scan,Seq Scan,Seq Scan,15,6,0,0,541,541
72,Finalize Aggregate/Gather/Partial Aggregate/Parallel Hash Join/Parallel Hash/Nested Loop/Parallel Hash Join/Parallel Hash/Nested Loop/Nested Loop/Nested Loop/Parallel Hash Join/Hash Join/Parallel Seq Scan,Sort/GroupAggregate/Nested Loop Semi Join/Gather Merge/Sort/Parallel Hash Semi Join/Parallel Hash/Parallel Hash Join/Parallel Hash/Hash Join/Parallel Seq Scan,Parallel Seq Scan,Parallel Seq Scan,13,10,0,0,556,556
72,Finalize Aggregate/Gather/Partial Aggregate/Parallel Hash Join/Parallel Hash/Nested Loop/Parallel Hash Join/Parallel Hash/Nested Loop/Nested Loop/Nested Loop/Parallel Hash Join/Parallel Hash/Hash Join/Hash/Seq Scan,Sort/GroupAggregate/Nested Loop Semi Join/Gather/Hash Join/Hash/Seq Scan,Seq Scan,Seq Scan,15,6,0,0,553,553
72,Finalize Aggregate/Gather/Partial Aggregate/Parallel Hash Join/Parallel Seq Scan,Sort/GroupAggregate/Nested Loop Semi Join/Gather Merge/Sort/Parallel Hash Semi Join/Nested Loop/Parallel Hash Join/Parallel Hash/Nested Loop/Parallel Hash Join/Parallel Hash/Nested Loop/Nested Loop/Nested Loop/Merge Join/Sort/Parallel Hash Join/Parallel Hash/Hash Join/Hash Join/Parallel Seq Scan,Parallel Seq Scan,Parallel Seq Scan,4,21,0,0,558,558
72,Finalize Aggregate/Gather/Partial Aggregate/Parallel Hash Join/Parallel Hash/Nested Loop/Parallel Hash Join/Parallel Hash/Nested Loop/Nested Loop/Nested Loop/Parallel Hash Join/Hash Join/Hash/Seq Scan,Sort/GroupAggregate/Nested Loop Semi Join/Gather Merge/Sort/Parallel Hash Semi Join/Parallel Hash/Parallel Hash Join/Parallel Hash/Hash Join/Hash/Seq Scan,Seq Scan,Seq Scan,14,11,0,0,554,554
72,Finalize Aggregate/Gather/Partial Aggregate/Parallel Hash Join/Parallel Hash/Nested Loop/Index Scan,Sort/GroupAggregate/Nested Loop Semi Join/Gather Merge/Sort/Parallel Hash Semi Join/Nested Loop/Index Scan,Index Scan,Index Scan,6,7,0,0,550,550
72,Finalize Aggregate/Gather/Partial Aggregate/Parallel Hash Join/Parallel Hash/Nested Loop/Parallel Hash Join/Parallel Hash/Nested Loop/Index Scan,Sort/GroupAggregate/Nested Loop Semi Join/Gather Merge/Sort/Parallel Hash Semi Join/Nested Loop/Parallel Hash Join/Parallel Hash/Nested Loop/Parallel Hash Join/Parallel Hash/Nested Loop/Nested Loop/Nested Loop/Index Scan,Index Scan,Index Scan,9,15,0,0,551,551
72,Finalize Aggregate,Sort,Finalize Aggregate,Sort,0,0,0,0,559,559
72,Finalize Aggregate/Gather/Partial Aggregate/Parallel Hash Join/Parallel Hash/Nested Loop/Parallel Hash Join/Parallel Seq Scan,Sort/GroupAggregate/Nested Loop Semi Join/Gather Merge/Sort/Parallel Hash Semi Join/Parallel Hash/Parallel Hash Join/Parallel Seq Scan,Parallel Seq Scan,Parallel Seq Scan,7,8,0,0,557,557
72,Finalize Aggregate/Gather/Partial Aggregate/Parallel Hash Join/Parallel Hash/Nested Loop/Parallel Hash Join/Parallel Hash/Nested Loop/Nested Loop/Nested Loop/Parallel Hash Join/Parallel Hash/Hash Join/Parallel Seq Scan,Sort/GroupAggregate/Nested Loop Semi Join/Gather/Hash Join/Parallel Seq Scan,Parallel Seq Scan,Parallel Seq Scan,14,5,0,0,555,555
72,Finalize Aggregate/Gather/Partial Aggregate/Parallel Hash Join/Parallel Hash/Nested Loop/Parallel Hash Join/Parallel Hash/Nested Loop/Nested Loop/Nested Loop/Index Only Scan,Sort/GroupAggregate/Nested Loop Semi Join/Gather Merge/Sort/Parallel Hash Semi Join/Nested Loop/Parallel Hash Join/Parallel Hash/Nested Loop/Index Only Scan,Index Only Scan,Index Only Scan,11,10,0,0,552,552
73,Finalize Aggregate/Gather/Partial Aggregate/Nested Loop/Nested Loop/Parallel Hash Join/Parallel Seq Scan,Sort/GroupAggregate/Nested Loop Semi Join/Gather Merge/Sort/Parallel Hash Semi Join/Parallel Hash/Parallel Hash Join/Parallel Hash/Hash Join/Parallel Seq Scan,Parallel Seq Scan,Parallel Seq Scan,6,10,0,0,568,568
73,Finalize Aggregate/Gather/Partial Aggregate/Nested Loop/Nested Loop/Index Scan,Sort/GroupAggregate/Nested Loop Semi Join/Gather Merge/Sort/Parallel Hash Semi Join/Nested Loop/Index Scan,Index Scan,Index Scan,5,7,0,0,563,563
73,Finalize Aggregate/Gather/Partial Aggregate/Nested Loop/Index Only Scan,Sort/GroupAggregate/Nested Loop Semi Join/Gather Merge/Sort/Parallel Hash Semi Join/Nested Loop/Parallel Hash Join/Parallel Hash/Nested Loop/Index Only Scan,Index Only Scan,Index Only Scan,4,10,0,0,562,562
73,Finalize Aggregate/Gather/Partial Aggregate/Nested Loop/Nested Loop/Parallel Hash Join/Parallel Hash/Nested Loop/Index Scan,Sort/GroupAggregate/Nested Loop Semi Join/Gather Merge/Sort/Parallel Hash Semi Join/Nested Loop/Parallel Hash Join/Parallel Hash/Nested Loop/Parallel Hash Join/Parallel Hash/Nested Loop/Nested Loop/Nested Loop/Index Scan,Index Scan,Index Scan,8,15,0,0,564,564
73,Finalize Aggregate/Gather/Partial Aggregate/Nested Loop/Nested Loop/Parallel Hash Join/Parallel Hash/Nested Loop/Hash Join/Hash/Nested Loop/Nested Loop/Nested Loop/Hash Join/Hash/Seq Scan,Sort/GroupAggregate/Nested Loop Semi Join/Gather/Hash Join/Hash/Seq Scan,Seq Scan,Seq Scan,15,6,0,0,566,566
73,Finalize Aggregate/Gather/Partial Aggregate/Nested Loop/Nested Loop/Parallel Hash Join/Parallel Hash/Nested Loop/Hash Join/Hash/Nested Loop/Nested Loop/Nested Loop/Hash Join/Seq Scan,Sort/GroupAggregate/Nested Loop Semi Join/Gather Merge/Sort/Parallel Hash Semi Join/Nested Loop/Parallel Hash Join/Parallel Hash/Nested Loop/Parallel Hash Join/Parallel Hash/Nested Loop/Nested Loop/Nested Loop/Merge Join/Sort/Hash Join/Seq Scan,Seq Scan,Seq Scan,14,18,0,0,565,565
73,Finalize Aggregate,Sort,Finalize Aggregate,Sort,0,0,0,0,569,569
73,Finalize Aggregate/Gather/Partial Aggregate/Nested Loop/Nested Loop/Parallel Hash Join/Parallel Hash/Nested Loop/Hash Join/Parallel Seq Scan,Sort/GroupAggregate/Nested Loop Semi Join/Gather/Hash Join/Parallel Seq Scan,Parallel Seq Scan,Parallel Seq Scan,9,5,0,0,567,567
74,Finalize Aggregate,Sort,Finalize Aggregate,Sort,0,0,0,0,577,577
74,Finalize Aggregate/Gather/Partial Aggregate/Nested Loop/Nested Loop/Index Scan,Sort/GroupAggregate/Nested Loop Semi Join/Gather Merge/Sort/Parallel Hash Semi Join/Nested Loop/Parallel Hash Join/Parallel Hash/Nested Loop/Parallel Hash Join/Parallel Hash/Nested Loop/Nested Loop/Nested Loop/Index Scan,Index Scan,Index Scan,5,15,0,0,572,572
74,Finalize Aggregate/Gather/Partial Aggregate/Nested Loop/Nested Loop/Parallel Hash Join/Parallel Hash/Nested Loop/Hash Join/Parallel Seq Scan,Sort/GroupAggregate/Nested Loop Semi Join/Gather/Hash Join/Parallel Seq Scan,Parallel Seq Scan,Parallel Seq Scan,9,5,0,0,575,575
74,Finalize Aggregate/Gather/Partial Aggregate/Nested Loop/Index Scan,Sort/GroupAggregate/Nested Loop Semi Join/Gather Merge/Sort/Parallel Hash Semi Join/Nested Loop/Index Scan,Index Scan,Index Scan,4,7,0,0,571,571
74,Finalize Aggregate/Gather/Partial Aggregate/Nested Loop/Nested Loop/Parallel Hash Join/Parallel Hash/Nested Loop/Hash Join/Hash/Nested Loop/Nested Loop/Nested Loop/Hash Join/Seq Scan,Sort/GroupAggregate/Nested Loop Semi Join/Gather Merge/Sort/Parallel Hash Semi Join/Nested Loop/Parallel Hash Join/Parallel Hash/Nested Loop/Parallel Hash Join/Parallel Hash/Nested Loop/Nested Loop/Nested Loop/Merge Join/Sort/Hash Join/Seq Scan,Seq Scan,Seq Scan,14,18,0,0,573,573
74,Finalize Aggregate/Gather/Partial Aggregate/Nested Loop/Nested Loop/Parallel Hash Join/Parallel Hash/Nested Loop/Hash Join/Hash/Nested Loop/Nested Loop/Nested Loop/Hash Join/Hash/Seq Scan,Sort/GroupAggregate/Nested Loop Semi Join/Gather/Hash Join/Hash/Seq Scan,Seq Scan,Seq Scan,15,6,0,0,574,574
74,Finalize Aggregate/Gather/Partial Aggregate/Nested Loop/Nested Loop/Parallel Hash Join/Parallel Seq Scan,Sort/GroupAggregate/Nested Loop Semi Join/Gather Merge/Sort/Parallel Hash Semi Join/Parallel Hash/Parallel Hash Join/Parallel Hash/Hash Join/Parallel Seq Scan,Parallel Seq Scan,Parallel Seq Scan,6,10,0,0,576,576
75,Finalize Aggregate/Gather/Partial Aggregate/Nested Loop/Nested Loop/Index Scan,Sort/GroupAggregate/Nested Loop Semi Join/Gather Merge/Sort/Parallel Hash Semi Join/Nested Loop/Parallel Hash Join/Parallel Hash/Nested Loop/Parallel Hash Join/Parallel Hash/Nested Loop/Nested Loop/Nested Loop/Index Scan,Index Scan,Index Scan,5,15,0,0,580,580
75,Finalize Aggregate/Gather/Partial Aggregate/Nested Loop/Nested Loop/Parallel Hash Join/Parallel Hash/Nested Loop/Hash Join/Hash/Nested Loop/Nested Loop/Nested Loop/Hash Join/Hash/Seq Scan,Sort/GroupAggregate/Nested Loop Semi Join/Gather/Hash Join/Hash/Seq Scan,Seq Scan,Seq Scan,15,6,0,0,582,582
75,Finalize Aggregate,Sort,Finalize Aggregate,Sort,0,0,0,0,585,585
75,Finalize Aggregate/Gather/Partial Aggregate/Nested Loop/Nested Loop/Parallel Hash Join/Parallel Hash/Nested Loop/Hash Join/Hash/Nested Loop/Nested Loop/Nested Loop/Hash Join/Seq Scan,Sort/GroupAggregate/Nested Loop Semi Join/Gather Merge/Sort/Parallel Hash Semi Join/Nested Loop/Parallel Hash Join/Parallel Hash/Nested Loop/Parallel Hash Join/Parallel Hash/Nested Loop/Nested Loop/Nested Loop/Merge Join/Sort/Hash Join/Seq Scan,Seq Scan,Seq Scan,14,18,0,0,581,581
75,Finalize Aggregate/Gather/Partial Aggregate/Nested Loop/Index Scan,Sort/GroupAggregate/Nested Loop Semi Join/Gather Merge/Sort/Parallel Hash Semi Join/Nested Loop/Index Scan,Index Scan,Index Scan,4,7,0,0,579,579
75,Finalize Aggregate/Gather/Partial Aggregate/Nested Loop/Nested Loop/Parallel Hash Join/Parallel Seq Scan,Sort/GroupAggregate/Nested Loop Semi Join/Gather Merge/Sort/Parallel Hash Semi Join/Parallel Hash/Parallel Hash Join/Parallel Hash/Hash Join/Parallel Seq Scan,Parallel Seq Scan,Parallel Seq Scan,6,10,0,0,584,584
75,Finalize Aggregate/Gather/Partial Aggregate/Nested Loop/Nested Loop/Parallel Hash Join/Parallel Hash/Nested Loop/Hash Join/Parallel Seq Scan,Sort/GroupAggregate/Nested Loop Semi Join/Gather/Hash Join/Parallel Seq Scan,Parallel Seq Scan,Parallel Seq Scan,9,5,0,0,583,583
76,Finalize Aggregate/Gather/Partial Aggregate/Nested Loop/Nested Loop/Parallel Hash Join/Parallel Hash/Parallel Hash Join/Parallel Hash/Nested Loop/Hash Join/Hash/Hash Join/Hash/Seq Scan,Sort/GroupAggregate/Sort/Gather/Nested Loop/Nested Loop/Parallel Hash Join/Parallel Hash/Nested Loop/Parallel Hash Join/Parallel Hash/Hash Join/Hash/Seq Scan,Seq Scan,Seq Scan,14,13,0,0,589,589
76,Finalize Aggregate/Gather/Partial Aggregate/Nested Loop/Index Scan,Sort/GroupAggregate/Sort/Gather/Nested Loop/Nested Loop/Index Scan,Index Scan,Index Scan,4,6,0,0,587,587
76,Finalize Aggregate/Gather/Partial Aggregate/Nested Loop/Nested Loop/Parallel Hash Join/Hash Join/Parallel Seq Scan,Sort/GroupAggregate/Sort/Gather/Nested Loop/Nested Loop/Parallel Hash Join/Parallel Seq Scan,Parallel Seq Scan,Parallel Seq Scan,7,7,0,0,594,594
76,Finalize Aggregate/Gather/Partial Aggregate/Nested Loop/Nested Loop/Parallel Hash Join/Parallel Hash/Parallel Hash Join/Parallel Seq Scan,Sort/GroupAggregate/Sort/Gather/Nested Loop/Nested Loop/Parallel Hash Join/Parallel Hash/Nested Loop/Parallel Hash Join/Hash Join/Parallel Seq Scan,Parallel Seq Scan,Parallel Seq Scan,8,11,0,0,592,592
76,Finalize Aggregate,Sort,Finalize Aggregate,Sort,0,0,0,0,595,595
76,Finalize Aggregate/Gather/Partial Aggregate/Nested Loop/Nested Loop/Parallel Hash Join/Hash Join/Hash/Seq Scan,Sort/GroupAggregate/Sort/Gather/Nested Loop/Nested Loop/Parallel Hash Join/Parallel Hash/Nested Loop/Parallel Hash Join/Hash Join/Hash/Seq Scan,Seq Scan,Seq Scan,8,12,0,0,593,593
76,Finalize Aggregate/Gather/Partial Aggregate/Nested Loop/Nested Loop/Parallel Hash Join/Parallel Hash/Parallel Hash Join/Parallel Hash/Nested Loop/Hash Join/Hash/Hash Join/Seq Scan,Sort/GroupAggregate/Sort/Gather/Nested Loop/Nested Loop/Parallel Hash Join/Parallel Hash/Nested Loop/Parallel Hash Join/Parallel Hash/Hash Join/Hash Join/Hash/Seq Scan,Seq Scan,Seq Scan,13,14,0,0,590,590
76,Finalize Aggregate/Gather/Partial Aggregate/Nested Loop/Nested Loop/Parallel Hash Join/Parallel Hash/Parallel Hash Join/Parallel Hash/Nested Loop/Hash Join/Parallel Seq Scan,Sort/GroupAggregate/Sort/Gather/Nested Loop/Nested Loop/Parallel Hash Join/Parallel Hash/Nested Loop/Parallel Hash Join/Parallel Hash/Hash Join/Hash Join/Parallel Seq Scan,Parallel Seq Scan,Parallel Seq Scan,11,13,0,0,591,591
76,Finalize Aggregate/Gather/Partial Aggregate/Nested Loop/Nested Loop/Index Scan,Sort/GroupAggregate/Sort/Gather/Nested Loop/Nested Loop/Parallel Hash Join/Parallel Hash/Nested Loop/Index Scan,Index Scan,Index Scan,5,9,0,0,588,588
77,Aggregate/Gather/Nested Loop/Index Scan,Sort/GroupAggregate/Sort/Gather/Nested Loop/Nested Loop/Index Scan,Index Scan,Index Scan,3,6,0,0,598,598
77,Aggregate/Gather/Nested Loop/Nested Loop/Parallel Hash Join/Hash Join/Parallel Seq Scan,Sort/GroupAggregate/Sort/Gather/Nested Loop/Nested Loop/Parallel Hash Join/Parallel Seq Scan,Parallel Seq Scan,Parallel Seq Scan,6,7,0,0,605,605
77,Aggregate/Gather/Nested Loop/Nested Loop/Parallel Hash Join/Parallel Hash/Parallel Hash Join/Parallel Hash/Nested Loop/Hash Join/Parallel Seq Scan,Sort/GroupAggregate/Sort/Gather/Nested Loop/Nested Loop/Parallel Hash Join/Parallel Hash/Nested Loop/Parallel Hash Join/Parallel Hash/Hash Join/Hash Join/Parallel Seq Scan,Parallel Seq Scan,Parallel Seq Scan,10,13,0,0,602,602
77,Aggregate/Gather/Nested Loop/Nested Loop/Parallel Hash Join/Hash Join/Hash/Seq Scan,Sort/GroupAggregate/Sort/Gather/Nested Loop/Nested Loop/Parallel Hash Join/Parallel Hash/Nested Loop/Parallel Hash Join/Hash Join/Hash/Seq Scan,Seq Scan,Seq Scan,7,12,0,0,604,604
77,Aggregate/Gather/Nested Loop/Nested Loop/Parallel Hash Join/Parallel Hash/Parallel Hash Join/Parallel Hash/Nested Loop/Hash Join/Hash/Hash Join/Hash/Seq Scan,Sort/GroupAggregate/Sort/Gather/Nested Loop/Nested Loop/Parallel Hash Join/Parallel Hash/Nested Loop/Parallel Hash Join/Parallel Hash/Hash Join/Hash/Seq Scan,Seq Scan,Seq Scan,13,13,0,0,600,600
77,Aggregate/Gather/Nested Loop/Nested Loop/Parallel Hash Join/Parallel Hash/Parallel Hash Join/Parallel Seq Scan,Sort/GroupAggregate/Sort/Gather/Nested Loop/Nested Loop/Parallel Hash Join/Parallel Hash/Nested Loop/Parallel Hash Join/Hash Join/Parallel Seq Scan,Parallel Seq Scan,Parallel Seq Scan,7,11,0,0,603,603
77,Aggregate,Sort,Aggregate,Sort,0,0,0,0,606,606
77,Aggregate/Gather/Nested Loop/Nested Loop/Parallel Hash Join/Parallel Hash/Parallel Hash Join/Parallel Hash/Nested Loop/Hash Join/Hash/Hash Join/Seq Scan,Sort/GroupAggregate/Sort/Gather/Nested Loop/Nested Loop/Parallel Hash Join/Parallel Hash/Nested Loop/Parallel Hash Join/Parallel Hash/Hash Join/Hash Join/Hash/Seq Scan,Seq Scan,Seq Scan,12,14,0,0,601,601
77,Aggregate/Gather/Nested Loop/Nested Loop/Index Scan,Sort/GroupAggregate/Sort/Gather/Nested Loop/Nested Loop/Parallel Hash Join/Parallel Hash/Nested Loop/Index Scan,Index Scan,Index Scan,4,9,0,0,599,599
78,Finalize Aggregate,Sort,Finalize Aggregate,Sort,0,0,0,0,617,617
78,Finalize Aggregate/Gather/Partial Aggregate/Nested Loop/Parallel Hash Join/Parallel Hash/Nested Loop/Nested Loop/Parallel Hash Join/Hash Join/Parallel Seq Scan,Sort/GroupAggregate/Sort/Gather/Nested Loop/Nested Loop/Parallel Hash Join/Parallel Hash/Nested Loop/Parallel Hash Join/Hash Join/Parallel Seq Scan,Parallel Seq Scan,Parallel Seq Scan,10,11,0,0,614,614
78,Finalize Aggregate/Gather/Partial Aggregate/Nested Loop/Parallel Hash Join/Parallel Hash/Nested Loop/Nested Loop/Parallel Hash Join/Parallel Hash/Hash Join/Hash/Seq Scan,Sort/GroupAggregate/Sort/Gather/Nested Loop/Nested Loop/Parallel Hash Join/Parallel Hash/Nested Loop/Parallel Hash Join/Parallel Hash/Hash Join/Hash/Seq Scan,Seq Scan,Seq Scan,12,13,0,0,611,611
78,Finalize Aggregate/Gather/Partial Aggregate/Nested Loop/Parallel Hash Join/Parallel Seq Scan,Sort/GroupAggregate/Sort/Gather/Nested Loop/Nested Loop/Parallel Hash Join/Parallel Seq Scan,Parallel Seq Scan,Parallel Seq Scan,5,7,0,0,616,616
78,Finalize Aggregate/Gather/Partial Aggregate/Nested Loop/Parallel Hash Join/Parallel Hash/Nested Loop/Nested Loop/Parallel Hash Join/Parallel Hash/Hash Join/Parallel Seq Scan,Sort/GroupAggregate/Sort/Gather/Nested Loop/Nested Loop/Parallel Hash Join/Parallel Hash/Nested Loop/Parallel Hash Join/Parallel Hash/Hash Join/Hash Join/Parallel Seq Scan,Parallel Seq Scan,Parallel Seq Scan,11,13,0,0,613,613
78,Finalize Aggregate/Gather/Partial Aggregate/Nested Loop/Parallel Hash Join/Parallel Hash/Nested Loop/Index Scan,Sort/GroupAggregate/Sort/Gather/Nested Loop/Nested Loop/Parallel Hash Join/Parallel Hash/Nested Loop/Index Scan,Index Scan,Index Scan,7,9,0,0,610,610
78,Finalize Aggregate/Gather/Partial Aggregate/Nested Loop/Parallel Hash Join/Parallel Hash/Nested Loop/Nested Loop/Parallel Hash Join/Hash Join/Hash/Hash Join/Hash/Seq Scan,Sort/GroupAggregate/Sort/Gather/Nested Loop/Nested Loop/Parallel Hash Join/Parallel Hash/Nested Loop/Parallel Hash Join/Parallel Hash/Hash Join/Hash Join/Hash/Seq Scan,Seq Scan,Seq Scan,13,14,0,0,612,612
78,Finalize Aggregate/Gather/Partial Aggregate/Nested Loop/Index Scan,Sort/GroupAggregate/Sort/Gather/Nested Loop/Nested Loop/Index Scan,Index Scan,Index Scan,4,6,0,0,609,609
78,Finalize Aggregate/Gather/Partial Aggregate/Nested Loop/Parallel Hash Join/Parallel Hash/Nested Loop/Nested Loop/Parallel Hash Join/Hash Join/Hash/Hash Join/Seq Scan,Sort/GroupAggregate/Sort/Gather/Nested Loop/Nested Loop/Parallel Hash Join/Parallel Hash/Nested Loop/Parallel Hash Join/Hash Join/Hash/Seq Scan,Seq Scan,Seq Scan,12,12,0,0,615,615
79,Aggregate/Gather/Nested Loop/Parallel Hash Join/Parallel Hash/Nested Loop/Index Only Scan,GroupAggregate/Incremental Sort/Nested Loop/Materialize/Gather/Parallel Hash Join/Parallel Hash/Nested Loop/Parallel Hash Join/Parallel Hash/Nested Loop/Index Only Scan,Index Only Scan,Index Only Scan,6,11,0,0,625,625
79,Aggregate/Gather/Nested Loop/Parallel Hash Join/Parallel Seq Scan,GroupAggregate/Incremental Sort/Nested Loop/Gather Merge/Sort/Nested Loop/Parallel Seq Scan,Parallel Seq Scan,Parallel Seq Scan,4,6,0,0,627,627
79,Aggregate/Gather/Nested Loop/Index Scan,GroupAggregate/Incremental Sort/Nested Loop/Materialize/Gather/Parallel Hash Join/Parallel Hash/Nested Loop/Index Scan,Index Scan,Index Scan,3,8,0,0,620,620
79,Aggregate/Gather/Nested Loop/Parallel Hash Join/Parallel Hash/Nested Loop/Nested Loop/Index Scan,GroupAggregate/Incremental Sort/Nested Loop/Gather Merge/Sort/Nested Loop/Index Scan,Index Scan,Index Scan,7,6,0,0,621,621
79,Aggregate/Gather/Nested Loop/Parallel Hash Join/Parallel Hash/Nested Loop/Nested Loop/Nested Loop/Nested Loop/Parallel Hash Join/Parallel Hash/Parallel Hash Join/Parallel Hash/Hash Join/Hash/Seq Scan,GroupAggregate/Incremental Sort/Nested Loop/Materialize/Gather/Parallel Hash Join/Parallel Hash/Nested Loop/Parallel Hash Join/Parallel Hash/Nested Loop/Hash Join/Hash/Seq Scan,Seq Scan,Seq Scan,15,13,0,0,626,626
79,Aggregate,GroupAggregate,Aggregate,GroupAggregate,0,0,0,0,628,628
79,Aggregate/Gather/Nested Loop/Parallel Hash Join/Parallel Hash/Nested Loop/Nested Loop/Nested Loop/Nested Loop/Parallel Hash Join/Parallel Seq Scan,GroupAggregate/Incremental Sort/Nested Loop/Materialize/Gather/Parallel Hash Join/Parallel Seq Scan,Parallel Seq Scan,Parallel Seq Scan,10,6,0,0,624,624
79,Aggregate/Gather/Nested Loop/Parallel Hash Join/Parallel Hash/Nested Loop/Nested Loop/Nested Loop/Nested Loop/Parallel Hash Join/Parallel Hash/Parallel Hash Join/Parallel Hash/Hash Join/Parallel Seq Scan,GroupAggregate/Incremental Sort/Nested Loop/Materialize/Gather/Parallel Hash Join/Parallel Hash/Nested Loop/Parallel Hash Join/Parallel Hash/Nested Loop/Hash Join/Parallel Seq Scan,Parallel Seq Scan,Parallel Seq Scan,14,12,0,0,622,622
79,Aggregate/Gather/Nested Loop/Parallel Hash Join/Parallel Hash/Nested Loop/Nested Loop/Nested Loop/Nested Loop/Parallel Hash Join/Parallel Hash/Parallel Hash Join/Hash Join/Parallel Seq Scan,GroupAggregate/Incremental Sort/Nested Loop/Materialize/Gather/Parallel Hash Join/Parallel Hash/Nested Loop/Parallel Hash Join/Parallel Seq Scan,Parallel Seq Scan,Parallel Seq Scan,13,9,0,0,623,623
80,Aggregate/Gather/Nested Loop/Parallel Hash Join/Parallel Hash/Nested Loop/Nested Loop/Nested Loop/Nested Loop/Parallel Hash Join/Parallel Seq Scan,GroupAggregate/Incremental Sort/Nested Loop/Materialize/Gather/Parallel Hash Join/Parallel Seq Scan,Parallel Seq Scan,Parallel Seq Scan,10,6,0,0,634,634
80,Aggregate,GroupAggregate,Aggregate,GroupAggregate,0,0,0,0,638,638
80,Aggregate/Gather/Nested Loop/Parallel Hash Join/Parallel Seq Scan,GroupAggregate/Incremental Sort/Nested Loop/Gather Merge/Sort/Nested Loop/Parallel Seq Scan,Parallel Seq Scan,Parallel Seq Scan,4,6,0,0,637,637
80,Aggregate/Gather/Nested Loop/Parallel Hash Join/Parallel Hash/Nested Loop/Nested Loop/Nested Loop/Nested Loop/Parallel Hash Join/Parallel Hash/Parallel Hash Join/Parallel Hash/Hash Join/Parallel Seq Scan,GroupAggregate/Incremental Sort/Nested Loop/Materialize/Gather/Parallel Hash Join/Parallel Hash/Nested Loop/Parallel Hash Join/Parallel Hash/Nested Loop/Hash Join/Parallel Seq Scan,Parallel Seq Scan,Parallel Seq Scan,14,12,0,0,632,632
80,Aggregate/Gather/Nested Loop/Parallel Hash Join/Parallel Hash/Nested Loop/Nested Loop/Nested Loop/Nested Loop/Parallel Hash Join/Parallel Hash/Parallel Hash Join/Parallel Hash/Hash Join/Hash/Seq Scan,GroupAggregate/Incremental Sort/Nested Loop/Materialize/Gather/Parallel Hash Join/Parallel Hash/Nested Loop/Parallel Hash Join/Parallel Hash/Nested Loop/Hash Join/Hash/Seq Scan,Seq Scan,Seq Scan,15,13,0,0,636,636
80,Aggregate/Gather/Nested Loop/Parallel Hash Join/Parallel Hash/Nested Loop/Nested Loop/Nested Loop/Nested Loop/Parallel Hash Join/Parallel Hash/Parallel Hash Join/Hash Join/Parallel Seq Scan,GroupAggregate/Incremental Sort/Nested Loop/Materialize/Gather/Parallel Hash Join/Parallel Hash/Nested Loop/Parallel Hash Join/Parallel Seq Scan,Parallel Seq Scan,Parallel Seq Scan,13,9,0,0,633,633
80,Aggregate/Gather/Nested Loop/Parallel Hash Join/Parallel Hash/Nested Loop/Index Only Scan,GroupAggregate/Incremental Sort/Nested Loop/Materialize/Gather/Parallel Hash Join/Parallel Hash/Nested Loop/Parallel Hash Join/Parallel Hash/Nested Loop/Index Only Scan,Index Only Scan,Index Only Scan,6,11,0,0,635,635
80,Aggregate/Gather/Nested Loop/Parallel Hash Join/Parallel Hash/Nested Loop/Nested Loop/Index Scan,GroupAggregate/Incremental Sort/Nested Loop/Gather Merge/Sort/Nested Loop/Index Scan,Index Scan,Index Scan,7,6,0,0,631,631
80,Aggregate/Gather/Nested Loop/Index Scan,GroupAggregate/Incremental Sort/Nested Loop/Materialize/Gather/Parallel Hash Join/Parallel Hash/Nested Loop/Index Scan,Index Scan,Index Scan,3,8,0,0,630,630
81,Aggregate/Gather/Nested Loop/Index Scan,GroupAggregate/Incremental Sort/Nested Loop/Materialize/Gather/Parallel Hash Join/Parallel Hash/Nested Loop/Index Scan,Index Scan,Index Scan,3,8,0,0,640,640
81,Aggregate/Gather/Nested Loop/Parallel Hash Join/Parallel Seq Scan,GroupAggregate/Incremental Sort/Nested Loop/Gather Merge/Sort/Nested Loop/Parallel Seq Scan,Parallel Seq Scan,Parallel Seq Scan,4,6,0,0,647,647
81,Aggregate/Gather/Nested Loop/Parallel Hash Join/Parallel Hash/Nested Loop/Nested Loop/Nested Loop/Nested Loop/Parallel Hash Join/Parallel Hash/Parallel Hash Join/Hash Join/Parallel Seq Scan,GroupAggregate/Incremental Sort/Nested Loop/Materialize/Gather/Parallel Hash Join/Parallel Hash/Nested Loop/Parallel Hash Join/Parallel Seq Scan,Parallel Seq Scan,Parallel Seq Scan,13,9,0,0,643,643
81,Aggregate/Gather/Nested Loop/Parallel Hash Join/Parallel Hash/Nested Loop/Nested Loop/Index Scan,GroupAggregate/Incremental Sort/Nested Loop/Gather Merge/Sort/Nested Loop/Index Scan,Index Scan,Index Scan,7,6,0,0,641,641
81,Aggregate/Gather/Nested Loop/Parallel Hash Join/Parallel Hash/Nested Loop/Nested Loop/Nested Loop/Nested Loop/Parallel Hash Join/Parallel Hash/Parallel Hash Join/Parallel Hash/Hash Join/Hash/Seq Scan,GroupAggregate/Incremental Sort/Nested Loop/Materialize/Gather/Parallel Hash Join/Parallel Hash/Nested Loop/Parallel Hash Join/Parallel Hash/Nested Loop/Hash Join/Hash/Seq Scan,Seq Scan,Seq Scan,15,13,0,0,646,646
81,Aggregate/Gather/Nested Loop/Parallel Hash Join/Parallel Hash/Nested Loop/Index Only Scan,GroupAggregate/Incremental Sort/Nested Loop/Materialize/Gather/Parallel Hash Join/Parallel Hash/Nested Loop/Parallel Hash Join/Parallel Hash/Nested Loop/Index Only Scan,Index Only Scan,Index Only Scan,6,11,0,0,645,645
81,Aggregate/Gather/Nested Loop/Parallel Hash Join/Parallel Hash/Nested Loop/Nested Loop/Nested Loop/Nested Loop/Parallel Hash Join/Parallel Seq Scan,GroupAggregate/Incremental Sort/Nested Loop/Materialize/Gather/Parallel Hash Join/Parallel Seq Scan,Parallel Seq Scan,Parallel Seq Scan,10,6,0,0,644,644
81,Aggregate/Gather/Nested Loop/Parallel Hash Join/Parallel Hash/Nested Loop/Nested Loop/Nested Loop/Nested Loop/Parallel Hash Join/Parallel Hash/Parallel Hash Join/Parallel Hash/Hash Join/Parallel Seq Scan,GroupAggregate/Incremental Sort/Nested Loop/Materialize/Gather/Parallel Hash Join/Parallel Hash/Nested Loop/Parallel Hash Join/Parallel Hash/Nested Loop/Hash Join/Parallel Seq Scan,Parallel Seq Scan,Parallel Seq Scan,14,12,0,0,642,642
81,Aggregate,GroupAggregate,Aggregate,GroupAggregate,0,0,0,0,648,648
82,Aggregate/Gather/Nested Loop/Nested Loop/Parallel Hash Join/Parallel Hash/Nested Loop/Parallel Hash Join/Parallel Hash/Nested Loop/Nested Loop/Parallel Hash Join/Parallel Hash/Hash Join/Parallel Seq Scan,GroupAggregate/Incremental Sort/Nested Loop/Materialize/Gather/Parallel Hash Join/Parallel Hash/Nested Loop/Parallel Hash Join/Parallel Hash/Nested Loop/Hash Join/Parallel Seq Scan,Parallel Seq Scan,Parallel Seq Scan,14,12,0,0,652,652
82,Aggregate/Gather/Nested Loop/Nested Loop/Parallel Hash Join/Parallel Hash/Nested Loop/Parallel Hash Join/Parallel Seq Scan,GroupAggregate/Incremental Sort/Nested Loop/Materialize/Gather/Parallel Hash Join/Parallel Seq Scan,Parallel Seq Scan,Parallel Seq Scan,8,6,0,0,654,654
82,Aggregate/Gather/Nested Loop/Nested Loop/Parallel Hash Join/Parallel Seq Scan,GroupAggregate/Incremental Sort/Nested Loop/Gather Merge/Sort/Nested Loop/Parallel Seq Scan,Parallel Seq Scan,Parallel Seq Scan,5,6,0,0,657,657
82,Aggregate/Gather/Nested Loop/Nested Loop/Parallel Hash Join/Parallel Hash/Nested Loop/Parallel Hash Join/Parallel Hash/Nested Loop/Nested Loop/Parallel Hash Join/Hash Join/Parallel Seq Scan,GroupAggregate/Incremental Sort/Nested Loop/Materialize/Gather/Parallel Hash Join/Parallel Hash/Nested Loop/Parallel Hash Join/Parallel Seq Scan,Parallel Seq Scan,Parallel Seq Scan,13,9,0,0,653,653
82,Aggregate/Gather/Nested Loop/Nested Loop/Index Scan,GroupAggregate/Incremental Sort/Nested Loop/Materialize/Gather/Parallel Hash Join/Parallel Hash/Nested Loop/Index Scan,Index Scan,Index Scan,4,8,0,0,650,650
82,Aggregate,GroupAggregate,Aggregate,GroupAggregate,0,0,0,0,658,658
82,Aggregate/Gather/Nested Loop/Nested Loop/Parallel Hash Join/Parallel Hash/Nested Loop/Index Scan,GroupAggregate/Incremental Sort/Nested Loop/Gather Merge/Sort/Nested Loop/Index Scan,Index Scan,Index Scan,7,6,0,0,651,651
82,Aggregate/Gather/Nested Loop/Index Only Scan,GroupAggregate/Incremental Sort/Nested Loop/Materialize/Gather/Parallel Hash Join/Parallel Hash/Nested Loop/Parallel Hash Join/Parallel Hash/Nested Loop/Index Only Scan,Index Only Scan,Index Only Scan,3,11,0,0,655,655
82,Aggregate/Gather/Nested Loop/Nested Loop/Parallel Hash Join/Parallel Hash/Nested Loop/Parallel Hash Join/Parallel Hash/Nested Loop/Nested Loop/Parallel Hash Join/Parallel Hash/Hash Join/Hash/Seq Scan,GroupAggregate/Incremental Sort/Nested Loop/Materialize/Gather/Parallel Hash Join/Parallel Hash/Nested Loop/Parallel Hash Join/Parallel Hash/Nested Loop/Hash Join/Hash/Seq Scan,Seq Scan,Seq Scan,15,13,0,0,656,656
83,Finalize Aggregate/Gather/Partial Aggregate/Nested Loop/Nested Loop/Nested Loop/Hash Join/Seq Scan,Sort/GroupAggregate/Sort/Nested Loop/Nested Loop/Gather/Hash Join/Parallel Hash Join/Parallel Hash/Nested Loop/Parallel Hash Join/Parallel Hash/Nested Loop/Hash Join/Hash/Hash Join/Seq Scan,Seq Scan,Seq Scan,7,16,0,0,660,660
83,Finalize Aggregate/Gather/Partial Aggregate/Nested Loop/Nested Loop/Nested Loop/Parallel Hash Join/Parallel Hash/Nested Loop/Nested Loop/Nested Loop/Parallel Hash Join/Parallel Hash/Hash Join/Hash/Seq Scan,Sort/GroupAggregate/Sort/Nested Loop/Nested Loop/Gather/Hash Join/Parallel Hash Join/Parallel Hash/Nested Loop/Parallel Hash Join/Parallel Hash/Nested Loop/Hash Join/Hash/Hash Join/Hash/Seq Scan,Seq Scan,Seq Scan,15,17,0,0,664,664
83,Finalize Aggregate/Gather/Partial Aggregate/Nested Loop/Nested Loop/Nested Loop/Parallel Hash Join/Parallel Hash/Nested Loop/Nested Loop/Index Scan,Sort/GroupAggregate/Sort/Nested Loop/Nested Loop/Gather/Hash Join/Parallel Hash Join/Parallel Hash/Nested Loop/Index Scan,Index Scan,Index Scan,10,10,0,0,663,663
83,Finalize Aggregate/Gather/Partial Aggregate/Nested Loop/Nested Loop/Nested Loop/Parallel Hash Join/Parallel Hash/Nested Loop/Nested Loop/Nested Loop/Parallel Hash Join/Parallel Hash/Hash Join/Parallel Seq Scan,Sort/GroupAggregate/Sort/Nested Loop/Nested Loop/Gather/Hash Join/Parallel Hash Join/Parallel Hash/Nested Loop/Parallel Hash Join/Parallel Hash/Nested Loop/Hash Join/Hash Join/Parallel Seq Scan,Parallel Seq Scan,Parallel Seq Scan,14,15,0,0,665,665
83,Finalize Aggregate/Gather/Partial Aggregate/Nested Loop/Index Only Scan,Sort/GroupAggregate/Sort/Nested Loop/Index Only Scan,Index Only Scan,Index Only Scan,4,4,0,0,667,667
83,Finalize Aggregate,Sort,Finalize Aggregate,Sort,0,0,0,0,670,670
83,Finalize Aggregate/Gather/Partial Aggregate/Nested Loop/Nested Loop/Nested Loop/Parallel Hash Join/Parallel Seq Scan,Sort/GroupAggregate/Sort/Nested Loop/Nested Loop/Gather/Hash Join/Parallel Hash Join/Parallel Seq Scan,Parallel Seq Scan,Parallel Seq Scan,7,8,0,0,669,669
83,Finalize Aggregate/Gather/Partial Aggregate/Nested Loop/Nested Loop/Nested Loop/Parallel Hash Join/Parallel Hash/Nested Loop/Nested Loop/Nested Loop/Index Scan,Sort/GroupAggregate/Sort/Nested Loop/Nested Loop/Gather/Hash Join/Parallel Hash Join/Parallel Hash/Nested Loop/Parallel Hash Join/Parallel Hash/Nested Loop/Index Scan,Index Scan,Index Scan,11,13,0,0,668,668
83,Finalize Aggregate/Gather/Partial Aggregate/Nested Loop/Nested Loop/Nested Loop/Parallel Hash Join/Parallel Hash/Nested Loop/Nested Loop/Nested Loop/Parallel Hash Join/Parallel Seq Scan,Sort/GroupAggregate/Sort/Nested Loop/Nested Loop/Gather/Hash Join/Parallel Hash Join/Parallel Hash/Nested Loop/Parallel Hash Join/Parallel Seq Scan,Parallel Seq Scan,Parallel Seq Scan,12,11,0,0,666,666
83,Finalize Aggregate/Gather/Partial Aggregate/Nested Loop/Nested Loop/Nested Loop/Parallel Hash Join/Parallel Hash/Nested Loop/Index Scan,Sort/GroupAggregate/Sort/Nested Loop/Nested Loop/Index Scan,Index Scan,Index Scan,9,5,0,0,662,662
83,Finalize Aggregate/Gather/Partial Aggregate/Nested Loop/Nested Loop/Nested Loop/Hash Join/Hash/Seq Scan,Sort/GroupAggregate/Sort/Nested Loop/Nested Loop/Gather/Hash Join/Hash/Seq Scan,Seq Scan,Seq Scan,8,8,0,0,661,661
84,Finalize Aggregate/Gather/Partial Aggregate/Nested Loop/Nested Loop/Nested Loop/Nested Loop/Parallel Hash Join/Parallel Hash/Nested Loop/Nested Loop/Parallel Hash Join/Parallel Seq Scan,Sort/GroupAggregate/Sort/Nested Loop/Nested Loop/Gather/Nested Loop/Parallel Hash Join/Parallel Hash/Nested Loop/Parallel Hash Join/Parallel Seq Scan,Parallel Seq Scan,Parallel Seq Scan,12,11,0,0,680,680
84,Finalize Aggregate/Gather/Partial Aggregate/Nested Loop/Nested Loop/Nested Loop/Nested Loop/Hash Join/Hash/Seq Scan,Sort/GroupAggregate/Sort/Nested Loop/Nested Loop/Gather/Nested Loop/Parallel Hash Join/Parallel Hash/Nested Loop/Parallel Hash Join/Parallel Hash/Nested Loop/Hash Join/Hash/Hash Join/Hash/Seq Scan,Seq Scan,Seq Scan,9,17,0,0,676,676
84,Finalize Aggregate/Gather/Partial Aggregate/Nested Loop/Nested Loop/Nested Loop/Nested Loop/Parallel Hash Join/Parallel Hash/Nested Loop/Nested Loop/Parallel Hash Join/Parallel Hash/Hash Join/Parallel Seq Scan,Sort/GroupAggregate/Sort/Nested Loop/Nested Loop/Gather/Nested Loop/Parallel Hash Join/Parallel Hash/Nested Loop/Parallel Hash Join/Parallel Hash/Nested Loop/Hash Join/Hash Join/Parallel Seq Scan,Parallel Seq Scan,Parallel Seq Scan,14,15,0,0,679,679
84,Finalize Aggregate/Gather/Partial Aggregate/Nested Loop/Nested Loop/Nested Loop/Index Scan,Sort/GroupAggregate/Sort/Nested Loop/Nested Loop/Gather/Nested Loop/Parallel Hash Join/Parallel Hash/Nested Loop/Parallel Hash Join/Parallel Hash/Nested Loop/Index Scan,Index Scan,Index Scan,6,13,0,0,674,674
84,Finalize Aggregate/Gather/Partial Aggregate/Nested Loop/Index Scan,Sort/GroupAggregate/Sort/Nested Loop/Nested Loop/Gather/Nested Loop/Parallel Hash Join/Parallel Hash/Nested Loop/Index Scan,Index Scan,Index Scan,4,10,0,0,673,673
84,Finalize Aggregate/Gather/Partial Aggregate/Nested Loop/Nested Loop/Nested Loop/Nested Loop/Parallel Hash Join/Parallel Hash/Nested Loop/Index Scan,Sort/GroupAggregate/Sort/Nested Loop/Nested Loop/Gather/Nested Loop/Memoize/Index Scan,Index Scan,Index Scan,10,8,0,0,675,675
84,Finalize Aggregate/Gather/Partial Aggregate/Nested Loop/Nested Loop/Index Only Scan,Sort/GroupAggregate/Sort/Nested Loop/Index Only Scan,Index Only Scan,Index Only Scan,5,4,0,0,681,681
84,Finalize Aggregate,Sort,Finalize Aggregate,Sort,0,0,0,0,683,683
84,Finalize Aggregate/Gather/Partial Aggregate/Nested Loop/Nested Loop/Nested Loop/Nested Loop/Parallel Hash Join/Parallel Hash/Nested Loop/Nested Loop/Parallel Hash Join/Parallel Hash/Hash Join/Hash/Seq Scan,Sort/GroupAggregate/Sort/Nested Loop/Nested Loop/Gather/Nested Loop/Parallel Hash Join/Parallel Hash/Nested Loop/Parallel Hash Join/Parallel Hash/Nested Loop/Hash Join/Hash/Hash Join/Seq Scan,Seq Scan,Seq Scan,15,16,0,0,678,678
84,Finalize Aggregate/Gather/Partial Aggregate/Nested Loop/Nested Loop/Nested Loop/Nested Loop/Parallel Hash Join/Parallel Seq Scan,Sort/GroupAggregate/Sort/Nested Loop/Nested Loop/Gather/Nested Loop/Parallel Hash Join/Parallel Seq Scan,Parallel Seq Scan,Parallel Seq Scan,8,8,0,0,682,682
84,Finalize Aggregate/Gather/Partial Aggregate/Nested Loop/Nested Loop/Nested Loop/Nested Loop/Hash Join/Seq Scan,Sort/GroupAggregate/Sort/Nested Loop/Nested Loop/Seq Scan,Seq Scan,Seq Scan,8,5,0,0,677,677
85,Finalize Aggregate,Sort,Finalize Aggregate,Sort,0,0,0,0,695,695
85,Finalize Aggregate/Gather/Partial Aggregate/Nested Loop/Nested Loop/Nested Loop/Hash Join/Hash/Seq Scan,Sort/GroupAggregate/Sort/Nested Loop/Nested Loop/Gather/Nested Loop/Nested Loop/Parallel Hash Join/Parallel Hash/Parallel Hash Join/Parallel Hash/Nested Loop/Hash Join/Hash/Hash Join/Hash/Seq Scan,Seq Scan,Seq Scan,8,17,0,0,686,686
85,Finalize Aggregate/Gather/Partial Aggregate/Nested Loop/Nested Loop/Nested Loop/Parallel Hash Join/Parallel Seq Scan,Sort/GroupAggregate/Sort/Nested Loop/Nested Loop/Gather/Nested Loop/Nested Loop/Parallel Hash Join/Parallel Seq Scan,Parallel Seq Scan,Parallel Seq Scan,7,9,0,0,694,694
85,Finalize Aggregate/Gather/Partial Aggregate/Nested Loop/Nested Loop/Nested Loop/Hash Join/Seq Scan,Sort/GroupAggregate/Sort/Nested Loop/Nested Loop/Seq Scan,Seq Scan,Seq Scan,7,5,0,0,685,685
85,Finalize Aggregate/Gather/Partial Aggregate/Nested Loop/Index Only Scan,Sort/GroupAggregate/Sort/Nested Loop/Index Only Scan,Index Only Scan,Index Only Scan,4,4,0,0,692,692
85,Finalize Aggregate/Gather/Partial Aggregate/Nested Loop/Nested Loop/Nested Loop/Parallel Hash Join/Parallel Hash/Nested Loop/Nested Loop/Index Scan,Sort/GroupAggregate/Sort/Nested Loop/Nested Loop/Gather/Nested Loop/Nested Loop/Parallel Hash Join/Parallel Hash/Parallel Hash Join/Parallel Hash/Nested Loop/Index Scan,Index Scan,Index Scan,10,13,0,0,688,688
85,Finalize Aggregate/Gather/Partial Aggregate/Nested Loop/Nested Loop/Nested Loop/Parallel Hash Join/Parallel Hash/Nested Loop/Nested Loop/Nested Loop/Parallel Hash Join/Parallel Seq Scan,Sort/GroupAggregate/Sort/Nested Loop/Nested Loop/Gather/Nested Loop/Nested Loop/Parallel Hash Join/Parallel Hash/Parallel Hash Join/Parallel Seq Scan,Parallel Seq Scan,Parallel Seq Scan,12,11,0,0,691,691
85,Finalize Aggregate/Gather/Partial Aggregate/Nested Loop/Nested Loop/Nested Loop/Parallel Hash Join/Parallel Hash/Nested Loop/Nested Loop/Nested Loop/Index Scan,Sort/GroupAggregate/Sort/Nested Loop/Nested Loop/Gather/Nested Loop/Memoize/Index Scan,Index Scan,Index Scan,11,8,0,0,693,693
85,Finalize Aggregate/Gather/Partial Aggregate/Nested Loop/Nested Loop/Nested Loop/Parallel Hash Join/Parallel Hash/Nested Loop/Index Scan,Sort/GroupAggregate/Sort/Nested Loop/Nested Loop/Gather/Nested Loop/Nested Loop/Index Scan,Index Scan,Index Scan,9,8,0,0,687,687
85,Finalize Aggregate/Gather/Partial Aggregate/Nested Loop/Nested Loop/Nested Loop/Parallel Hash Join/Parallel Hash/Nested Loop/Nested Loop/Nested Loop/Parallel Hash Join/Parallel Hash/Hash Join/Parallel Seq Scan,Sort/GroupAggregate/Sort/Nested Loop/Nested Loop/Gather/Nested Loop/Nested Loop/Parallel Hash Join/Parallel Hash/Parallel Hash Join/Parallel Hash/Nested Loop/Hash Join/Hash Join/Parallel Seq Scan,Parallel Seq Scan,Parallel Seq Scan,14,15,0,0,690,690
85,Finalize Aggregate/Gather/Partial Aggregate/Nested Loop/Nested Loop/Nested Loop/Parallel Hash Join/Parallel Hash/Nested Loop/Nested Loop/Nested Loop/Parallel Hash Join/Parallel Hash/Hash Join/Hash/Seq Scan,Sort/GroupAggregate/Sort/Nested Loop/Nested Loop/Gather/Nested Loop/Nested Loop/Parallel Hash Join/Parallel Hash/Parallel Hash Join/Parallel Hash/Nested Loop/Hash Join/Hash/Hash Join/Seq Scan,Seq Scan,Seq Scan,15,16,0,0,689,689
86,Aggregate/Nested Loop/Nested Loop/Gather/Parallel Hash Join/Parallel Hash/Nested Loop/Nested Loop/Nested Loop/Parallel Hash Join/Parallel Seq Scan,Sort/GroupAggregate/Sort/Nested Loop/Nested Loop/Nested Loop/Gather/Nested Loop/Hash Join/Parallel Hash Join/Parallel Seq Scan,Parallel Seq Scan,Parallel Seq Scan,10,10,0,0,706,706
86,Aggregate/Nested Loop/Nested Loop/Gather/Parallel Hash Join/Parallel Hash/Nested Loop/Nested Loop/Nested Loop/Parallel Hash Join/Parallel Hash/Parallel Hash Join/Parallel Seq Scan,Sort/GroupAggregate/Sort/Nested Loop/Nested Loop/Nested Loop/Gather/Nested Loop/Hash Join/Parallel Hash Join/Parallel Hash/Nested Loop/Parallel Hash Join/Parallel Seq Scan,Parallel Seq Scan,Parallel Seq Scan,12,13,0,0,704,704
86,Aggregate/Nested Loop/Nested Loop/Gather/Parallel Hash Join/Parallel Hash/Nested Loop/Nested Loop/Nested Loop/Parallel Hash Join/Parallel Hash/Parallel Hash Join/Parallel Hash/Hash Join/Parallel Hash Join/Parallel Hash/Hash Join/Parallel Seq Scan,Sort/GroupAggregate/Sort/Nested Loop/Nested Loop/Nested Loop/Gather/Nested Loop/Hash Join/Parallel Hash Join/Parallel Hash/Nested Loop/Parallel Hash Join/Parallel Hash/Nested Loop/Parallel Hash Join/Parallel Hash/Hash Join/Parallel Seq Scan,Parallel Seq Scan,Parallel Seq Scan,17,18,0,0,702,702
86,Aggregate/Nested Loop/Nested Loop/Gather/Parallel Hash Join/Parallel Hash/Nested Loop/Nested Loop/Index Scan,Sort/GroupAggregate/Sort/Nested Loop/Nested Loop/Nested Loop/Gather/Nested Loop/Memoize/Index Scan,Index Scan,Index Scan,8,9,0,0,705,705
86,Aggregate/Nested Loop/Nested Loop/Gather/Parallel Hash Join/Parallel Hash/Nested Loop/Nested Loop/Nested Loop/Parallel Hash Join/Parallel Hash/Parallel Hash Join/Parallel Hash/Hash Join/Parallel Hash Join/Parallel Hash/Hash Join/Hash/Seq Scan,Sort/GroupAggregate/Sort/Nested Loop/Nested Loop/Nested Loop/Gather/Nested Loop/Hash Join/Hash/Seq Scan,Seq Scan,Seq Scan,18,10,0,0,701,701
86,Aggregate/Nested Loop/Nested Loop/Gather/Parallel Hash Join/Parallel Hash/Nested Loop/Index Scan,Sort/GroupAggregate/Sort/Nested Loop/Nested Loop/Nested Loop/Gather/Nested Loop/Hash Join/Parallel Hash Join/Parallel Hash/Nested Loop/Parallel Hash Join/Parallel Hash/Nested Loop/Index Scan,Index Scan,Index Scan,7,15,0,0,699,699
86,Aggregate/Nested Loop/Nested Loop/Index Scan,Sort/GroupAggregate/Sort/Nested Loop/Nested Loop/Nested Loop/Gather/Nested Loop/Hash Join/Parallel Hash Join/Parallel Hash/Nested Loop/Index Scan,Index Scan,Index Scan,3,12,0,0,698,698
86,Aggregate/Nested Loop/Nested Loop/Gather/Parallel Hash Join/Parallel Hash/Nested Loop/Nested Loop/Nested Loop/Parallel Hash Join/Parallel Hash/Parallel Hash Join/Parallel Hash/Hash Join/Parallel Hash Join/Parallel Seq Scan,Sort/GroupAggregate/Sort/Nested Loop/Nested Loop/Nested Loop/Gather/Nested Loop/Hash Join/Parallel Hash Join/Parallel Hash/Nested Loop/Parallel Hash Join/Parallel Hash/Nested Loop/Parallel Hash Join/Hash Join/Parallel Seq Scan,Parallel Seq Scan,Parallel Seq Scan,15,17,0,0,703,703
86,Aggregate/Nested Loop/Nested Loop/Gather/Parallel Hash Join/Parallel Hash/Nested Loop/Nested Loop/Nested Loop/Parallel Hash Join/Parallel Hash/Parallel Hash Join/Parallel Hash/Hash Join/Hash/Seq Scan,Sort/GroupAggregate/Sort/Nested Loop/Seq Scan,Seq Scan,Seq Scan,15,4,0,0,700,700
86,Aggregate,Sort,Aggregate,Sort,0,0,0,0,707,707
86,Aggregate/Nested Loop/Index Scan,Sort/GroupAggregate/Sort/Nested Loop/Nested Loop/Nested Loop/Index Scan,Index Scan,Index Scan,2,6,0,0,697,697
87,Aggregate/Nested Loop/Nested Loop/Gather/Parallel Hash Join/Parallel Hash/Nested Loop/Nested Loop/Nested Loop/Parallel Hash Join/Parallel Hash/Parallel Hash Join/Parallel Hash/Hash Join/Hash/Seq Scan,Sort/GroupAggregate/Sort/Nested Loop/Seq Scan,Seq Scan,Seq Scan,15,4,0,0,712,712
87,Aggregate/Nested Loop/Nested Loop/Gather/Parallel Hash Join/Parallel Hash/Nested Loop/Nested Loop/Nested Loop/Parallel Hash Join/Parallel Hash/Parallel Hash Join/Parallel Hash/Hash Join/Parallel Hash Join/Parallel Seq Scan,Sort/GroupAggregate/Sort/Nested Loop/Nested Loop/Nested Loop/Gather/Nested Loop/Hash Join/Parallel Hash Join/Parallel Hash/Nested Loop/Parallel Hash Join/Parallel Hash/Nested Loop/Parallel Hash Join/Hash Join/Parallel Seq Scan,Parallel Seq Scan,Parallel Seq Scan,15,17,0,0,715,715
87,Aggregate/Nested Loop/Nested Loop/Gather/Parallel Hash Join/Parallel Hash/Nested Loop/Nested Loop/Nested Loop/Parallel Hash Join/Parallel Hash/Parallel Hash Join/Parallel Seq Scan,Sort/GroupAggregate/Sort/Nested Loop/Nested Loop/Nested Loop/Gather/Nested Loop/Hash Join/Parallel Hash Join/Parallel Hash/Nested Loop/Parallel Hash Join/Parallel Seq Scan,Parallel Seq Scan,Parallel Seq Scan,12,13,0,0,716,716
87,Aggregate/Nested Loop/Nested Loop/Gather/Parallel Hash Join/Parallel Hash/Nested Loop/Nested Loop/Index Scan,Sort/GroupAggregate/Sort/Nested Loop/Nested Loop/Nested Loop/Gather/Nested Loop/Memoize/Index Scan,Index Scan,Index Scan,8,9,0,0,717,717
87,Aggregate/Nested Loop/Nested Loop/Index Scan,Sort/GroupAggregate/Sort/Nested Loop/Nested Loop/Nested Loop/Gather/Nested Loop/Hash Join/Parallel Hash Join/Parallel Hash/Nested Loop/Index Scan,Index Scan,Index Scan,3,12,0,0,710,710
87,Aggregate/Nested Loop/Nested Loop/Gather/Parallel Hash Join/Parallel Hash/Nested Loop/Index Scan,Sort/GroupAggregate/Sort/Nested Loop/Nested Loop/Nested Loop/Gather/Nested Loop/Hash Join/Parallel Hash Join/Parallel Hash/Nested Loop/Parallel Hash Join/Parallel Hash/Nested Loop/Index Scan,Index Scan,Index Scan,7,15,0,0,711,711
87,Aggregate/Nested Loop/Index Scan,Sort/GroupAggregate/Sort/Nested Loop/Nested Loop/Nested Loop/Index Scan,Index Scan,Index Scan,2,6,0,0,709,709
87,Aggregate/Nested Loop/Nested Loop/Gather/Parallel Hash Join/Parallel Hash/Nested Loop/Nested Loop/Nested Loop/Parallel Hash Join/Parallel Seq Scan,Sort/GroupAggregate/Sort/Nested Loop/Nested Loop/Nested Loop/Gather/Nested Loop/Hash Join/Parallel Hash Join/Parallel Seq Scan,Parallel Seq Scan,Parallel Seq Scan,10,10,0,0,718,718
87,Aggregate/Nested Loop/Nested Loop/Gather/Parallel Hash Join/Parallel Hash/Nested Loop/Nested Loop/Nested Loop/Parallel Hash Join/Parallel Hash/Parallel Hash Join/Parallel Hash/Hash Join/Parallel Hash Join/Parallel Hash/Hash Join/Parallel Seq Scan,Sort/GroupAggregate/Sort/Nested Loop/Nested Loop/Nested Loop/Gather/Nested Loop/Hash Join/Parallel Hash Join/Parallel Hash/Nested Loop/Parallel Hash Join/Parallel Hash/Nested Loop/Parallel Hash Join/Parallel Hash/Hash Join/Parallel Seq Scan,Parallel Seq Scan,Parallel Seq Scan,17,18,0,0,714,714
87,Aggregate,Sort,Aggregate,Sort,0,0,0,0,719,719
87,Aggregate/Nested Loop/Nested Loop/Gather/Parallel Hash Join/Parallel Hash/Nested Loop/Nested Loop/Nested Loop/Parallel Hash Join/Parallel Hash/Parallel Hash Join/Parallel Hash/Hash Join/Parallel Hash Join/Parallel Hash/Hash Join/Hash/Seq Scan,Sort/GroupAggregate/Sort/Nested Loop/Nested Loop/Nested Loop/Gather/Nested Loop/Hash Join/Hash/Seq Scan,Seq Scan,Seq Scan,18,10,0,0,713,713
88,Finalize Aggregate/Gather/Partial Aggregate/Nested Loop/Nested Loop/Parallel Hash Join/Parallel Hash/Nested Loop/Parallel Hash Join/Parallel Hash/Parallel Hash Join/Parallel Hash/Hash Join/Hash/Seq Scan,Sort/GroupAggregate/Sort/Hash Join/Hash/Nested Loop/Nested Loop/Gather/Parallel Hash Join/Parallel Hash/Nested Loop/Hash Join/Hash/Hash Join/Hash/Seq Scan,Seq Scan,Seq Scan,14,15,0,0,723,723
88,Finalize Aggregate/Gather/Partial Aggregate/Nested Loop/Nested Loop/Parallel Hash Join/Parallel Hash/Nested Loop/Parallel Hash Join/Parallel Hash/Parallel Hash Join/Parallel Hash/Hash Join/Parallel Seq Scan,Sort/GroupAggregate/Sort/Hash Join/Hash/Nested Loop/Nested Loop/Gather/Parallel Hash Join/Parallel Hash/Nested Loop/Hash Join/Hash Join/Parallel Seq Scan,Parallel Seq Scan,Parallel Seq Scan,13,13,0,0,725,725
88,Finalize Aggregate/Gather/Partial Aggregate/Nested Loop/Nested Loop/Parallel Hash Join/Parallel Hash/Nested Loop/Parallel Hash Join/Parallel Hash/Parallel Hash Join/Hash Join/Hash/Seq Scan,Sort/GroupAggregate/Sort/Hash Join/Hash/Nested Loop/Nested Loop/Gather/Parallel Hash Join/Parallel Hash/Nested Loop/Hash Join/Hash/Hash Join/Seq Scan,Seq Scan,Seq Scan,13,14,0,0,724,724
88,Finalize Aggregate,Sort,Finalize Aggregate,Sort,0,0,0,0,728,728
88,Finalize Aggregate/Gather/Partial Aggregate/Nested Loop/Nested Loop/Parallel Hash Join/Parallel Hash/Nested Loop/Parallel Hash Join/Parallel Hash/Parallel Hash Join/Hash Join/Parallel Seq Scan,Sort/GroupAggregate/Sort/Hash Join/Hash/Nested Loop/Nested Loop/Gather/Parallel Hash Join/Parallel Seq Scan,Parallel Seq Scan,Parallel Seq Scan,12,9,0,0,726,726
88,Finalize Aggregate/Gather/Partial Aggregate/Nested Loop/Nested Loop/Parallel Hash Join/Parallel Hash/Nested Loop/Index Scan,Sort/GroupAggregate/Sort/Hash Join/Hash/Nested Loop/Nested Loop/Gather/Parallel Hash Join/Parallel Hash/Nested Loop/Index Scan,Index Scan,Index Scan,8,11,0,0,727,727
88,Finalize Aggregate/Gather/Partial Aggregate/Nested Loop/Nested Loop/Index Scan,Sort/GroupAggregate/Sort/Hash Join/Hash/Nested Loop/Nested Loop/Index Scan,Index Scan,Index Scan,5,7,0,0,722,722
88,Finalize Aggregate/Gather/Partial Aggregate/Nested Loop/Index Scan,Sort/GroupAggregate/Sort/Hash Join/Hash/Nested Loop/Index Scan,Index Scan,Index Scan,4,6,0,0,721,721
89,Finalize Aggregate/Gather/Partial Aggregate/Nested Loop/Nested Loop/Parallel Hash Join/Parallel Hash/Parallel Hash Join/Parallel Hash/Nested Loop/Parallel Hash Join/Hash Join/Parallel Seq Scan,Sort/GroupAggregate/Sort/Hash Join/Hash/Nested Loop/Nested Loop/Gather/Parallel Hash Join/Parallel Seq Scan,Parallel Seq Scan,Parallel Seq Scan,12,9,0,0,735,735
89,Finalize Aggregate/Gather/Partial Aggregate/Nested Loop/Index Scan,Sort/GroupAggregate/Sort/Hash Join/Hash/Nested Loop/Index Scan,Index Scan,Index Scan,4,6,0,0,730,730
89,Finalize Aggregate/Gather/Partial Aggregate/Nested Loop/Nested Loop/Parallel Hash Join/Parallel Hash/Parallel Hash Join/Parallel Hash/Nested Loop/Index Scan,Sort/GroupAggregate/Sort/Hash Join/Hash/Nested Loop/Nested Loop/Gather/Parallel Hash Join/Parallel Hash/Nested Loop/Index Scan,Index Scan,Index Scan,10,11,0,0,736,736
89,Finalize Aggregate/Gather/Partial Aggregate/Nested Loop/Nested Loop/Parallel Hash Join/Parallel Hash/Parallel Hash Join/Parallel Hash/Nested Loop/Parallel Hash Join/Parallel Hash/Hash Join/Hash/Seq Scan,Sort/GroupAggregate/Sort/Hash Join/Hash/Nested Loop/Nested Loop/Gather/Parallel Hash Join/Parallel Hash/Nested Loop/Hash Join/Hash/Hash Join/Hash/Seq Scan,Seq Scan,Seq Scan,14,15,0,0,732,732
89,Finalize Aggregate/Gather/Partial Aggregate/Nested Loop/Nested Loop/Index Scan,Sort/GroupAggregate/Sort/Hash Join/Hash/Nested Loop/Nested Loop/Index Scan,Index Scan,Index Scan,5,7,0,0,731,731
89,Finalize Aggregate,Sort,Finalize Aggregate,Sort,0,0,0,0,737,737
89,Finalize Aggregate/Gather/Partial Aggregate/Nested Loop/Nested Loop/Parallel Hash Join/Parallel Hash/Parallel Hash Join/Parallel Hash/Nested Loop/Parallel Hash Join/Hash Join/Hash/Seq Scan,Sort/GroupAggregate/Sort/Hash Join/Hash/Nested Loop/Nested Loop/Gather/Parallel Hash Join/Parallel Hash/Nested Loop/Hash Join/Hash/Hash Join/Seq Scan,Seq Scan,Seq Scan,13,14,0,0,733,733
89,Finalize Aggregate/Gather/Partial Aggregate/Nested Loop/Nested Loop/Parallel Hash Join/Parallel Hash/Parallel Hash Join/Parallel Hash/Nested Loop/Parallel Hash Join/Parallel Hash/Hash Join/Parallel Seq Scan,Sort/GroupAggregate/Sort/Hash Join/Hash/Nested Loop/Nested Loop/Gather/Parallel Hash Join/Parallel Hash/Nested Loop/Hash Join/Hash Join/Parallel Seq Scan,Parallel Seq Scan,Parallel Seq Scan,13,13,0,0,734,734
90,Finalize Aggregate/Gather/Partial Aggregate/Nested Loop/Index Scan,Sort/GroupAggregate/Sort/Hash Join/Hash/Nested Loop/Index Scan,Index Scan,Index Scan,4,6,0,0,739,739
90,Finalize Aggregate/Gather/Partial Aggregate/Nested Loop/Nested Loop/Parallel Hash Join/Parallel Hash/Nested Loop/Parallel Hash Join/Parallel Hash/Parallel Hash Join/Hash Join/Parallel Seq Scan,Sort/GroupAggregate/Sort/Hash Join/Hash/Nested Loop/Nested Loop/Gather/Parallel Hash Join/Parallel Seq Scan,Parallel Seq Scan,Parallel Seq Scan,12,9,0,0,744,744
90,Finalize Aggregate/Gather/Partial Aggregate/Nested Loop/Nested Loop/Parallel Hash Join/Parallel Hash/Nested Loop/Parallel Hash Join/Parallel Hash/Parallel Hash Join/Parallel Hash/Hash Join/Parallel Seq Scan,Sort/GroupAggregate/Sort/Hash Join/Hash/Nested Loop/Nested Loop/Gather/Parallel Hash Join/Parallel Hash/Nested Loop/Hash Join/Hash Join/Parallel Seq Scan,Parallel Seq Scan,Parallel Seq Scan,13,13,0,0,743,743
90,Finalize Aggregate/Gather/Partial Aggregate/Nested Loop/Nested Loop/Index Scan,Sort/GroupAggregate/Sort/Hash Join/Hash/Nested Loop/Nested Loop/Index Scan,Index Scan,Index Scan,5,7,0,0,740,740
90,Finalize Aggregate,Sort,Finalize Aggregate,Sort,0,0,0,0,746,746
90,Finalize Aggregate/Gather/Partial Aggregate/Nested Loop/Nested Loop/Parallel Hash Join/Parallel Hash/Nested Loop/Parallel Hash Join/Parallel Hash/Parallel Hash Join/Hash Join/Hash/Seq Scan,Sort/GroupAggregate/Sort/Hash Join/Hash/Nested Loop/Nested Loop/Gather/Parallel Hash Join/Parallel Hash/Nested Loop/Hash Join/Hash/Hash Join/Seq Scan,Seq Scan,Seq Scan,13,14,0,0,742,742
90,Finalize Aggregate/Gather/Partial Aggregate/Nested Loop/Nested Loop/Parallel Hash Join/Parallel Hash/Nested Loop/Index Scan,Sort/GroupAggregate/Sort/Hash Join/Hash/Nested Loop/Nested Loop/Gather/Parallel Hash Join/Parallel Hash/Nested Loop/Index Scan,Index Scan,Index Scan,8,11,0,0,745,745
90,Finalize Aggregate/Gather/Partial Aggregate/Nested Loop/Nested Loop/Parallel Hash Join/Parallel Hash/Nested Loop/Parallel Hash Join/Parallel Hash/Parallel Hash Join/Parallel Hash/Hash Join/Hash/Seq Scan,Sort/GroupAggregate/Sort/Hash Join/Hash/Nested Loop/Nested Loop/Gather/Parallel Hash Join/Parallel Hash/Nested Loop/Hash Join/Hash/Hash Join/Hash/Seq Scan,Seq Scan,Seq Scan,14,15,0,0,741,741
91,Aggregate/Gather/Nested Loop/Index Scan,Sort/GroupAggregate/Nested Loop/Nested Loop/Nested Loop Semi Join/Gather Merge/Sort/Hash Join/Nested Loop/Parallel Hash Join/Parallel Hash/Parallel Hash Join/Parallel Hash/Nested Loop/Index Scan,Index Scan,Index Scan,3,14,0,0,753,753
91,Aggregate/Gather/Nested Loop/Parallel Hash Join/Parallel Seq Scan,Sort/GroupAggregate/Nested Loop/Nested Loop/Nested Loop Semi Join/Gather Merge/Sort/Hash Join/Nested Loop/Parallel Hash Join/Parallel Hash/Parallel Hash Join/Parallel Seq Scan,Parallel Seq Scan,Parallel Seq Scan,4,12,0,0,752,752
91,Aggregate/Gather/Nested Loop/Parallel Hash Join/Parallel Hash/Nested Loop/Nested Loop/Nested Loop/Parallel Hash Join/Parallel Hash/Nested Loop/Nested Loop/Nested Loop/Hash Join/Parallel Seq Scan,Sort/GroupAggregate/Nested Loop/Nested Loop/Nested Loop Semi Join/Gather/Parallel Hash Join/Parallel Seq Scan,Parallel Seq Scan,Parallel Seq Scan,14,7,0,0,750,750
91,Aggregate,Sort,Aggregate,Sort,0,0,0,0,754,754
91,Aggregate/Gather/Nested Loop/Parallel Hash Join/Parallel Hash/Nested Loop/Nested Loop/Nested Loop/Parallel Hash Join/Parallel Hash/Nested Loop/Nested Loop/Nested Loop/Hash Join/Hash/Hash Join/Seq Scan,Sort/GroupAggregate/Nested Loop/Nested Loop/Nested Loop Semi Join/Gather Merge/Sort/Hash Join/Nested Loop/Parallel Hash Join/Parallel Hash/Parallel Hash Join/Parallel Hash/Nested Loop/Hash Join/Hash/Hash Join/Seq Scan,Seq Scan,Seq Scan,16,17,0,0,748,748
91,Aggregate/Gather/Nested Loop/Parallel Hash Join/Parallel Hash/Nested Loop/Nested Loop/Nested Loop/Parallel Hash Join/Parallel Seq Scan,Sort/GroupAggregate/Nested Loop/Nested Loop/Nested Loop Semi Join/Gather Merge/Sort/Hash Join/Nested Loop/Parallel Hash Join/Parallel Hash/Parallel Hash Join/Parallel Hash/Nested Loop/Hash Join/Hash Join/Parallel Seq Scan,Parallel Seq Scan,Parallel Seq Scan,9,16,0,0,751,751
91,Aggregate/Gather/Nested Loop/Parallel Hash Join/Parallel Hash/Nested Loop/Nested Loop/Nested Loop/Parallel Hash Join/Parallel Hash/Nested Loop/Nested Loop/Nested Loop/Hash Join/Hash/Hash Join/Hash/Seq Scan,Sort/GroupAggregate/Nested Loop/Nested Loop/Nested Loop Semi Join/Gather Merge/Sort/Hash Join/Hash/Seq Scan,Seq Scan,Seq Scan,17,9,0,0,749,749
92,Aggregate/Nested Loop/Gather/Nested Loop/Parallel Hash Join/Parallel Hash/Nested Loop/Nested Loop/Parallel Hash Join/Parallel Hash/Nested Loop/Hash Join/Parallel Seq Scan,Sort/GroupAggregate/Sort/Nested Loop/Nested Loop/Nested Loop/Gather/Parallel Hash Semi Join/Parallel Hash/Parallel Hash Join/Parallel Seq Scan,Parallel Seq Scan,Parallel Seq Scan,12,10,0,0,759,759
92,Aggregate/Nested Loop/Gather/Nested Loop/Parallel Hash Join/Parallel Hash/Nested Loop/Nested Loop/Parallel Hash Join/Parallel Seq Scan,Sort/GroupAggregate/Sort/Nested Loop/Nested Loop/Nested Loop/Gather/Parallel Hash Semi Join/Nested Loop/Parallel Hash Join/Parallel Hash/Parallel Hash Join/Parallel Hash/Nested Loop/Hash Join/Hash Join/Parallel Seq Scan,Parallel Seq Scan,Parallel Seq Scan,9,16,0,0,760,760
92,Aggregate/Nested Loop/Gather/Nested Loop/Parallel Hash Join/Parallel Hash/Nested Loop/Nested Loop/Parallel Hash Join/Parallel Hash/Nested Loop/Hash Join/Hash/Nested Loop/Nested Loop/Hash Join/Seq Scan,Sort/GroupAggregate/Sort/Nested Loop/Nested Loop/Seq Scan,Seq Scan,Seq Scan,16,5,0,0,757,757
92,Aggregate,Sort,Aggregate,Sort,0,0,0,0,763,763
92,Aggregate/Nested Loop/Gather/Nested Loop/Parallel Hash Join/Parallel Hash/Nested Loop/Nested Loop/Parallel Hash Join/Parallel Hash/Nested Loop/Index Only Scan,Sort/GroupAggregate/Sort/Nested Loop/Index Only Scan,Index Only Scan,Index Only Scan,11,4,0,0,756,756
92,Aggregate/Nested Loop/Index Scan,Sort/GroupAggregate/Sort/Nested Loop/Nested Loop/Nested Loop/Gather/Parallel Hash Semi Join/Nested Loop/Parallel Hash Join/Parallel Hash/Parallel Hash Join/Parallel Hash/Nested Loop/Index Scan,Index Scan,Index Scan,2,14,0,0,762,762
92,Aggregate/Nested Loop/Gather/Nested Loop/Parallel Hash Join/Parallel Seq Scan,Sort/GroupAggregate/Sort/Nested Loop/Nested Loop/Nested Loop/Gather/Parallel Hash Semi Join/Nested Loop/Parallel Hash Join/Parallel Hash/Parallel Hash Join/Parallel Seq Scan,Parallel Seq Scan,Parallel Seq Scan,5,12,0,0,761,761
92,Aggregate/Nested Loop/Gather/Nested Loop/Parallel Hash Join/Parallel Hash/Nested Loop/Nested Loop/Parallel Hash Join/Parallel Hash/Nested Loop/Hash Join/Hash/Nested Loop/Nested Loop/Hash Join/Hash/Seq Scan,Sort/GroupAggregate/Sort/Nested Loop/Nested Loop/Nested Loop/Gather/Parallel Hash Semi Join/Nested Loop/Parallel Hash Join/Parallel Hash/Parallel Hash Join/Parallel Hash/Nested Loop/Hash Join/Hash/Hash Join/Hash/Seq Scan,Seq Scan,Seq Scan,17,18,0,0,758,758
93,Aggregate/Nested Loop/Gather/Nested Loop/Parallel Hash Join/Parallel Seq Scan,Sort/GroupAggregate/Sort/Nested Loop/Nested Loop/Nested Loop/Gather/Parallel Hash Semi Join/Nested Loop/Parallel Hash Join/Parallel Hash/Parallel Hash Join/Parallel Seq Scan,Parallel Seq Scan,Parallel Seq Scan,5,12,0,0,770,770
93,Aggregate/Nested Loop/Gather/Nested Loop/Parallel Hash Join/Parallel Hash/Nested Loop/Nested Loop/Parallel Hash Join/Parallel Hash/Nested Loop/Hash Join/Hash/Nested Loop/Nested Loop/Hash Join/Seq Scan,Sort/GroupAggregate/Sort/Nested Loop/Nested Loop/Seq Scan,Seq Scan,Seq Scan,16,5,0,0,766,766
93,Aggregate/Nested Loop/Index Scan,Sort/GroupAggregate/Sort/Nested Loop/Nested Loop/Nested Loop/Gather/Parallel Hash Semi Join/Nested Loop/Parallel Hash Join/Parallel Hash/Parallel Hash Join/Parallel Hash/Nested Loop/Index Scan,Index Scan,Index Scan,2,14,0,0,771,771
93,Aggregate/Nested Loop/Gather/Nested Loop/Parallel Hash Join/Parallel Hash/Nested Loop/Nested Loop/Parallel Hash Join/Parallel Hash/Nested Loop/Hash Join/Parallel Seq Scan,Sort/GroupAggregate/Sort/Nested Loop/Nested Loop/Nested Loop/Gather/Parallel Hash Semi Join/Parallel Hash/Parallel Hash Join/Parallel Seq Scan,Parallel Seq Scan,Parallel Seq Scan,12,10,0,0,768,768
93,Aggregate/Nested Loop/Gather/Nested Loop/Parallel Hash Join/Parallel Hash/Nested Loop/Nested Loop/Parallel Hash Join/Parallel Seq Scan,Sort/GroupAggregate/Sort/Nested Loop/Nested Loop/Nested Loop/Gather/Parallel Hash Semi Join/Nested Loop/Parallel Hash Join/Parallel Hash/Parallel Hash Join/Parallel Hash/Nested Loop/Hash Join/Hash Join/Parallel Seq Scan,Parallel Seq Scan,Parallel Seq Scan,9,16,0,0,769,769
93,Aggregate,Sort,Aggregate,Sort,0,0,0,0,772,772
93,Aggregate/Nested Loop/Gather/Nested Loop/Parallel Hash Join/Parallel Hash/Nested Loop/Nested Loop/Parallel Hash Join/Parallel Hash/Nested Loop/Hash Join/Hash/Nested Loop/Nested Loop/Hash Join/Hash/Seq Scan,Sort/GroupAggregate/Sort/Nested Loop/Nested Loop/Nested Loop/Gather/Parallel Hash Semi Join/Nested Loop/Parallel Hash Join/Parallel Hash/Parallel Hash Join/Parallel Hash/Nested Loop/Hash Join/Hash/Hash Join/Hash/Seq Scan,Seq Scan,Seq Scan,17,18,0,0,767,767
93,Aggregate/Nested Loop/Gather/Nested Loop/Parallel Hash Join/Parallel Hash/Nested Loop/Nested Loop/Parallel Hash Join/Parallel Hash/Nested Loop/Index Only Scan,Sort/GroupAggregate/Sort/Nested Loop/Index Only Scan,Index Only Scan,Index Only Scan,11,4,0,0,765,765
94,Aggregate/Nested Loop/Index Scan,Sort/GroupAggregate/Sort/Nested Loop/Nested Loop/Gather/Nested Loop/Nested Loop/Index Scan,Index Scan,Index Scan,2,8,0,0,774,774
94,Aggregate,Sort,Aggregate,Sort,0,0,0,0,783,783
94,Aggregate/Nested Loop/Gather/Nested Loop/Parallel Hash Join/Parallel Hash/Nested Loop/Parallel Hash Join/Parallel Seq Scan,Sort/GroupAggregate/Sort/Nested Loop/Nested Loop/Gather/Nested Loop/Nested Loop/Parallel Hash Join/Parallel Hash/Nested Loop/Parallel Hash Join/Hash Join/Parallel Seq Scan,Parallel Seq Scan,Parallel Seq Scan,8,13,0,0,781,781
94,Aggregate/Nested Loop/Gather/Nested Loop/Index Scan,Sort/GroupAggregate/Sort/Nested Loop/Nested Loop/Gather/Nested Loop/Nested Loop/Parallel Hash Join/Parallel Hash/Nested Loop/Index Scan,Index Scan,Index Scan,4,11,0,0,775,775
94,Aggregate/Nested Loop/Gather/Nested Loop/Parallel Hash Join/Parallel Hash/Nested Loop/Parallel Hash Join/Parallel Hash/Hash Join/Parallel Seq Scan,Sort/GroupAggregate/Sort/Nested Loop/Nested Loop/Gather/Nested Loop/Nested Loop/Parallel Hash Join/Parallel Hash/Nested Loop/Parallel Hash Join/Parallel Hash/Hash Join/Hash Join/Parallel Seq Scan,Parallel Seq Scan,Parallel Seq Scan,10,15,0,0,780,780
94,Aggregate/Nested Loop/Gather/Nested Loop/Parallel Hash Join/Parallel Seq Scan,Sort/GroupAggregate/Sort/Nested Loop/Nested Loop/Gather/Nested Loop/Nested Loop/Parallel Hash Join/Parallel Seq Scan,Parallel Seq Scan,Parallel Seq Scan,5,9,0,0,782,782
94,Aggregate/Nested Loop/Gather/Nested Loop/Parallel Hash Join/Parallel Hash/Nested Loop/Parallel Hash Join/Parallel Hash/Hash Join/Hash/Nested Loop/Hash Join/Hash/Nested Loop/Nested Loop/Hash Join/Hash/Seq Scan,Sort/GroupAggregate/Sort/Nested Loop/Nested Loop/Hash Join/Hash/Seq Scan,Seq Scan,Seq Scan,18,7,0,0,778,778
94,Aggregate/Nested Loop/Gather/Nested Loop/Parallel Hash Join/Parallel Hash/Nested Loop/Parallel Hash Join/Parallel Hash/Hash Join/Hash/Nested Loop/Hash Join/Seq Scan,Sort/GroupAggregate/Sort/Nested Loop/Nested Loop/Gather/Nested Loop/Nested Loop/Parallel Hash Join/Parallel Hash/Nested Loop/Parallel Hash Join/Parallel Hash/Hash Join/Hash/Seq Scan,Seq Scan,Seq Scan,13,15,0,0,779,779
94,Aggregate/Nested Loop/Gather/Nested Loop/Parallel Hash Join/Parallel Hash/Nested Loop/Parallel Hash Join/Parallel Hash/Hash Join/Hash/Nested Loop/Hash Join/Hash/Nested Loop/Nested Loop/Hash Join/Seq Scan,Sort/GroupAggregate/Sort/Nested Loop/Nested Loop/Hash Join/Seq Scan,Seq Scan,Seq Scan,17,6,0,0,777,777
94,Aggregate/Nested Loop/Gather/Nested Loop/Parallel Hash Join/Parallel Hash/Nested Loop/Index Scan,Sort/GroupAggregate/Sort/Nested Loop/Nested Loop/Gather/Nested Loop/Memoize/Index Scan,Index Scan,Index Scan,7,8,0,0,776,776
95,Aggregate/Nested Loop/Nested Loop/Nested Loop/Nested Loop/Merge Join/Nested Loop/Nested Loop/Nested Loop/Merge Join/Sort/Gather/Hash Join/Hash Join/Parallel Seq Scan,Sort/GroupAggregate/Sort/Nested Loop/Nested Loop/Gather/Nested Loop/Nested Loop/Parallel Hash Join/Parallel Hash/Nested Loop/Parallel Hash Join/Parallel Hash/Hash Join/Hash Join/Parallel Seq Scan,Parallel Seq Scan,Parallel Seq Scan,14,15,0,0,791,791
95,Aggregate/Nested Loop/Nested Loop/Nested Loop/Nested Loop/Merge Join/Nested Loop/Nested Loop/Nested Loop/Merge Join/Sort/Gather/Parallel Seq Scan,Sort/GroupAggregate/Sort/Nested Loop/Nested Loop/Gather/Nested Loop/Nested Loop/Parallel Hash Join/Parallel Hash/Nested Loop/Parallel Hash Join/Hash Join/Parallel Seq Scan,Parallel Seq Scan,Parallel Seq Scan,12,13,0,0,792,792
95,Aggregate/Nested Loop/Nested Loop/Nested Loop/Nested Loop/Merge Join/Nested Loop/Seq Scan,Sort/GroupAggregate/Sort/Nested Loop/Nested Loop/Hash Join/Seq Scan,Seq Scan,Seq Scan,7,6,0,0,788,788
95,Aggregate,Sort,Aggregate,Sort,0,0,0,0,794,794
95,Aggregate/Nested Loop/Nested Loop/Index Scan,Sort/GroupAggregate/Sort/Nested Loop/Nested Loop/Gather/Nested Loop/Nested Loop/Parallel Hash Join/Parallel Hash/Nested Loop/Index Scan,Index Scan,Index Scan,3,11,0,0,786,786
95,Aggregate/Nested Loop/Nested Loop/Nested Loop/Nested Loop/Merge Join/Nested Loop/Nested Loop/Nested Loop/Merge Join/Sort/Gather/Hash Join/Hash Join/Hash/Seq Scan,Sort/GroupAggregate/Sort/Nested Loop/Nested Loop/Gather/Nested Loop/Nested Loop/Parallel Hash Join/Parallel Hash/Nested Loop/Parallel Hash Join/Parallel Hash/Hash Join/Hash Join/Hash/Seq Scan,Seq Scan,Seq Scan,15,16,0,0,793,793
95,Aggregate/Nested Loop/Nested Loop/Nested Loop/Index Scan,Sort/GroupAggregate/Sort/Nested Loop/Nested Loop/Gather/Nested Loop/Memoize/Index Scan,Index Scan,Index Scan,4,8,0,0,787,787
95,Aggregate/Nested Loop/Nested Loop/Nested Loop/Nested Loop/Merge Join/Nested Loop/Nested Loop/Nested Loop/Merge Join/Sort/Gather/Hash Join/Hash/Seq Scan,Sort/GroupAggregate/Sort/Nested Loop/Nested Loop/Gather/Nested Loop/Nested Loop/Parallel Hash Join/Parallel Hash/Nested Loop/Parallel Hash Join/Parallel Hash/Hash Join/Hash/Seq Scan,Seq Scan,Seq Scan,14,15,0,0,790,790
95,Aggregate/Nested Loop/Index Scan,Sort/GroupAggregate/Sort/Nested Loop/Nested Loop/Gather/Nested Loop/Nested Loop/Index Scan,Index Scan,Index Scan,2,8,0,0,785,785
95,Aggregate/Nested Loop/Nested Loop/Nested Loop/Nested Loop/Merge Join/Sort/Seq Scan,Sort/GroupAggregate/Sort/Nested Loop/Nested Loop/Hash Join/Hash/Seq Scan,Seq Scan,Seq Scan,7,7,0,0,789,789
96,Aggregate/Nested Loop/Nested Loop/Gather/Nested Loop/Parallel Hash Join/Parallel Hash/Parallel Hash Join/Parallel Hash/Nested Loop/Hash Join/Hash/Nested Loop/Hash Join/Hash/Nested Loop/Hash Join/Seq Scan,Sort/GroupAggregate/Sort/Nested Loop/Nested Loop/Hash Join/Seq Scan,Seq Scan,Seq Scan,17,6,0,0,800,800
96,Aggregate/Nested Loop/Index Scan,Sort/GroupAggregate/Sort/Nested Loop/Nested Loop/Gather/Nested Loop/Nested Loop/Index Scan,Index Scan,Index Scan,2,8,0,0,797,797
96,Aggregate,Sort,Aggregate,Sort,0,0,0,0,806,806
96,Aggregate/Nested Loop/Nested Loop/Gather/Nested Loop/Parallel Hash Join/Parallel Hash/Parallel Hash Join/Parallel Seq Scan,Sort/GroupAggregate/Sort/Nested Loop/Nested Loop/Gather/Nested Loop/Nested Loop/Parallel Hash Join/Parallel Hash/Nested Loop/Parallel Hash Join/Hash Join/Parallel Seq Scan,Parallel Seq Scan,Parallel Seq Scan,8,13,0,0,804,804
96,Aggregate/Nested Loop/Nested Loop/Gather/Nested Loop/Parallel Hash Join/Parallel Hash/Parallel Hash Join/Parallel Hash/Nested Loop/Hash Join/Parallel Seq Scan,Sort/GroupAggregate/Sort/Nested Loop/Nested Loop/Gather/Nested Loop/Nested Loop/Parallel Hash Join/Parallel Hash/Nested Loop/Parallel Hash Join/Parallel Hash/Hash Join/Hash Join/Parallel Seq Scan,Parallel Seq Scan,Parallel Seq Scan,11,15,0,0,803,803
96,Aggregate/Nested Loop/Nested Loop/Index Scan,Sort/GroupAggregate/Sort/Nested Loop/Nested Loop/Gather/Nested Loop/Nested Loop/Parallel Hash Join/Parallel Hash/Nested Loop/Index Scan,Index Scan,Index Scan,3,11,0,0,798,798
96,Aggregate/Nested Loop/Nested Loop/Gather/Nested Loop/Parallel Hash Join/Parallel Hash/Parallel Hash Join/Parallel Hash/Nested Loop/Hash Join/Hash/Nested Loop/Hash Join/Seq Scan,Sort/GroupAggregate/Sort/Nested Loop/Nested Loop/Gather/Nested Loop/Nested Loop/Parallel Hash Join/Parallel Hash/Nested Loop/Parallel Hash Join/Parallel Hash/Hash Join/Hash/Seq Scan,Seq Scan,Seq Scan,14,15,0,0,802,802
96,Aggregate/Nested Loop/Nested Loop/Gather/Nested Loop/Memoize/Index Scan,Sort/GroupAggregate/Sort/Nested Loop/Nested Loop/Gather/Nested Loop/Memoize/Index Scan,Index Scan,Index Scan,6,8,0,0,799,799
96,Aggregate/Nested Loop/Nested Loop/Gather/Nested Loop/Parallel Hash Join/Parallel Seq Scan,Sort/GroupAggregate/Sort/Nested Loop/Nested Loop/Gather/Nested Loop/Nested Loop/Parallel Hash Join/Parallel Seq Scan,Parallel Seq Scan,Parallel Seq Scan,6,9,0,0,805,805
96,Aggregate/Nested Loop/Nested Loop/Gather/Nested Loop/Parallel Hash Join/Parallel Hash/Parallel Hash Join/Parallel Hash/Nested Loop/Hash Join/Hash/Nested Loop/Hash Join/Hash/Nested Loop/Hash Join/Hash/Seq Scan,Sort/GroupAggregate/Sort/Nested Loop/Nested Loop/Hash Join/Hash/Seq Scan,Seq Scan,Seq Scan,18,7,0,0,801,801
97,Aggregate/Nested Loop/Nested Loop/Gather/Nested Loop/Parallel Hash Join/Parallel Hash/Nested Loop/Parallel Hash Join/Parallel Hash/Nested Loop/Nested Loop/Nested Loop/Hash Join/Parallel Hash Join/Parallel Hash/Hash Join/Parallel Seq Scan,Sort/GroupAggregate/Nested Loop/Nested Loop Semi Join/Nested Loop/Materialize/Gather/Hash Join/Parallel Seq Scan,Parallel Seq Scan,Parallel Seq Scan,17,8,0,0,814,814
97,Aggregate/Nested Loop/Index Scan,Sort/GroupAggregate/Nested Loop/Nested Loop Semi Join/Nested Loop/Gather Merge/Sort/Nested Loop/Nested Loop/Index Scan,Index Scan,Index Scan,2,9,0,0,809,809
97,Aggregate/Nested Loop/Nested Loop/Gather/Nested Loop/Parallel Hash Join/Parallel Seq Scan,Sort/GroupAggregate/Nested Loop/Nested Loop Semi Join/Nested Loop/Gather Merge/Sort/Nested Loop/Nested Loop/Parallel Hash Join/Parallel Seq Scan,Parallel Seq Scan,Parallel Seq Scan,6,10,0,0,818,818
97,Aggregate,Sort,Aggregate,Sort,0,0,0,0,819,819
97,Aggregate/Nested Loop/Nested Loop/Gather/Nested Loop/Parallel Hash Join/Parallel Hash/Nested Loop/Index Only Scan,Sort/GroupAggregate/Nested Loop/Index Only Scan,Index Only Scan,Index Only Scan,8,3,0,0,817,817
97,Aggregate/Nested Loop/Nested Loop/Index Scan,Sort/GroupAggregate/Nested Loop/Nested Loop Semi Join/Nested Loop/Gather Merge/Sort/Nested Loop/Memoize/Index Scan,Index Scan,Index Scan,3,9,0,0,810,810
97,Aggregate/Nested Loop/Nested Loop/Gather/Nested Loop/Parallel Hash Join/Parallel Hash/Nested Loop/Parallel Hash Join/Parallel Seq Scan,Sort/GroupAggregate/Nested Loop/Nested Loop Semi Join/Nested Loop/Gather Merge/Sort/Nested Loop/Nested Loop/Parallel Hash Join/Parallel Hash/Hash Join/Parallel Hash Join/Hash Join/Parallel Seq Scan,Parallel Seq Scan,Parallel Seq Scan,9,14,0,0,816,816
97,Aggregate/Nested Loop/Nested Loop/Gather/Nested Loop/Parallel Hash Join/Parallel Hash/Nested Loop/Parallel Hash Join/Parallel Hash/Nested Loop/Nested Loop/Nested Loop/Hash Join/Parallel Hash Join/Parallel Hash/Hash Join/Hash/Hash Join/Seq Scan,Sort/GroupAggregate/Nested Loop/Nested Loop Semi Join/Hash Join/Seq Scan,Seq Scan,Seq Scan,19,5,0,0,812,812
97,Aggregate/Nested Loop/Nested Loop/Gather/Nested Loop/Parallel Hash Join/Parallel Hash/Nested Loop/Parallel Hash Join/Parallel Hash/Nested Loop/Nested Loop/Nested Loop/Hash Join/Hash/Seq Scan,Sort/GroupAggregate/Nested Loop/Nested Loop Semi Join/Nested Loop/Gather Merge/Sort/Nested Loop/Nested Loop/Parallel Hash Join/Parallel Hash/Hash Join/Hash/Seq Scan,Seq Scan,Seq Scan,15,13,0,0,811,811
97,Aggregate/Nested Loop/Nested Loop/Gather/Nested Loop/Parallel Hash Join/Parallel Hash/Nested Loop/Parallel Hash Join/Parallel Hash/Nested Loop/Nested Loop/Nested Loop/Hash Join/Parallel Hash Join/Parallel Seq Scan,Sort/GroupAggregate/Nested Loop/Nested Loop Semi Join/Nested Loop/Gather Merge/Sort/Nested Loop/Nested Loop/Parallel Hash Join/Parallel Hash/Hash Join/Parallel Hash Join/Parallel Hash/Parallel Hash Join/Parallel Seq Scan,Parallel Seq Scan,Parallel Seq Scan,15,15,0,0,815,815
97,Aggregate/Nested Loop/Nested Loop/Gather/Nested Loop/Parallel Hash Join/Parallel Hash/Nested Loop/Parallel Hash Join/Parallel Hash/Nested Loop/Nested Loop/Nested Loop/Hash Join/Parallel Hash Join/Parallel Hash/Hash Join/Hash/Hash Join/Hash/Seq Scan,Sort/GroupAggregate/Nested Loop/Nested Loop Semi Join/Hash Join/Hash/Seq Scan,Seq Scan,Seq Scan,20,6,0,0,813,813
98,Aggregate/Nested Loop/Nested Loop/Gather/Nested Loop/Parallel Hash Join/Parallel Hash/Nested Loop/Parallel Hash Join/Parallel Seq Scan,Sort/GroupAggregate/Nested Loop/Nested Loop Semi Join/Nested Loop/Gather Merge/Sort/Nested Loop/Nested Loop/Parallel Hash Join/Parallel Hash/Hash Join/Parallel Hash Join/Hash Join/Parallel Seq Scan,Parallel Seq Scan,Parallel Seq Scan,9,14,0,0,828,828
98,Aggregate/Nested Loop/Nested Loop/Gather/Nested Loop/Parallel Hash Join/Parallel Hash/Nested Loop/Parallel Hash Join/Parallel Hash/Nested Loop/Nested Loop/Nested Loop/Nested Loop/Parallel Hash Join/Parallel Hash/Hash Join/Hash/Hash Join/Seq Scan,Sort/GroupAggregate/Nested Loop/Nested Loop Semi Join/Hash Join/Seq Scan,Seq Scan,Seq Scan,19,5,0,0,824,824
98,Aggregate/Nested Loop/Nested Loop/Gather/Nested Loop/Parallel Hash Join/Parallel Hash/Nested Loop/Parallel Hash Join/Parallel Hash/Nested Loop/Nested Loop/Nested Loop/Nested Loop/Parallel Hash Join/Parallel Seq Scan,Sort/GroupAggregate/Nested Loop/Nested Loop Semi Join/Nested Loop/Gather Merge/Sort/Nested Loop/Nested Loop/Parallel Hash Join/Parallel Hash/Hash Join/Parallel Hash Join/Parallel Hash/Parallel Hash Join/Parallel Seq Scan,Parallel Seq Scan,Parallel Seq Scan,15,15,0,0,827,827
98,Aggregate/Nested Loop/Nested Loop/Gather/Nested Loop/Parallel Hash Join/Parallel Seq Scan,Sort/GroupAggregate/Nested Loop/Nested Loop Semi Join/Nested Loop/Gather Merge/Sort/Nested Loop/Nested Loop/Parallel Hash Join/Parallel Seq Scan,Parallel Seq Scan,Parallel Seq Scan,6,10,0,0,830,830
98,Aggregate/Nested Loop/Nested Loop/Gather/Nested Loop/Parallel Hash Join/Parallel Hash/Nested Loop/Parallel Hash Join/Parallel Hash/Nested Loop/Nested Loop/Nested Loop/Nested Loop/Parallel Hash Join/Parallel Hash/Hash Join/Parallel Seq Scan,Sort/GroupAggregate/Nested Loop/Nested Loop Semi Join/Nested Loop/Materialize/Gather/Hash Join/Parallel Seq Scan,Parallel Seq Scan,Parallel Seq Scan,17,8,0,0,826,826
98,Aggregate,Sort,Aggregate,Sort,0,0,0,0,831,831
98,Aggregate/Nested Loop/Index Scan,Sort/GroupAggregate/Nested Loop/Nested Loop Semi Join/Nested Loop/Gather Merge/Sort/Nested Loop/Nested Loop/Index Scan,Index Scan,Index Scan,2,9,0,0,822,822
98,Aggregate/Nested Loop/Nested Loop/Gather/Nested Loop/Parallel Hash Join/Parallel Hash/Nested Loop/Parallel Hash Join/Parallel Hash/Nested Loop/Nested Loop/Nested Loop/Nested Loop/Parallel Hash Join/Parallel Hash/Hash Join/Hash/Hash Join/Hash/Seq Scan,Sort/GroupAggregate/Nested Loop/Nested Loop Semi Join/Hash Join/Hash/Seq Scan,Seq Scan,Seq Scan,20,6,0,0,825,825
98,Aggregate/Nested Loop/Nested Loop/Index Scan,Sort/GroupAggregate/Nested Loop/Nested Loop Semi Join/Nested Loop/Gather Merge/Sort/Nested Loop/Memoize/Index Scan,Index Scan,Index Scan,3,9,0,0,823,823
98,Aggregate/Nested Loop/Nested Loop/Gather/Nested Loop/Parallel Hash Join/Parallel Hash/Nested Loop/Index Only Scan,Sort/GroupAggregate/Nested Loop/Index Only Scan,Index Only Scan,Index Only Scan,8,3,0,0,829,829
99,Aggregate/Nested Loop/Nested Loop/Gather/Nested Loop/Parallel Hash Join/Parallel Seq Scan,Sort/GroupAggregate/Nested Loop/Nested Loop Semi Join/Nested Loop/Gather Merge/Sort/Nested Loop/Nested Loop/Parallel Hash Join/Parallel Seq Scan,Parallel Seq Scan,Parallel Seq Scan,6,10,0,0,841,841
99,Aggregate/Nested Loop/Nested Loop/Gather/Nested Loop/Parallel Hash Join/Parallel Hash/Nested Loop/Parallel Hash Join/Parallel Hash/Nested Loop/Nested Loop/Nested Loop/Nested Loop/Parallel Hash Join/Parallel Hash/Hash Join/Parallel Seq Scan,Sort/GroupAggregate/Nested Loop/Nested Loop Semi Join/Nested Loop/Materialize/Gather/Hash Join/Parallel Seq Scan,Parallel Seq Scan,Parallel Seq Scan,17,8,0,0,837,837
99,Aggregate,Sort,Aggregate,Sort,0,0,0,0,842,842
99,Aggregate/Nested Loop/Nested Loop/Gather/Nested Loop/Parallel Hash Join/Parallel Hash/Nested Loop/Index Only Scan,Sort/GroupAggregate/Nested Loop/Index Only Scan,Index Only Scan,Index Only Scan,8,3,0,0,840,840
99,Aggregate/Nested Loop/Index Scan,Sort/GroupAggregate/Nested Loop/Nested Loop Semi Join/Nested Loop/Gather Merge/Sort/Nested Loop/Nested Loop/Index Scan,Index Scan,Index Scan,2,9,0,0,833,833
99,Aggregate/Nested Loop/Nested Loop/Gather/Nested Loop/Parallel Hash Join/Parallel Hash/Nested Loop/Parallel Hash Join/Parallel Seq Scan,Sort/GroupAggregate/Nested Loop/Nested Loop Semi Join/Nested Loop/Gather Merge/Sort/Nested Loop/Nested Loop/Parallel Hash Join/Parallel Hash/Hash Join/Parallel Hash Join/Hash Join/Parallel Seq Scan,Parallel Seq Scan,Parallel Seq Scan,9,14,0,0,839,839
99,Aggregate/Nested Loop/Nested Loop/Gather/Nested Loop/Parallel Hash Join/Parallel Hash/Nested Loop/Parallel Hash Join/Parallel Hash/Nested Loop/Nested Loop/Nested Loop/Nested Loop/Parallel Hash Join/Parallel Hash/Hash Join/Hash/Hash Join/Hash/Seq Scan,Sort/GroupAggregate/Nested Loop/Nested Loop Semi Join/Hash Join/Hash/Seq Scan,Seq Scan,Seq Scan,20,6,0,0,836,836
99,Aggregate/Nested Loop/Nested Loop/Gather/Nested Loop/Parallel Hash Join/Parallel Hash/Nested Loop/Parallel Hash Join/Parallel Hash/Nested Loop/Nested Loop/Nested Loop/Nested Loop/Parallel Hash Join/Parallel Hash/Hash Join/Hash/Hash Join/Seq Scan,Sort/GroupAggregate/Nested Loop/Nested Loop Semi Join/Hash Join/Seq Scan,Seq Scan,Seq Scan,19,5,0,0,835,835
99,Aggregate/Nested Loop/Nested Loop/Index Scan,Sort/GroupAggregate/Nested Loop/Nested Loop Semi Join/Nested Loop/Gather Merge/Sort/Nested Loop/Memoize/Index Scan,Index Scan,Index Scan,3,9,0,0,834,834
99,Aggregate/Nested Loop/Nested Loop/Gather/Nested Loop/Parallel Hash Join/Parallel Hash/Nested Loop/Parallel Hash Join/Parallel Hash/Nested Loop/Nested Loop/Nested Loop/Nested Loop/Parallel Hash Join/Parallel Seq Scan,Sort/GroupAggregate/Nested Loop/Nested Loop Semi Join/Nested Loop/Gather Merge/Sort/Nested Loop/Nested Loop/Parallel Hash Join/Parallel Hash/Hash Join/Parallel Hash Join/Parallel Hash/Parallel Hash Join/Parallel Seq Scan,Parallel Seq Scan,Parallel Seq Scan,15,15,0,0,838,838
100,Aggregate/Nested Loop/Gather/Parallel Hash Join/Parallel Hash/Nested Loop/Parallel Hash Join/Parallel Hash/Nested Loop/Nested Loop/Nested Loop/Parallel Hash Join/Parallel Hash/Nested Loop/Parallel Hash Join/Parallel Hash/Parallel Hash Join/Parallel Seq Scan,Sort/GroupAggregate/Nested Loop/Nested Loop/Gather Merge/Sort/Parallel Hash Semi Join/Nested Loop/Parallel Hash Join/Parallel Hash/Nested Loop/Parallel Hash Join/Parallel Hash/Nested Loop/Parallel Hash Join/Hash Join/Parallel Seq Scan,Parallel Seq Scan,Parallel Seq Scan,17,16,0,0,851,851
100,Aggregate/Nested Loop/Index Scan,Sort/GroupAggregate/Nested Loop/Index Scan,Index Scan,Index Scan,2,3,0,0,844,844
100,Aggregate/Nested Loop/Gather/Parallel Hash Join/Parallel Hash/Nested Loop/Parallel Hash Join/Parallel Hash/Nested Loop/Nested Loop/Nested Loop/Parallel Hash Join/Parallel Hash/Nested Loop/Parallel Hash Join/Hash Join/Hash/Seq Scan,Sort/GroupAggregate/Nested Loop/Nested Loop/Hash Join/Hash Join/Hash/Seq Scan,Seq Scan,Seq Scan,17,7,0,0,854,854
100,Aggregate/Nested Loop/Gather/Parallel Hash Join/Parallel Hash/Nested Loop/Parallel Hash Join/Parallel Hash/Nested Loop/Index Scan,Sort/GroupAggregate/Nested Loop/Nested Loop/Gather Merge/Sort/Parallel Hash Semi Join/Nested Loop/Parallel Hash Join/Parallel Hash/Nested Loop/Parallel Hash Join/Parallel Hash/Nested Loop/Index Scan,Index Scan,Index Scan,9,14,0,0,846,846
100,Aggregate/Nested Loop/Gather/Parallel Hash Join/Parallel Hash/Nested Loop/Parallel Hash Join/Parallel Hash/Nested Loop/Nested Loop/Nested Loop/Parallel Hash Join/Parallel Hash/Nested Loop/Parallel Hash Join/Parallel Hash/Parallel Hash Join/Parallel Hash/Nested Loop/Hash Join/Hash/Nested Loop/Hash Join/Seq Scan,Sort/GroupAggregate/Nested Loop/Nested Loop/Hash Join/Hash/Hash Join/Seq Scan,Seq Scan,Seq Scan,23,7,0,0,848,848
100,Aggregate/Nested Loop/Gather/Parallel Hash Join/Parallel Hash/Nested Loop/Parallel Hash Join/Parallel Seq Scan,Sort/GroupAggregate/Nested Loop/Nested Loop/Gather Merge/Sort/Parallel Hash Semi Join/Parallel Hash/Parallel Seq Scan,Parallel Seq Scan,Parallel Seq Scan,7,8,0,0,855,855
100,Aggregate/Nested Loop/Gather/Parallel Hash Join/Parallel Hash/Nested Loop/Parallel Hash Join/Parallel Hash/Nested Loop/Nested Loop/Nested Loop/Parallel Hash Join/Parallel Hash/Nested Loop/Parallel Hash Join/Hash Join/Parallel Seq Scan,Sort/GroupAggregate/Nested Loop/Nested Loop/Gather Merge/Sort/Parallel Hash Semi Join/Nested Loop/Parallel Hash Join/Parallel Hash/Nested Loop/Parallel Hash Join/Parallel Seq Scan,Parallel Seq Scan,Parallel Seq Scan,16,12,0,0,852,852
100,Aggregate/Nested Loop/Gather/Parallel Hash Join/Parallel Hash/Nested Loop/Index Scan,Sort/GroupAggregate/Nested Loop/Nested Loop/Gather Merge/Sort/Parallel Hash Semi Join/Nested Loop/Parallel Hash Join/Parallel Hash/Nested Loop/Index Scan,Index Scan,Index Scan,6,11,0,0,845,845
100,Aggregate/Nested Loop/Gather/Parallel Hash Join/Parallel Hash/Nested Loop/Parallel Hash Join/Parallel Hash/Nested Loop/Nested Loop/Nested Loop/Parallel Hash Join/Parallel Hash/Nested Loop/Parallel Hash Join/Parallel Hash/Parallel Hash Join/Parallel Hash/Nested Loop/Hash Join/Hash/Nested Loop/Hash Join/Hash/Seq Scan,Sort/GroupAggregate/Nested Loop/Nested Loop/Hash Join/Hash/Hash Join/Hash/Seq Scan,Seq Scan,Seq Scan,24,8,0,0,849,849
100,Aggregate/Nested Loop/Gather/Parallel Hash Join/Parallel Hash/Nested Loop/Parallel Hash Join/Parallel Hash/Nested Loop/Nested Loop/Index Scan,Sort/GroupAggregate/Nested Loop/Nested Loop/Gather Merge/Sort/Parallel Hash Semi Join/Nested Loop/Memoize/Index Scan,Index Scan,Index Scan,10,9,0,0,847,847
100,Aggregate,Sort,Aggregate,Sort,0,0,0,0,856,856
100,Aggregate/Nested Loop/Gather/Parallel Hash Join/Parallel Hash/Nested Loop/Parallel Hash Join/Parallel Hash/Nested Loop/Nested Loop/Nested Loop/Parallel Hash Join/Parallel Hash/Nested Loop/Parallel Hash Join/Parallel Hash/Parallel Hash Join/Parallel Hash/Nested Loop/Hash Join/Parallel Seq Scan,Sort/GroupAggregate/Nested Loop/Nested Loop/Gather Merge/Sort/Parallel Hash Semi Join/Nested Loop/Parallel Hash Join/Parallel Hash/Nested Loop/Parallel Hash Join/Parallel Hash/Nested Loop/Parallel Hash Join/Parallel Hash/Hash Join/Parallel Seq Scan,Parallel Seq Scan,Parallel Seq Scan,20,17,0,0,850,850
100,Aggregate/Nested Loop/Gather/Parallel Hash Join/Parallel Hash/Nested Loop/Parallel Hash Join/Parallel Hash/Nested Loop/Nested Loop/Nested Loop/Parallel Hash Join/Parallel Seq Scan,Sort/GroupAggregate/Nested Loop/Nested Loop/Gather Merge/Sort/Parallel Hash Semi Join/Nested Loop/Parallel Hash Join/Parallel Seq Scan,Parallel Seq Scan,Parallel Seq Scan,12,9,0,0,853,853
101,Aggregate/Nested Loop/Gather/Parallel Hash Join/Parallel Hash/Nested Loop/Nested Loop/Nested Loop/Nested Loop/Parallel Hash Join/Parallel Hash/Nested Loop/Parallel Hash Join/Parallel Hash/Parallel Hash Join/Parallel Hash/Nested Loop/Parallel Hash Join/Hash Join/Hash/Seq Scan,Sort/GroupAggregate/Nested Loop/Nested Loop/Gather Merge/Sort/Parallel Hash Semi Join/Nested Loop/Parallel Hash Join/Parallel Hash/Nested Loop/Parallel Hash Join/Parallel Hash/Nested Loop/Parallel Hash Join/Parallel Hash/Hash Join/Hash/Seq Scan,Seq Scan,Seq Scan,20,18,0,0,864,864
101,Aggregate,Sort,Aggregate,Sort,0,0,0,0,871,871
101,Aggregate/Nested Loop/Gather/Parallel Hash Join/Parallel Hash/Nested Loop/Nested Loop/Nested Loop/Index Scan,Sort/GroupAggregate/Nested Loop/Nested Loop/Gather Merge/Sort/Parallel Hash Semi Join/Nested Loop/Memoize/Index Scan,Index Scan,Index Scan,8,9,0,0,862,862
101,Aggregate/Nested Loop/Gather/Parallel Hash Join/Parallel Hash/Nested Loop/Nested Loop/Nested Loop/Nested Loop/Parallel Hash Join/Parallel Hash/Nested Loop/Parallel Hash Join/Parallel Hash/Parallel Hash Join/Parallel Hash/Nested Loop/Parallel Hash Join/Parallel Hash/Hash Join/Hash/Nested Loop/Hash Join/Seq Scan,Sort/GroupAggregate/Nested Loop/Nested Loop/Hash Join/Hash/Hash Join/Seq Scan,Seq Scan,Seq Scan,23,7,0,0,863,863
101,Aggregate/Nested Loop/Gather/Parallel Hash Join/Parallel Hash/Nested Loop/Nested Loop/Index Scan,Sort/GroupAggregate/Nested Loop/Nested Loop/Gather Merge/Sort/Parallel Hash Semi Join/Nested Loop/Parallel Hash Join/Parallel Hash/Nested Loop/Parallel Hash Join/Parallel Hash/Nested Loop/Index Scan,Index Scan,Index Scan,7,14,0,0,861,861
101,Aggregate/Nested Loop/Gather/Parallel Hash Join/Parallel Hash/Nested Loop/Nested Loop/Nested Loop/Nested Loop/Parallel Hash Join/Parallel Hash/Nested Loop/Parallel Hash Join/Parallel Hash/Parallel Hash Join/Parallel Hash/Nested Loop/Parallel Hash Join/Parallel Hash/Hash Join/Hash/Nested Loop/Hash Join/Hash/Seq Scan,Sort/GroupAggregate/Nested Loop/Nested Loop/Hash Join/Hash/Hash Join/Hash/Seq Scan,Seq Scan,Seq Scan,24,8,0,0,865,865
101,Aggregate/Nested Loop/Gather/Parallel Hash Join/Parallel Hash/Nested Loop/Nested Loop/Nested Loop/Nested Loop/Parallel Hash Join/Parallel Hash/Nested Loop/Parallel Hash Join/Parallel Hash/Parallel Hash Join/Parallel Hash/Nested Loop/Parallel Hash Join/Hash Join/Parallel Seq Scan,Sort/GroupAggregate/Nested Loop/Nested Loop/Gather Merge/Sort/Parallel Hash Semi Join/Nested Loop/Parallel Hash Join/Parallel Hash/Nested Loop/Parallel Hash Join/Parallel Hash/Nested Loop/Parallel Hash Join/Hash Join/Parallel Seq Scan,Parallel Seq Scan,Parallel Seq Scan,19,16,0,0,867,867
101,Aggregate/Nested Loop/Gather/Parallel Hash Join/Parallel Hash/Nested Loop/Nested Loop/Nested Loop/Nested Loop/Parallel Hash Join/Parallel Seq Scan,Sort/GroupAggregate/Nested Loop/Nested Loop/Gather Merge/Sort/Parallel Hash Semi Join/Parallel Hash/Parallel Seq Scan,Parallel Seq Scan,Parallel Seq Scan,10,8,0,0,870,870
101,Aggregate/Nested Loop/Gather/Parallel Hash Join/Parallel Hash/Nested Loop/Nested Loop/Nested Loop/Nested Loop/Parallel Hash Join/Parallel Hash/Nested Loop/Parallel Hash Join/Parallel Hash/Parallel Hash Join/Parallel Hash/Nested Loop/Parallel Hash Join/Parallel Hash/Hash Join/Parallel Seq Scan,Sort/GroupAggregate/Nested Loop/Nested Loop/Gather Merge/Sort/Parallel Hash Semi Join/Nested Loop/Parallel Hash Join/Parallel Hash/Nested Loop/Parallel Hash Join/Parallel Hash/Nested Loop/Parallel Hash Join/Parallel Hash/Hash Join/Parallel Seq Scan,Parallel Seq Scan,Parallel Seq Scan,20,17,0,0,866,866
101,Aggregate/Nested Loop/Index Scan,Sort/GroupAggregate/Nested Loop/Index Scan,Index Scan,Index Scan,2,3,0,0,859,859
101,Aggregate/Nested Loop/Gather/Parallel Hash Join/Parallel Hash/Nested Loop/Nested Loop/Nested Loop/Nested Loop/Parallel Hash Join/Parallel Hash/Nested Loop/Parallel Hash Join/Parallel Seq Scan,Sort/GroupAggregate/Nested Loop/Nested Loop/Gather Merge/Sort/Parallel Hash Semi Join/Nested Loop/Parallel Hash Join/Parallel Seq Scan,Parallel Seq Scan,Parallel Seq Scan,13,9,0,0,869,869
101,Aggregate/Nested Loop/Gather/Parallel Hash Join/Parallel Hash/Nested Loop/Index Scan,Sort/GroupAggregate/Nested Loop/Nested Loop/Gather Merge/Sort/Parallel Hash Semi Join/Nested Loop/Parallel Hash Join/Parallel Hash/Nested Loop/Index Scan,Index Scan,Index Scan,6,11,0,0,860,860
101,Aggregate/Nested Loop/Gather/Parallel Hash Join/Parallel Hash/Nested Loop/Nested Loop/Nested Loop/Nested Loop/Parallel Hash Join/Parallel Hash/Nested Loop/Parallel Hash Join/Parallel Hash/Parallel Hash Join/Parallel Seq Scan,Sort/GroupAggregate/Nested Loop/Nested Loop/Gather Merge/Sort/Parallel Hash Semi Join/Nested Loop/Parallel Hash Join/Parallel Hash/Nested Loop/Parallel Hash Join/Parallel Seq Scan,Parallel Seq Scan,Parallel Seq Scan,15,12,0,0,868,868
102,Aggregate/Nested Loop/Gather/Parallel Hash Join/Parallel Hash/Parallel Hash Join/Parallel Hash/Nested Loop/Parallel Hash Join/Parallel Hash/Nested Loop/Nested Loop/Memoize/Index Scan,Sort/GroupAggregate/Nested Loop/Nested Loop/Gather Merge/Sort/Parallel Hash Semi Join/Nested Loop/Memoize/Index Scan,Index Scan,Index Scan,13,9,0,0,877,877
102,Aggregate/Nested Loop/Gather/Parallel Hash Join/Parallel Hash/Parallel Hash Join/Parallel Hash/Nested Loop/Index Scan,Sort/GroupAggregate/Nested Loop/Nested Loop/Gather Merge/Sort/Parallel Hash Semi Join/Nested Loop/Parallel Hash Join/Parallel Hash/Nested Loop/Index Scan,Index Scan,Index Scan,8,11,0,0,875,875
102,Aggregate/Nested Loop/Gather/Parallel Hash Join/Parallel Hash/Parallel Hash Join/Parallel Hash/Nested Loop/Parallel Hash Join/Parallel Hash/Nested Loop/Nested Loop/Parallel Hash Join/Parallel Hash/Nested Loop/Nested Loop/Parallel Hash Join/Parallel Hash/Hash Join/Hash/Nested Loop/Nested Loop/Hash Join/Seq Scan,Sort/GroupAggregate/Nested Loop/Nested Loop/Hash Join/Hash/Hash Join/Seq Scan,Seq Scan,Seq Scan,23,7,0,0,878,878
102,Aggregate/Nested Loop/Gather/Parallel Hash Join/Parallel Hash/Parallel Hash Join/Parallel Hash/Nested Loop/Parallel Hash Join/Parallel Hash/Nested Loop/Nested Loop/Parallel Hash Join/Parallel Hash/Nested Loop/Nested Loop/Parallel Hash Join/Hash Join/Hash/Seq Scan,Sort/GroupAggregate/Nested Loop/Nested Loop/Hash Join/Hash Join/Hash/Seq Scan,Seq Scan,Seq Scan,19,7,0,0,884,884
102,Aggregate/Nested Loop/Gather/Parallel Hash Join/Parallel Hash/Parallel Hash Join/Parallel Hash/Nested Loop/Parallel Hash Join/Parallel Hash/Nested Loop/Nested Loop/Parallel Hash Join/Parallel Hash/Nested Loop/Nested Loop/Parallel Hash Join/Hash Join/Parallel Seq Scan,Sort/GroupAggregate/Nested Loop/Nested Loop/Gather Merge/Sort/Parallel Hash Semi Join/Nested Loop/Parallel Hash Join/Parallel Hash/Nested Loop/Parallel Hash Join/Parallel Hash/Nested Loop/Parallel Hash Join/Hash Join/Parallel Seq Scan,Parallel Seq Scan,Parallel Seq Scan,18,16,0,0,881,881
102,Aggregate/Nested Loop/Gather/Parallel Hash Join/Parallel Hash/Parallel Hash Join/Parallel Hash/Nested Loop/Parallel Hash Join/Parallel Hash/Nested Loop/Index Scan,Sort/GroupAggregate/Nested Loop/Nested Loop/Gather Merge/Sort/Parallel Hash Semi Join/Nested Loop/Parallel Hash Join/Parallel Hash/Nested Loop/Parallel Hash Join/Parallel Hash/Nested Loop/Index Scan,Index Scan,Index Scan,11,14,0,0,876,876
102,Aggregate,Sort,Aggregate,Sort,0,0,0,0,886,886
102,Aggregate/Nested Loop/Gather/Parallel Hash Join/Parallel Hash/Parallel Hash Join/Parallel Hash/Nested Loop/Parallel Hash Join/Parallel Hash/Nested Loop/Nested Loop/Parallel Hash Join/Parallel Seq Scan,Sort/GroupAggregate/Nested Loop/Nested Loop/Gather Merge/Sort/Parallel Hash Semi Join/Nested Loop/Parallel Hash Join/Parallel Hash/Nested Loop/Parallel Hash Join/Parallel Seq Scan,Parallel Seq Scan,Parallel Seq Scan,13,12,0,0,882,882
102,Aggregate/Nested Loop/Gather/Parallel Hash Join/Parallel Hash/Parallel Hash Join/Parallel Hash/Nested Loop/Parallel Hash Join/Parallel Seq Scan,Sort/GroupAggregate/Nested Loop/Nested Loop/Gather Merge/Sort/Parallel Hash Semi Join/Nested Loop/Parallel Hash Join/Parallel Seq Scan,Parallel Seq Scan,Parallel Seq Scan,9,9,0,0,883,883
102,Aggregate/Nested Loop/Gather/Parallel Hash Join/Parallel Hash/Parallel Hash Join/Parallel Hash/Nested Loop/Parallel Hash Join/Parallel Hash/Nested Loop/Nested Loop/Parallel Hash Join/Parallel Hash/Nested Loop/Nested Loop/Parallel Hash Join/Parallel Hash/Hash Join/Parallel Seq Scan,Sort/GroupAggregate/Nested Loop/Nested Loop/Gather Merge/Sort/Parallel Hash Semi Join/Nested Loop/Parallel Hash Join/Parallel Hash/Nested Loop/Parallel Hash Join/Parallel Hash/Nested Loop/Parallel Hash Join/Parallel Hash/Hash Join/Parallel Seq Scan,Parallel Seq Scan,Parallel Seq Scan,19,17,0,0,880,880
102,Aggregate/Nested Loop/Gather/Parallel Hash Join/Parallel Hash/Parallel Hash Join/Parallel Hash/Nested Loop/Parallel Hash Join/Parallel Hash/Nested Loop/Nested Loop/Parallel Hash Join/Parallel Hash/Nested Loop/Nested Loop/Parallel Hash Join/Parallel Hash/Hash Join/Hash/Nested Loop/Nested Loop/Hash Join/Hash/Seq Scan,Sort/GroupAggregate/Nested Loop/Nested Loop/Hash Join/Hash/Hash Join/Hash/Seq Scan,Seq Scan,Seq Scan,24,8,0,0,879,879
102,Aggregate/Nested Loop/Gather/Parallel Hash Join/Parallel Hash/Parallel Hash Join/Parallel Seq Scan,Sort/GroupAggregate/Nested Loop/Nested Loop/Gather Merge/Sort/Parallel Hash Semi Join/Parallel Hash/Parallel Seq Scan,Parallel Seq Scan,Parallel Seq Scan,6,8,0,0,885,885
102,Aggregate/Nested Loop/Index Scan,Sort/GroupAggregate/Nested Loop/Index Scan,Index Scan,Index Scan,2,3,0,0,874,874
103,Aggregate,Sort,Aggregate,Sort,0,0,0,0,900,900
103,Aggregate/Nested Loop/Nested Loop/Nested Loop/Gather/Nested Loop/Parallel Hash Join/Parallel Hash/Nested Loop/Parallel Hash Join/Parallel Hash/Parallel Hash Join/Parallel Hash/Hash Join/Parallel Seq Scan,Sort/GroupAggregate/Nested Loop Semi Join/Nested Loop/Gather Merge/Sort/Merge Join/Sort/Nested Loop/Parallel Hash Join/Parallel Hash/Nested Loop/Parallel Hash Join/Parallel Hash/Nested Loop/Parallel Hash Join/Parallel Hash/Hash Join/Parallel Seq Scan,Parallel Seq Scan,Parallel Seq Scan,14,18,0,0,896,896
103,Aggregate/Nested Loop/Nested Loop/Nested Loop/Gather/Nested Loop/Parallel Hash Join/Parallel Hash/Nested Loop/Parallel Hash Join/Parallel Hash/Parallel Hash Join/Parallel Hash/Hash Join/Hash/Nested Loop/Hash Join/Seq Scan,Sort/GroupAggregate/Nested Loop Semi Join/Nested Loop/Gather Merge/Sort/Merge Join/Sort/Hash Join/Hash/Hash Join/Seq Scan,Seq Scan,Seq Scan,17,11,0,0,894,894
103,Aggregate/Nested Loop/Nested Loop/Nested Loop/Gather/Nested Loop/Parallel Hash Join/Parallel Hash/Nested Loop/Parallel Hash Join/Parallel Hash/Parallel Hash Join/Parallel Hash/Hash Join/Hash/Nested Loop/Hash Join/Hash/Seq Scan,Sort/GroupAggregate/Nested Loop Semi Join/Nested Loop/Gather Merge/Sort/Merge Join/Sort/Hash Join/Hash/Hash Join/Hash/Seq Scan,Seq Scan,Seq Scan,18,12,0,0,895,895
103,Aggregate/Nested Loop/Index Scan,Sort/GroupAggregate/Nested Loop Semi Join/Nested Loop/Index Scan,Index Scan,Index Scan,2,4,0,0,890,890
103,Aggregate/Nested Loop/Nested Loop/Nested Loop/Gather/Nested Loop/Parallel Hash Join/Parallel Seq Scan,Sort/GroupAggregate/Nested Loop Semi Join/Nested Loop/Gather Merge/Sort/Merge Join/Sort/Nested Loop/Parallel Hash Join/Parallel Seq Scan,Parallel Seq Scan,Parallel Seq Scan,7,10,0,0,899,899
103,Aggregate/Nested Loop/Nested Loop/Nested Loop/Gather/Nested Loop/Parallel Hash Join/Parallel Hash/Nested Loop/Parallel Hash Join/Parallel Hash/Parallel Hash Join/Parallel Seq Scan,Sort/GroupAggregate/Nested Loop Semi Join/Nested Loop/Gather Merge/Sort/Merge Join/Sort/Nested Loop/Parallel Hash Join/Parallel Hash/Nested Loop/Parallel Hash Join/Parallel Hash/Nested Loop/Parallel Hash Join/Hash Join/Parallel Seq Scan,Parallel Seq Scan,Parallel Seq Scan,12,17,0,0,897,897
103,Aggregate/Nested Loop/Nested Loop/Index Scan,Sort/GroupAggregate/Nested Loop Semi Join/Nested Loop/Gather Merge/Sort/Merge Join/Sort/Nested Loop/Parallel Hash Join/Parallel Hash/Nested Loop/Index Scan,Index Scan,Index Scan,3,12,0,0,891,891
103,Aggregate/Nested Loop/Nested Loop/Nested Loop/Index Scan,Sort/GroupAggregate/Nested Loop Semi Join/Nested Loop/Gather Merge/Sort/Merge Join/Sort/Nested Loop/Parallel Hash Join/Parallel Hash/Nested Loop/Parallel Hash Join/Parallel Hash/Nested Loop/Index Scan,Index Scan,Index Scan,4,15,0,0,892,892
103,Aggregate/Nested Loop/Nested Loop/Nested Loop/Gather/Nested Loop/Index Scan,Sort/GroupAggregate/Nested Loop Semi Join/Nested Loop/Gather Merge/Sort/Merge Join/Sort/Nested Loop/Memoize/Index Scan,Index Scan,Index Scan,6,10,0,0,893,893
103,Aggregate/Nested Loop/Nested Loop/Nested Loop/Gather/Nested Loop/Parallel Hash Join/Parallel Hash/Nested Loop/Parallel Hash Join/Parallel Seq Scan,Sort/GroupAggregate/Nested Loop Semi Join/Nested Loop/Gather Merge/Sort/Merge Join/Sort/Nested Loop/Parallel Hash Join/Parallel Hash/Nested Loop/Parallel Hash Join/Parallel Seq Scan,Parallel Seq Scan,Parallel Seq Scan,10,13,0,0,898,898
104,Aggregate/Nested Loop/Nested Loop/Gather/Parallel Hash Join/Parallel Hash/Nested Loop/Parallel Hash Join/Parallel Seq Scan,Sort/GroupAggregate/Nested Loop Semi Join/Nested Loop/Gather Merge/Sort/Merge Join/Sort/Nested Loop/Parallel Hash Join/Parallel Hash/Nested Loop/Parallel Hash Join/Parallel Seq Scan,Parallel Seq Scan,Parallel Seq Scan,8,13,0,0,910,910
104,Aggregate/Nested Loop/Nested Loop/Index Scan,Sort/GroupAggregate/Nested Loop Semi Join/Nested Loop/Gather Merge/Sort/Merge Join/Sort/Nested Loop/Parallel Hash Join/Parallel Hash/Nested Loop/Index Scan,Index Scan,Index Scan,3,12,0,0,903,903
104,Aggregate,Sort,Aggregate,Sort,0,0,0,0,913,913
104,Aggregate/Nested Loop/Nested Loop/Gather/Parallel Hash Join/Parallel Seq Scan,Sort/GroupAggregate/Nested Loop Semi Join/Nested Loop/Gather Merge/Sort/Merge Join/Sort/Nested Loop/Parallel Hash Join/Parallel Seq Scan,Parallel Seq Scan,Parallel Seq Scan,5,10,0,0,911,911
104,Aggregate/Nested Loop/Nested Loop/Gather/Parallel Hash Join/Parallel Hash/Nested Loop/Parallel Hash Join/Parallel Hash/Nested Loop/Parallel Hash Join/Parallel Hash/Nested Loop/Hash Join/Hash Join/Hash/Hash Join/Seq Scan,Sort/GroupAggregate/Nested Loop Semi Join/Nested Loop/Gather Merge/Sort/Merge Join/Sort/Hash Join/Hash/Hash Join/Seq Scan,Seq Scan,Seq Scan,17,11,0,0,905,905
104,Aggregate/Nested Loop/Nested Loop/Gather/Parallel Hash Join/Parallel Hash/Nested Loop/Parallel Hash Join/Parallel Hash/Nested Loop/Index Scan,Sort/GroupAggregate/Nested Loop Semi Join/Nested Loop/Gather Merge/Sort/Merge Join/Sort/Nested Loop/Memoize/Index Scan,Index Scan,Index Scan,10,10,0,0,912,912
104,Aggregate/Nested Loop/Index Scan,Sort/GroupAggregate/Nested Loop Semi Join/Nested Loop/Index Scan,Index Scan,Index Scan,2,4,0,0,902,902
104,Aggregate/Nested Loop/Nested Loop/Gather/Parallel Hash Join/Parallel Hash/Nested Loop/Parallel Hash Join/Parallel Hash/Nested Loop/Parallel Hash Join/Parallel Hash/Nested Loop/Hash Join/Hash/Seq Scan,Sort/GroupAggregate/Nested Loop Semi Join/Nested Loop/Gather Merge/Sort/Merge Join/Sort/Hash Join/Hash/Hash Join/Hash/Seq Scan,Seq Scan,Seq Scan,15,12,0,0,906,906
104,Aggregate/Nested Loop/Nested Loop/Gather/Parallel Hash Join/Parallel Hash/Nested Loop/Parallel Hash Join/Parallel Hash/Nested Loop/Parallel Hash Join/Parallel Seq Scan,Sort/GroupAggregate/Nested Loop Semi Join/Nested Loop/Gather Merge/Sort/Merge Join/Sort/Nested Loop/Parallel Hash Join/Parallel Hash/Nested Loop/Parallel Hash Join/Parallel Hash/Nested Loop/Parallel Hash Join/Hash Join/Parallel Seq Scan,Parallel Seq Scan,Parallel Seq Scan,11,17,0,0,909,909
104,Aggregate/Nested Loop/Nested Loop/Gather/Parallel Hash Join/Parallel Hash/Nested Loop/Index Scan,Sort/GroupAggregate/Nested Loop Semi Join/Nested Loop/Gather Merge/Sort/Merge Join/Sort/Nested Loop/Parallel Hash Join/Parallel Hash/Nested Loop/Parallel Hash Join/Parallel Hash/Nested Loop/Index Scan,Index Scan,Index Scan,7,15,0,0,904,904
104,Aggregate/Nested Loop/Nested Loop/Gather/Parallel Hash Join/Parallel Hash/Nested Loop/Parallel Hash Join/Parallel Hash/Nested Loop/Parallel Hash Join/Parallel Hash/Nested Loop/Hash Join/Hash Join/Hash/Hash Join/Hash/Seq Scan,Sort/GroupAggregate/Nested Loop Semi Join/Nested Loop/Gather Merge/Sort/Merge Join/Sort/Hash Join/Hash Join/Hash/Seq Scan,Seq Scan,Seq Scan,18,11,0,0,907,907
104,Aggregate/Nested Loop/Nested Loop/Gather/Parallel Hash Join/Parallel Hash/Nested Loop/Parallel Hash Join/Parallel Hash/Nested Loop/Parallel Hash Join/Parallel Hash/Nested Loop/Hash Join/Hash Join/Parallel Seq Scan,Sort/GroupAggregate/Nested Loop Semi Join/Nested Loop/Gather Merge/Sort/Merge Join/Sort/Nested Loop/Parallel Hash Join/Parallel Hash/Nested Loop/Parallel Hash Join/Parallel Hash/Nested Loop/Parallel Hash Join/Parallel Hash/Hash Join/Parallel Seq Scan,Parallel Seq Scan,Parallel Seq Scan,15,18,0,0,908,908
105,Aggregate/Nested Loop/Gather/Parallel Hash Join/Parallel Hash/Nested Loop/Parallel Hash Join/Parallel Hash/Nested Loop/Nested Loop/Parallel Hash Join/Parallel Seq Scan,Sort/GroupAggregate/Sort/Nested Loop/Nested Loop/Nested Loop/Hash Join/Hash/Nested Loop/Nested Loop/Gather/Parallel Hash Join/Parallel Hash/Nested Loop/Parallel Hash Join/Hash Join/Parallel Seq Scan,Parallel Seq Scan,Parallel Seq Scan,11,16,0,0,923,923
105,Aggregate/Nested Loop/Gather/Parallel Hash Join/Parallel Hash/Nested Loop/Parallel Hash Join/Parallel Hash/Nested Loop/Nested Loop/Parallel Hash Join/Parallel Hash/Nested Loop/Hash Join/Hash Join/Parallel Seq Scan,Sort/GroupAggregate/Sort/Nested Loop/Nested Loop/Nested Loop/Hash Join/Hash/Nested Loop/Nested Loop/Gather/Parallel Hash Join/Parallel Hash/Nested Loop/Parallel Hash Join/Parallel Hash/Hash Join/Parallel Seq Scan,Parallel Seq Scan,Parallel Seq Scan,15,17,0,0,922,922
105,Aggregate,Sort,Aggregate,Sort,0,0,0,0,926,926
105,Aggregate/Nested Loop/Gather/Parallel Hash Join/Parallel Hash/Nested Loop/Parallel Hash Join/Parallel Hash/Nested Loop/Nested Loop/Memoize/Index Scan,Sort/GroupAggregate/Sort/Nested Loop/Nested Loop/Nested Loop/Hash Join/Hash/Nested Loop/Nested Loop/Gather/Parallel Hash Join/Parallel Hash/Nested Loop/Index Scan,Index Scan,Index Scan,11,14,0,0,925,925
105,Aggregate/Nested Loop/Gather/Parallel Hash Join/Parallel Hash/Nested Loop/Parallel Hash Join/Parallel Hash/Nested Loop/Nested Loop/Parallel Hash Join/Parallel Hash/Nested Loop/Hash Join/Hash Join/Hash/Hash Join/Hash/Seq Scan,Sort/GroupAggregate/Sort/Nested Loop/Nested Loop/Nested Loop/Hash Join/Hash/Nested Loop/Nested Loop/Gather/Parallel Hash Join/Parallel Hash/Nested Loop/Parallel Hash Join/Hash Join/Hash/Seq Scan,Seq Scan,Seq Scan,18,17,0,0,921,921
105,Aggregate/Nested Loop/Gather/Parallel Hash Join/Parallel Hash/Nested Loop/Parallel Hash Join/Parallel Hash/Nested Loop/Nested Loop/Parallel Hash Join/Parallel Hash/Nested Loop/Hash Join/Hash/Seq Scan,Sort/GroupAggregate/Sort/Nested Loop/Nested Loop/Nested Loop/Hash Join/Hash/Nested Loop/Nested Loop/Gather/Parallel Hash Join/Parallel Hash/Nested Loop/Parallel Hash Join/Parallel Hash/Hash Join/Hash/Seq Scan,Seq Scan,Seq Scan,15,18,0,0,920,920
105,Aggregate/Nested Loop/Gather/Parallel Hash Join/Parallel Hash/Nested Loop/Parallel Hash Join/Parallel Hash/Nested Loop/Nested Loop/Parallel Hash Join/Parallel Hash/Nested Loop/Hash Join/Hash Join/Hash/Hash Join/Seq Scan,Sort/GroupAggregate/Sort/Nested Loop/Nested Loop/Nested Loop/Hash Join/Hash/Nested Loop/Seq Scan,Seq Scan,Seq Scan,17,9,0,0,919,919
105,Aggregate/Nested Loop/Gather/Parallel Hash Join/Parallel Hash/Nested Loop/Parallel Hash Join/Parallel Hash/Nested Loop/Index Scan,Sort/GroupAggregate/Sort/Nested Loop/Nested Loop/Nested Loop/Hash Join/Hash/Nested Loop/Nested Loop/Index Scan,Index Scan,Index Scan,9,10,0,0,918,918
105,Aggregate/Nested Loop/Gather/Parallel Hash Join/Parallel Hash/Nested Loop/Index Scan,Sort/GroupAggregate/Sort/Nested Loop/Nested Loop/Nested Loop/Index Scan,Index Scan,Index Scan,6,6,0,0,917,917
105,Aggregate/Nested Loop/Gather/Parallel Hash Join/Parallel Hash/Nested Loop/Parallel Hash Join/Parallel Seq Scan,Sort/GroupAggregate/Sort/Nested Loop/Nested Loop/Nested Loop/Hash Join/Hash/Nested Loop/Nested Loop/Gather/Parallel Hash Join/Parallel Seq Scan,Parallel Seq Scan,Parallel Seq Scan,7,12,0,0,924,924
105,Aggregate/Nested Loop/Index Scan,Sort/GroupAggregate/Sort/Nested Loop/Index Scan,Index Scan,Index Scan,2,4,0,0,916,916
106,Aggregate/Gather/Nested Loop/Parallel Hash Join/Parallel Hash/Nested Loop/Nested Loop/Parallel Hash Join/Parallel Hash/Nested Loop/Parallel Hash Join/Parallel Hash/Parallel Hash Join/Parallel Hash/Hash Join/Parallel Seq Scan,Sort/GroupAggregate/Sort/Nested Loop/Nested Loop/Nested Loop/Hash Join/Hash/Nested Loop/Nested Loop/Gather/Parallel Hash Join/Parallel Hash/Nested Loop/Parallel Hash Join/Parallel Hash/Hash Join/Parallel Seq Scan,Parallel Seq Scan,Parallel Seq Scan,15,17,0,0,934,934
106,Aggregate/Gather/Nested Loop/Parallel Hash Join/Parallel Hash/Nested Loop/Nested Loop/Parallel Hash Join/Parallel Hash/Nested Loop/Parallel Hash Join/Parallel Hash/Parallel Hash Join/Hash Join/Hash/Seq Scan,Sort/GroupAggregate/Sort/Nested Loop/Nested Loop/Nested Loop/Hash Join/Hash/Nested Loop/Nested Loop/Gather/Parallel Hash Join/Parallel Hash/Nested Loop/Parallel Hash Join/Parallel Hash/Hash Join/Hash/Seq Scan,Seq Scan,Seq Scan,15,18,0,0,933,933
106,Aggregate/Gather/Nested Loop/Parallel Hash Join/Parallel Hash/Nested Loop/Nested Loop/Parallel Hash Join/Parallel Hash/Nested Loop/Parallel Hash Join/Parallel Hash/Parallel Hash Join/Parallel Hash/Hash Join/Hash/Seq Scan,Sort/GroupAggregate/Sort/Nested Loop/Nested Loop/Nested Loop/Hash Join/Hash/Nested Loop/Seq Scan,Seq Scan,Seq Scan,16,9,0,0,932,932
106,Aggregate/Gather/Nested Loop/Parallel Hash Join/Parallel Hash/Nested Loop/Nested Loop/Parallel Hash Join/Parallel Hash/Nested Loop/Index Scan,Sort/GroupAggregate/Sort/Nested Loop/Nested Loop/Nested Loop/Hash Join/Hash/Nested Loop/Nested Loop/Gather/Parallel Hash Join/Parallel Hash/Nested Loop/Index Scan,Index Scan,Index Scan,10,14,0,0,937,937
106,Aggregate/Gather/Nested Loop/Parallel Hash Join/Parallel Hash/Nested Loop/Index Scan,Sort/GroupAggregate/Sort/Nested Loop/Index Scan,Index Scan,Index Scan,6,4,0,0,929,929
106,Aggregate/Gather/Nested Loop/Parallel Hash Join/Parallel Hash/Nested Loop/Nested Loop/Parallel Hash Join/Parallel Hash/Nested Loop/Parallel Hash Join/Parallel Hash/Parallel Hash Join/Hash Join/Parallel Seq Scan,Sort/GroupAggregate/Sort/Nested Loop/Nested Loop/Nested Loop/Hash Join/Hash/Nested Loop/Nested Loop/Gather/Parallel Hash Join/Parallel Hash/Nested Loop/Parallel Hash Join/Hash Join/Parallel Seq Scan,Parallel Seq Scan,Parallel Seq Scan,14,16,0,0,935,935
106,Aggregate,Sort,Aggregate,Sort,0,0,0,0,938,938
106,Aggregate/Gather/Nested Loop/Parallel Hash Join/Parallel Hash/Nested Loop/Nested Loop/Index Scan,Sort/GroupAggregate/Sort/Nested Loop/Nested Loop/Nested Loop/Index Scan,Index Scan,Index Scan,7,6,0,0,930,930
106,Aggregate/Gather/Nested Loop/Memoize/Index Scan,Sort/GroupAggregate/Sort/Nested Loop/Nested Loop/Nested Loop/Hash Join/Hash/Nested Loop/Nested Loop/Index Scan,Index Scan,Index Scan,4,10,0,0,931,931
106,Aggregate/Gather/Nested Loop/Parallel Hash Join/Parallel Hash/Nested Loop/Nested Loop/Parallel Hash Join/Parallel Hash/Nested Loop/Parallel Hash Join/Parallel Seq Scan,Sort/GroupAggregate/Sort/Nested Loop/Nested Loop/Nested Loop/Hash Join/Hash/Nested Loop/Nested Loop/Gather/Parallel Hash Join/Parallel Seq Scan,Parallel Seq Scan,Parallel Seq Scan,11,12,0,0,936,936
107,Finalize Aggregate/Gather/Partial Aggregate/Nested Loop/Nested Loop/Parallel Hash Join/Parallel Hash/Nested Loop/Nested Loop/Parallel Hash Join/Parallel Hash/Parallel Hash Join/Hash Join/Hash/Seq Scan,Sort/GroupAggregate/Sort/Nested Loop/Nested Loop/Nested Loop/Hash Join/Hash/Nested Loop/Nested Loop/Gather/Parallel Hash Join/Parallel Hash/Nested Loop/Parallel Hash Join/Parallel Hash/Hash Join/Hash/Seq Scan,Seq Scan,Seq Scan,14,18,0,0,947,947
107,Finalize Aggregate/Gather/Partial Aggregate/Nested Loop/Nested Loop/Parallel Hash Join/Parallel Hash/Nested Loop/Nested Loop/Index Scan,Sort/GroupAggregate/Sort/Nested Loop/Nested Loop/Nested Loop/Hash Join/Hash/Nested Loop/Nested Loop/Gather/Parallel Hash Join/Parallel Hash/Nested Loop/Index Scan,Index Scan,Index Scan,9,14,0,0,948,948
107,Finalize Aggregate/Gather/Partial Aggregate/Nested Loop/Nested Loop/Index Scan,Sort/GroupAggregate/Sort/Nested Loop/Nested Loop/Nested Loop/Index Scan,Index Scan,Index Scan,5,6,0,0,941,941
107,Finalize Aggregate/Gather/Partial Aggregate/Nested Loop/Index Scan,Sort/GroupAggregate/Sort/Nested Loop/Index Scan,Index Scan,Index Scan,4,4,0,0,940,940
107,Finalize Aggregate/Gather/Partial Aggregate/Nested Loop/Nested Loop/Parallel Hash Join/Parallel Hash/Nested Loop/Nested Loop/Parallel Hash Join/Parallel Hash/Parallel Hash Join/Hash Join/Parallel Seq Scan,Sort/GroupAggregate/Sort/Nested Loop/Nested Loop/Nested Loop/Hash Join/Hash/Nested Loop/Nested Loop/Gather/Parallel Hash Join/Parallel Hash/Nested Loop/Parallel Hash Join/Hash Join/Parallel Seq Scan,Parallel Seq Scan,Parallel Seq Scan,13,16,0,0,944,944
107,Finalize Aggregate/Gather/Partial Aggregate/Nested Loop/Nested Loop/Parallel Hash Join/Parallel Hash/Nested Loop/Nested Loop/Parallel Hash Join/Parallel Seq Scan,Sort/GroupAggregate/Sort/Nested Loop/Nested Loop/Nested Loop/Hash Join/Hash/Nested Loop/Nested Loop/Gather/Parallel Hash Join/Parallel Seq Scan,Parallel Seq Scan,Parallel Seq Scan,10,12,0,0,945,945
107,Finalize Aggregate/Gather/Partial Aggregate/Nested Loop/Nested Loop/Parallel Hash Join/Parallel Hash/Nested Loop/Index Scan,Sort/GroupAggregate/Sort/Nested Loop/Nested Loop/Nested Loop/Hash Join/Hash/Nested Loop/Nested Loop/Index Scan,Index Scan,Index Scan,8,10,0,0,942,942
107,Finalize Aggregate/Gather/Partial Aggregate/Nested Loop/Nested Loop/Parallel Hash Join/Parallel Hash/Nested Loop/Nested Loop/Parallel Hash Join/Parallel Hash/Parallel Hash Join/Parallel Hash/Parallel Hash Join/Hash Join/Hash/Seq Scan,Sort/GroupAggregate/Sort/Nested Loop/Nested Loop/Nested Loop/Hash Join/Hash/Nested Loop/Seq Scan,Seq Scan,Seq Scan,16,9,0,0,946,946
107,Finalize Aggregate,Sort,Finalize Aggregate,Sort,0,0,0,0,949,949
107,Finalize Aggregate/Gather/Partial Aggregate/Nested Loop/Nested Loop/Parallel Hash Join/Parallel Hash/Nested Loop/Nested Loop/Parallel Hash Join/Parallel Hash/Parallel Hash Join/Parallel Hash/Parallel Hash Join/Hash Join/Parallel Seq Scan,Sort/GroupAggregate/Sort/Nested Loop/Nested Loop/Nested Loop/Hash Join/Hash/Nested Loop/Nested Loop/Gather/Parallel Hash Join/Parallel Hash/Nested Loop/Parallel Hash Join/Parallel Hash/Hash Join/Parallel Seq Scan,Parallel Seq Scan,Parallel Seq Scan,15,17,0,0,943,943
108,Aggregate/Gather/Nested Loop/Nested Loop/Parallel Hash Join/Parallel Hash/Nested Loop/Nested Loop/Parallel Hash Join/Parallel Hash/Parallel Hash Join/Parallel Hash/Parallel Hash Join/Hash Join/Parallel Seq Scan,Sort/GroupAggregate/Sort/Nested Loop/Nested Loop/Hash Join/Nested Loop/Hash Join/Gather/Parallel Hash Join/Parallel Hash/Nested Loop/Parallel Hash Join/Hash Join/Parallel Seq Scan,Parallel Seq Scan,Parallel Seq Scan,14,14,0,0,957,957
108,Aggregate/Gather/Nested Loop/Nested Loop/Parallel Hash Join/Parallel Hash/Nested Loop/Nested Loop/Parallel Hash Join/Parallel Hash/Parallel Hash Join/Parallel Hash/Parallel Hash Join/Parallel Hash/Hash Join/Parallel Seq Scan,Sort/GroupAggregate/Sort/Nested Loop/Nested Loop/Hash Join/Nested Loop/Hash Join/Gather/Parallel Hash Join/Parallel Hash/Nested Loop/Parallel Hash Join/Parallel Hash/Hash Join/Parallel Seq Scan,Parallel Seq Scan,Parallel Seq Scan,15,15,0,0,956,956
108,Aggregate/Gather/Nested Loop/Nested Loop/Parallel Hash Join/Parallel Hash/Nested Loop/Index Scan,Sort/GroupAggregate/Sort/Nested Loop/Nested Loop/Hash Join/Nested Loop/Index Scan,Index Scan,Index Scan,7,7,0,0,952,952
108,Aggregate/Gather/Nested Loop/Index Scan,Sort/GroupAggregate/Sort/Nested Loop/Nested Loop/Index Scan,Index Scan,Index Scan,3,5,0,0,951,951
108,Aggregate,Sort,Aggregate,Sort,0,0,0,0,959,959
108,Aggregate/Gather/Nested Loop/Nested Loop/Parallel Hash Join/Parallel Hash/Nested Loop/Nested Loop/Parallel Hash Join/Parallel Hash/Parallel Hash Join/Parallel Seq Scan,Sort/GroupAggregate/Sort/Nested Loop/Nested Loop/Hash Join/Nested Loop/Hash Join/Gather/Parallel Hash Join/Parallel Seq Scan,Parallel Seq Scan,Parallel Seq Scan,11,10,0,0,958,958
108,Aggregate/Gather/Nested Loop/Nested Loop/Parallel Hash Join/Parallel Hash/Nested Loop/Nested Loop/Parallel Hash Join/Parallel Hash/Parallel Hash Join/Parallel Hash/Parallel Hash Join/Parallel Hash/Hash Join/Hash/Seq Scan,Sort/GroupAggregate/Sort/Nested Loop/Nested Loop/Hash Join/Hash/Seq Scan,Seq Scan,Seq Scan,16,7,0,0,954,954
108,Aggregate/Gather/Nested Loop/Nested Loop/Parallel Hash Join/Parallel Hash/Nested Loop/Nested Loop/Parallel Hash Join/Parallel Hash/Parallel Hash Join/Parallel Hash/Parallel Hash Join/Hash Join/Hash/Seq Scan,Sort/GroupAggregate/Sort/Nested Loop/Nested Loop/Hash Join/Nested Loop/Hash Join/Hash/Seq Scan,Seq Scan,Seq Scan,15,9,0,0,955,955
108,Aggregate/Gather/Nested Loop/Nested Loop/Memoize/Index Scan,Sort/GroupAggregate/Sort/Nested Loop/Nested Loop/Hash Join/Nested Loop/Hash Join/Gather/Parallel Hash Join/Parallel Hash/Nested Loop/Index Scan,Index Scan,Index Scan,5,12,0,0,953,953
109,Finalize Aggregate,Sort,Finalize Aggregate,Sort,0,0,0,0,968,968
109,Finalize Aggregate/Gather/Partial Aggregate/Nested Loop/Nested Loop/Nested Loop/Index Scan,Sort/GroupAggregate/Sort/Nested Loop/Nested Loop/Hash Join/Nested Loop/Hash Join/Gather/Parallel Hash Join/Parallel Hash/Nested Loop/Index Scan,Index Scan,Index Scan,6,12,0,0,967,967
109,Finalize Aggregate/Gather/Partial Aggregate/Nested Loop/Nested Loop/Nested Loop/Hash Join/Hash Join/Parallel Seq Scan,Sort/GroupAggregate/Sort/Nested Loop/Nested Loop/Hash Join/Nested Loop/Hash Join/Gather/Parallel Hash Join/Parallel Hash/Nested Loop/Parallel Hash Join/Parallel Hash/Hash Join/Parallel Seq Scan,Parallel Seq Scan,Parallel Seq Scan,8,15,0,0,966,966
109,Finalize Aggregate/Gather/Partial Aggregate/Nested Loop/Nested Loop/Nested Loop/Hash Join/Hash/Seq Scan,Sort/GroupAggregate/Sort/Nested Loop/Nested Loop/Hash Join/Hash/Seq Scan,Seq Scan,Seq Scan,8,7,0,0,964,964
109,Finalize Aggregate/Gather/Partial Aggregate/Nested Loop/Index Scan,Sort/GroupAggregate/Sort/Nested Loop/Nested Loop/Index Scan,Index Scan,Index Scan,4,5,0,0,962,962
109,Finalize Aggregate/Gather/Partial Aggregate/Nested Loop/Nested Loop/Nested Loop/Hash Join/Hash Join/Hash/Seq Scan,Sort/GroupAggregate/Sort/Nested Loop/Nested Loop/Hash Join/Nested Loop/Hash Join/Hash/Seq Scan,Seq Scan,Seq Scan,9,9,0,0,965,965
109,Finalize Aggregate/Gather/Partial Aggregate/Nested Loop/Nested Loop/Index Scan,Sort/GroupAggregate/Sort/Nested Loop/Nested Loop/Hash Join/Nested Loop/Index Scan,Index Scan,Index Scan,5,7,0,0,963,963
110,Finalize Aggregate/Gather/Partial Aggregate/Nested Loop/Nested Loop/Nested Loop/Hash Join/Hash/Seq Scan,Sort/GroupAggregate/Sort/Nested Loop/Nested Loop/Hash Join/Hash/Seq Scan,Seq Scan,Seq Scan,8,7,0,0,973,973
110,Finalize Aggregate/Gather/Partial Aggregate/Nested Loop/Nested Loop/Nested Loop/Index Scan,Sort/GroupAggregate/Sort/Nested Loop/Nested Loop/Hash Join/Nested Loop/Hash Join/Gather/Parallel Hash Join/Parallel Hash/Nested Loop/Index Scan,Index Scan,Index Scan,6,12,0,0,976,976
110,Finalize Aggregate/Gather/Partial Aggregate/Nested Loop/Nested Loop/Nested Loop/Hash Join/Hash Join/Hash/Seq Scan,Sort/GroupAggregate/Sort/Nested Loop/Nested Loop/Hash Join/Nested Loop/Hash Join/Hash/Seq Scan,Seq Scan,Seq Scan,9,9,0,0,974,974
110,Finalize Aggregate/Gather/Partial Aggregate/Nested Loop/Nested Loop/Nested Loop/Hash Join/Hash Join/Parallel Seq Scan,Sort/GroupAggregate/Sort/Nested Loop/Nested Loop/Hash Join/Nested Loop/Hash Join/Gather/Parallel Hash Join/Parallel Hash/Nested Loop/Parallel Hash Join/Parallel Hash/Hash Join/Parallel Seq Scan,Parallel Seq Scan,Parallel Seq Scan,8,15,0,0,975,975
110,Finalize Aggregate/Gather/Partial Aggregate/Nested Loop/Nested Loop/Index Scan,Sort/GroupAggregate/Sort/Nested Loop/Nested Loop/Hash Join/Nested Loop/Index Scan,Index Scan,Index Scan,5,7,0,0,972,972
110,Finalize Aggregate,Sort,Finalize Aggregate,Sort,0,0,0,0,977,977
110,Finalize Aggregate/Gather/Partial Aggregate/Nested Loop/Index Scan,Sort/GroupAggregate/Sort/Nested Loop/Nested Loop/Index Scan,Index Scan,Index Scan,4,5,0,0,971,971
111,Aggregate/Nested Loop/Index Scan,Sort/GroupAggregate/Sort/Gather/Parallel Hash Join/Parallel Hash/Nested Loop/Index Scan,Index Scan,Index Scan,2,7,0,0,980,980
111,Aggregate/Nested Loop/Nested Loop/Gather/Parallel Hash Join/Parallel Hash/Nested Loop/Parallel Hash Join/Parallel Hash/Nested Loop/Nested Loop/Nested Loop/Parallel Hash Join/Parallel Hash/Nested Loop/Hash Join/Hash Join/Hash/Hash Join/Hash/Seq Scan,Sort/GroupAggregate/Sort/Gather/Parallel Hash Join/Parallel Hash/Nested Loop/Parallel Hash Join/Parallel Hash/Nested Loop/Hash Join/Hash Join/Hash/Seq Scan,Seq Scan,Seq Scan,20,13,0,0,984,984
111,Aggregate/Nested Loop/Nested Loop/Index Scan,Sort/GroupAggregate/Sort/Gather/Parallel Hash Join/Parallel Hash/Nested Loop/Parallel Hash Join/Parallel Hash/Nested Loop/Index Scan,Index Scan,Index Scan,3,10,0,0,981,981
111,Aggregate/Nested Loop/Nested Loop/Gather/Parallel Hash Join/Parallel Hash/Nested Loop/Parallel Hash Join/Parallel Hash/Nested Loop/Nested Loop/Nested Loop/Parallel Hash Join/Parallel Hash/Nested Loop/Hash Join/Hash Join/Hash/Hash Join/Seq Scan,Sort/GroupAggregate/Sort/Gather/Parallel Hash Join/Parallel Hash/Nested Loop/Parallel Hash Join/Parallel Hash/Nested Loop/Hash Join/Hash/Hash Join/Seq Scan,Seq Scan,Seq Scan,19,13,0,0,982,982
111,Aggregate/Nested Loop/Nested Loop/Gather/Parallel Hash Join/Parallel Hash/Nested Loop/Parallel Hash Join/Parallel Hash/Nested Loop/Nested Loop/Nested Loop/Parallel Hash Join/Parallel Hash/Nested Loop/Hash Join/Hash Join/Parallel Seq Scan,Sort/GroupAggregate/Sort/Gather/Parallel Hash Join/Parallel Hash/Nested Loop/Parallel Hash Join/Parallel Hash/Nested Loop/Hash Join/Hash Join/Parallel Seq Scan,Parallel Seq Scan,Parallel Seq Scan,17,12,0,0,985,985
111,Aggregate/Nested Loop/Nested Loop/Gather/Parallel Hash Join/Parallel Hash/Nested Loop/Parallel Hash Join/Parallel Hash/Nested Loop/Nested Loop/Nested Loop/Parallel Hash Join/Parallel Hash/Nested Loop/Hash Join/Hash/Seq Scan,Sort/GroupAggregate/Sort/Gather/Parallel Hash Join/Parallel Hash/Nested Loop/Parallel Hash Join/Parallel Hash/Nested Loop/Hash Join/Hash/Hash Join/Hash/Seq Scan,Seq Scan,Seq Scan,17,14,0,0,983,983
111,Aggregate,Sort,Aggregate,Sort,0,0,0,0,988,988
111,Aggregate/Nested Loop/Nested Loop/Gather/Parallel Hash Join/Parallel Hash/Nested Loop/Parallel Hash Join/Parallel Seq Scan,Sort/GroupAggregate/Sort/Gather/Parallel Hash Join/Parallel Seq Scan,Parallel Seq Scan,Parallel Seq Scan,8,5,0,0,987,987
111,Aggregate/Nested Loop/Nested Loop/Gather/Parallel Hash Join/Parallel Hash/Nested Loop/Parallel Hash Join/Parallel Hash/Nested Loop/Nested Loop/Nested Loop/Parallel Hash Join/Parallel Seq Scan,Sort/GroupAggregate/Sort/Gather/Parallel Hash Join/Parallel Hash/Nested Loop/Parallel Hash Join/Parallel Seq Scan,Parallel Seq Scan,Parallel Seq Scan,13,8,0,0,986,986
112,Aggregate/Nested Loop/Gather/Nested Loop/Parallel Hash Join/Parallel Hash/Nested Loop/Nested Loop/Parallel Hash Join/Parallel Hash/Nested Loop/Parallel Hash Join/Parallel Seq Scan,Sort/GroupAggregate/Sort/Gather/Parallel Hash Join/Parallel Hash/Nested Loop/Parallel Hash Join/Parallel Seq Scan,Parallel Seq Scan,Parallel Seq Scan,12,8,0,0,997,997
112,Aggregate/Nested Loop/Index Scan,Sort/GroupAggregate/Sort/Gather/Parallel Hash Join/Parallel Hash/Nested Loop/Index Scan,Index Scan,Index Scan,2,7,0,0,991,991
112,Aggregate/Nested Loop/Gather/Nested Loop/Index Scan,Sort/GroupAggregate/Sort/Gather/Parallel Hash Join/Parallel Hash/Nested Loop/Parallel Hash Join/Parallel Hash/Nested Loop/Index Scan,Index Scan,Index Scan,4,10,0,0,992,992
112,Aggregate/Nested Loop/Gather/Nested Loop/Parallel Hash Join/Parallel Hash/Nested Loop/Nested Loop/Parallel Hash Join/Parallel Seq Scan,Sort/GroupAggregate/Sort/Gather/Parallel Hash Join/Parallel Seq Scan,Parallel Seq Scan,Parallel Seq Scan,9,5,0,0,998,998
112,Aggregate,Sort,Aggregate,Sort,0,0,0,0,999,999
112,Aggregate/Nested Loop/Gather/Nested Loop/Parallel Hash Join/Parallel Hash/Nested Loop/Nested Loop/Parallel Hash Join/Parallel Hash/Nested Loop/Parallel Hash Join/Parallel Hash/Nested Loop/Nested Loop/Hash Join/Hash/Hash Join/Hash/Seq Scan,Sort/GroupAggregate/Sort/Gather/Parallel Hash Join/Parallel Hash/Nested Loop/Parallel Hash Join/Parallel Hash/Nested Loop/Hash Join/Hash Join/Hash/Seq Scan,Seq Scan,Seq Scan,19,13,0,0,995,995
112,Aggregate/Nested Loop/Gather/Nested Loop/Parallel Hash Join/Parallel Hash/Nested Loop/Nested Loop/Parallel Hash Join/Parallel Hash/Nested Loop/Parallel Hash Join/Parallel Hash/Nested Loop/Nested Loop/Hash Join/Parallel Seq Scan,Sort/GroupAggregate/Sort/Gather/Parallel Hash Join/Parallel Hash/Nested Loop/Parallel Hash Join/Parallel Hash/Nested Loop/Hash Join/Hash Join/Parallel Seq Scan,Parallel Seq Scan,Parallel Seq Scan,16,12,0,0,996,996
112,Aggregate/Nested Loop/Gather/Nested Loop/Parallel Hash Join/Parallel Hash/Nested Loop/Nested Loop/Parallel Hash Join/Parallel Hash/Nested Loop/Parallel Hash Join/Parallel Hash/Nested Loop/Nested Loop/Seq Scan,Sort/GroupAggregate/Sort/Gather/Parallel Hash Join/Parallel Hash/Nested Loop/Parallel Hash Join/Parallel Hash/Nested Loop/Hash Join/Hash/Hash Join/Seq Scan,Seq Scan,Seq Scan,15,13,0,0,993,993
112,Aggregate/Nested Loop/Gather/Nested Loop/Parallel Hash Join/Parallel Hash/Nested Loop/Nested Loop/Parallel Hash Join/Parallel Hash/Nested Loop/Parallel Hash Join/Parallel Hash/Nested Loop/Nested Loop/Materialize/Seq Scan,Sort/GroupAggregate/Sort/Gather/Parallel Hash Join/Parallel Hash/Nested Loop/Parallel Hash Join/Parallel Hash/Nested Loop/Hash Join/Hash/Hash Join/Hash/Seq Scan,Seq Scan,Seq Scan,16,14,0,0,994,994
113,Aggregate/Gather/Nested Loop/Nested Loop/Index Scan,Sort/GroupAggregate/Sort/Nested Loop/Gather/Parallel Hash Join/Parallel Hash/Parallel Hash Join/Parallel Hash/Nested Loop/Index Scan,Index Scan,Index Scan,4,10,0,0,1002,1002
113,Aggregate/Gather/Nested Loop/Index Scan,Sort/GroupAggregate/Sort/Nested Loop/Index Scan,Index Scan,Index Scan,3,4,0,0,1001,1001
113,Aggregate/Gather/Nested Loop/Nested Loop/Nested Loop/Parallel Hash Join/Parallel Hash/Nested Loop/Parallel Hash Join/Parallel Hash/Nested Loop/Parallel Hash Join/Parallel Hash/Nested Loop/Nested Loop/Hash Join/Hash/Nested Loop/Hash Join/Hash/Seq Scan,Sort/GroupAggregate/Sort/Nested Loop/Gather/Parallel Hash Join/Parallel Hash/Parallel Hash Join/Parallel Hash/Nested Loop/Hash Join/Hash/Hash Join/Hash/Seq Scan,Seq Scan,Seq Scan,20,14,0,0,1004,1004
113,Aggregate/Gather/Nested Loop/Nested Loop/Nested Loop/Parallel Hash Join/Parallel Hash/Nested Loop/Parallel Hash Join/Parallel Hash/Nested Loop/Parallel Hash Join/Parallel Seq Scan,Sort/GroupAggregate/Sort/Nested Loop/Gather/Parallel Hash Join/Parallel Hash/Parallel Hash Join/Parallel Seq Scan,Parallel Seq Scan,Parallel Seq Scan,12,8,0,0,1006,1006
113,Aggregate/Gather/Nested Loop/Nested Loop/Nested Loop/Parallel Hash Join/Parallel Hash/Nested Loop/Parallel Hash Join/Parallel Seq Scan,Sort/GroupAggregate/Sort/Nested Loop/Gather/Parallel Hash Join/Parallel Seq Scan,Parallel Seq Scan,Parallel Seq Scan,9,6,0,0,1007,1007
113,Aggregate/Gather/Nested Loop/Nested Loop/Nested Loop/Parallel Hash Join/Parallel Hash/Nested Loop/Parallel Hash Join/Parallel Hash/Nested Loop/Parallel Hash Join/Parallel Hash/Nested Loop/Nested Loop/Hash Join/Parallel Seq Scan,Sort/GroupAggregate/Sort/Nested Loop/Gather/Parallel Hash Join/Parallel Hash/Parallel Hash Join/Parallel Hash/Nested Loop/Hash Join/Hash Join/Parallel Seq Scan,Parallel Seq Scan,Parallel Seq Scan,16,12,0,0,1005,1005
113,Aggregate,Sort,Aggregate,Sort,0,0,0,0,1008,1008
113,Aggregate/Gather/Nested Loop/Nested Loop/Nested Loop/Parallel Hash Join/Parallel Hash/Nested Loop/Parallel Hash Join/Parallel Hash/Nested Loop/Parallel Hash Join/Parallel Hash/Nested Loop/Nested Loop/Hash Join/Hash/Nested Loop/Hash Join/Seq Scan,Sort/GroupAggregate/Sort/Nested Loop/Gather/Parallel Hash Join/Parallel Hash/Parallel Hash Join/Parallel Hash/Nested Loop/Hash Join/Hash/Hash Join/Seq Scan,Seq Scan,Seq Scan,19,13,0,0,1003,1003
